timestamp,server_id,cpu_usage,memory_usage,api_latency,transaction_count,error_rate,system_status,is_anomaly,anomaly
2026-04-21 22:02:33.224808,server_2,49.6,54.961714077049706,187.6,292,1.992,running,0,0
2026-04-21 22:03:33.224808,server_2,72.05,46.29003605768979,242.3,282,1.841,running,1,1
2026-04-21 22:04:33.224808,server_4,39.25,66.30252414192553,146.5,155,1.785,running,0,0
2026-04-21 22:05:33.224808,server_3,49.45,63.11361219536055,144.7,149,1.989,running,0,0
2026-04-21 22:06:33.224808,server_2,49.05,61.82404908389018,184.3,281,1.981,running,0,0
2026-04-21 22:07:33.224808,server_3,52.8,51.79616208794659,164.8,216,2.056,running,0,0
2026-04-21 22:08:33.224808,server_2,42.3,44.68640749072304,143.8,146,1.846,running,0,0
2026-04-21 22:09:33.224808,server_1,41.8,71.55254890348814,182.8,276,1.836,running,0,0
2026-04-21 22:10:33.224808,server_2,49.7,45.53691842067641,188.2,294,1.994,running,0,0
2026-04-21 22:11:33.224808,server_4,42.1,56.0349099465882,163.6,212,1.842,running,0,0
2026-04-21 22:12:33.224808,server_1,39.4,48.27555446445483,168.39999999999998,228,1.7879999999999998,running,0,0
2026-04-21 22:13:33.224808,server_1,38.6,46.1561189298008,163.6,212,1.772,running,0,0
2026-04-21 22:14:33.224808,server_2,47.95,68.69293893987648,177.7,259,1.959,running,0,0
2026-04-21 22:15:33.224808,server_3,54.8,68.16233291587099,176.8,256,2.096,running,0,0
2026-04-21 22:16:33.224808,server_3,57.85,47.72386906115454,195.1,317,2.157,running,0,0
2026-04-21 22:17:33.224808,server_2,45.6,65.66428835047981,163.6,212,1.912,running,0,0
2026-04-21 22:18:33.224808,server_2,47.8,46.706555964603936,176.8,256,1.956,running,0,0
2026-04-21 22:19:33.224808,server_3,51.3,65.92802413198575,155.8,186,2.026,running,0,0
2026-04-21 22:20:33.224808,server_2,48.3,53.693447741344535,179.8,266,1.966,running,0,0
2026-04-21 22:21:33.224808,server_4,42.1,56.43408942844865,163.6,212,1.842,running,0,0
2026-04-21 22:22:33.224808,server_2,50.2,58.09280096437766,191.2,304,2.004,running,0,0
2026-04-21 22:23:33.224808,server_1,39.6,74.29155281272246,169.6,232,1.792,running,0,0
2026-04-21 22:24:33.224808,server_1,43.45,64.09063462479092,196.35,309,3.9476,running,1,1
2026-04-21 22:25:33.224808,server_2,49.8,45.74134994225955,188.8,296,1.996,running,0,0
2026-04-21 22:26:33.224808,server_4,45.5,71.57655529098687,184.0,280,1.91,running,0,0
2026-04-21 22:27:33.224808,server_1,41.0,54.20586104848121,178.0,260,1.82,running,0,0
2026-04-21 22:28:33.224808,server_4,47.95,54.74042001610958,198.7,329,1.959,running,0,0
2026-04-21 22:29:33.224808,server_4,46.3,46.78249570059975,188.8,296,1.926,running,0,0
2026-04-21 22:30:33.224808,server_2,43.25,56.60438711459653,174.75,165,3.946,running,1,1
2026-04-21 22:31:33.224808,server_2,47.8,57.07653170474751,176.8,256,1.956,running,0,0
2026-04-21 22:32:33.224808,server_4,43.05,65.06016907479864,169.3,231,1.861,running,0,0
2026-04-21 22:33:33.224808,server_1,40.25,44.77444093438605,173.5,245,1.805,running,0,0
2026-04-21 22:34:33.224808,server_2,49.95,81.56715398047703,189.7,299,1.999,running,0,0
2026-04-21 22:35:33.224808,server_3,52.75,66.16705277647864,164.5,215,2.055,running,0,0
2026-04-21 22:36:33.224808,server_3,54.55,55.32779531478949,175.3,251,2.091,running,0,0
2026-04-21 22:37:33.224808,server_3,57.2,58.41351183111879,191.2,304,2.144,running,0,0
2026-04-21 22:38:33.224808,server_2,45.45,60.2517802147405,162.7,209,1.909,running,0,0
2026-04-21 22:39:33.224808,server_4,42.0,70.8261796692999,163.0,210,1.84,running,0,0
2026-04-21 22:40:33.224808,server_2,42.8,50.08465372245247,146.8,156,1.856,running,0,0
2026-04-21 22:41:33.224808,server_2,42.3,58.61591676146546,143.8,146,1.846,running,0,0
2026-04-21 22:42:33.224808,server_4,48.35,62.07236044665172,201.1,337,1.967,running,0,0
2026-04-21 22:43:33.224808,server_1,43.4,74.82534640995267,192.4,308,1.868,running,0,0
2026-04-21 22:44:33.224808,server_4,45.35,56.31282742354455,183.1,277,1.907,running,0,0
2026-04-21 22:45:33.224808,server_2,46.35,57.14514365008137,168.1,227,1.927,running,0,0
2026-04-21 22:46:33.224808,server_2,50.15,74.03046439513126,190.9,303,2.003,running,0,0
2026-04-21 22:47:33.224808,server_3,58.8,51.74718592473275,200.8,336,2.176,running,0,0
2026-04-21 22:48:33.224808,server_4,38.8,61.52399693623341,143.8,146,1.7759999999999998,running,0,0
2026-04-21 22:49:33.224808,server_1,41.55,37.8951067300807,181.3,271,1.831,running,0,0
2026-04-21 22:50:33.224808,server_2,44.0,68.54840859763597,154.0,180,1.88,running,0,0
2026-04-21 22:51:33.224808,server_2,50.7,81.12900022478952,194.2,314,2.014,running,0,0
2026-04-21 22:52:33.224808,server_4,42.35,55.14622433333779,165.1,217,1.847,running,0,0
2026-04-21 22:53:33.224808,server_1,36.05,62.590702262282655,148.3,161,1.721,running,0,1
2026-04-21 22:54:33.224808,server_4,39.5,55.6985620775382,148.0,160,1.79,running,0,0
2026-04-21 22:55:33.224808,server_4,40.6,57.54060096011769,154.6,182,1.812,running,0,0
2026-04-21 22:56:33.224808,server_3,49.05,67.91793657008363,142.3,141,1.981,running,0,0
2026-04-21 22:57:33.224808,server_2,48.15,60.31334320040022,178.89999999999998,263,1.963,running,0,0
2026-04-21 22:58:33.224808,server_1,39.5,76.76918517250787,169.0,230,1.79,running,0,0
2026-04-21 22:59:33.224808,server_3,49.75,85.52255389346176,173.25,155,3.9979999999999998,running,1,1
2026-04-21 23:00:33.224808,server_2,50.8,61.33186813302187,194.8,316,2.016,running,0,0
2026-04-21 23:01:33.224808,server_3,57.4,52.42403946917087,192.4,308,2.148,running,0,0
2026-04-21 23:02:33.224808,server_1,39.4,63.99423596279792,168.39999999999998,228,1.7879999999999998,running,0,0
2026-04-21 23:03:33.224808,server_4,40.45,67.85268783728077,153.7,179,1.809,running,0,0
2026-04-21 23:04:33.224808,server_4,45.2,55.57858942301568,182.2,274,1.904,running,0,0
2026-04-21 23:05:33.224808,server_3,54.45,68.5702875300444,174.7,249,2.089,running,0,0
2026-04-21 23:06:33.224808,server_3,53.4,67.03347992134172,168.39999999999998,228,2.068,running,0,0
2026-04-21 23:07:33.224808,server_3,59.0,51.09037552885339,202.0,340,2.18,running,0,0
2026-04-21 23:08:33.224808,server_4,44.9,40.001014115829705,180.4,268,1.898,running,0,0
2026-04-21 23:09:33.224808,server_2,43.3,63.76693640521003,149.8,166,1.866,running,0,0
2026-04-21 23:10:33.224808,server_3,58.7,54.29643127036592,200.2,334,2.1740000000000004,running,0,0
2026-04-21 23:11:33.224808,server_4,47.55,53.8867491821545,196.3,321,1.951,running,0,0
2026-04-21 23:12:33.224808,server_4,42.4,70.20891040541184,165.39999999999998,218,1.848,running,0,0
2026-04-21 23:13:33.224808,server_3,54.35,54.65109203167689,174.1,247,2.087,running,0,0
2026-04-21 23:14:33.224808,server_4,46.1,65.09177711274049,187.6,292,1.922,running,0,0
2026-04-21 23:15:33.224808,server_4,45.85,78.19625061123303,186.1,287,1.917,running,0,0
2026-04-21 23:16:33.224808,server_3,50.15,58.83361397540062,148.9,163,2.003,running,0,0
2026-04-21 23:17:33.224808,server_1,35.3,68.25833165068973,143.8,146,1.706,running,0,1
2026-04-21 23:18:33.224808,server_3,58.45,68.70103099390457,198.7,329,2.169,running,0,0
2026-04-21 23:19:33.224808,server_2,46.5,59.0865998395214,169.0,230,1.93,running,0,0
2026-04-21 23:20:33.224808,server_1,41.05,62.9029184704877,178.3,261,1.821,running,0,0
2026-04-21 23:21:33.224808,server_4,46.75,46.0836157652971,191.5,305,1.935,running,0,0
2026-04-21 23:22:33.224808,server_3,55.75,64.91987241870588,182.5,275,2.115,running,0,0
2026-04-21 23:23:33.224808,server_2,47.0,63.237574556962656,172.0,240,1.94,running,0,0
2026-04-21 23:24:33.224808,server_3,49.0,59.72293354836509,142.0,140,1.98,running,0,1
2026-04-21 23:25:33.224808,server_4,47.35,79.51170403765754,195.1,317,1.947,running,0,0
2026-04-21 23:26:33.224808,server_3,54.7,61.53816215762483,176.2,254,2.0940000000000003,running,0,0
2026-04-21 23:27:33.224808,server_1,44.900000000000006,74.94733858071113,201.4,338,1.898,running,0,0
2026-04-21 23:28:33.224808,server_2,50.5,56.07722881859884,193.0,310,2.01,running,0,0
2026-04-21 23:29:33.224808,server_2,51.8,69.1147850739278,200.8,336,2.036,running,0,0
2026-04-21 23:30:33.224808,server_3,54.5,59.71689819542872,175.0,250,2.09,running,0,0
2026-04-21 23:31:33.224808,server_3,57.5,58.803195388223294,193.0,310,2.15,running,0,0
2026-04-21 23:32:33.224808,server_2,48.65,57.734916125319465,181.9,273,1.973,running,0,0
2026-04-21 23:33:33.224808,server_4,47.1,59.25448521708945,193.6,312,1.942,running,0,0
2026-04-21 23:34:33.224808,server_3,54.0,59.45535086922256,172.0,240,2.08,running,0,0
2026-04-21 23:35:33.224808,server_4,42.6,61.26444948297673,166.6,222,1.852,running,0,0
2026-04-21 23:36:33.224808,server_3,51.55,62.25637951169816,157.3,191,2.031,running,0,0
2026-04-21 23:37:33.224808,server_1,42.45,72.5603849522226,186.7,289,1.849,running,0,0
2026-04-21 23:38:33.224808,server_2,44.1,44.18797252012397,154.6,182,1.882,running,0,0
2026-04-21 23:39:33.224808,server_4,46.35,64.73366807772402,189.1,297,1.927,running,0,0
2026-04-21 23:40:33.224808,server_3,58.2,56.36206003144207,197.2,324,2.164,running,0,0
2026-04-21 23:41:33.224808,server_3,59.35,51.56947388972219,204.1,347,2.1870000000000003,running,0,0
2026-04-21 23:42:33.224808,server_1,41.2,45.84931678252441,179.2,264,1.824,running,0,0
2026-04-21 23:43:33.224808,server_1,44.2,52.2062509071381,197.2,324,1.884,running,0,0
2026-04-21 23:44:33.224808,server_1,42.55,65.08347472235829,187.3,291,1.851,running,0,0
2026-04-21 23:45:33.224808,server_3,57.65,52.42135294519122,193.9,313,2.153,running,0,0
2026-04-21 23:46:33.224808,server_4,48.95,58.93396149850423,204.7,349,1.979,running,0,0
2026-04-21 23:47:33.224808,server_3,54.95,60.505162320090754,177.7,259,2.099,running,0,0
2026-04-21 23:48:33.224808,server_3,54.9,59.66592629868799,177.39999999999998,258,2.098,running,0,0
2026-04-21 23:49:33.224808,server_2,49.1,41.07292702751914,184.6,282,1.982,running,0,0
2026-04-21 23:50:33.224808,server_4,43.4,49.45838930825927,171.39999999999998,238,1.868,running,0,0
2026-04-21 23:51:33.224808,server_1,39.45,66.87857398090273,168.7,229,1.789,running,0,0
2026-04-21 23:52:33.224808,server_1,35.95,62.49162119025623,147.7,159,1.719,running,0,1
2026-04-21 23:53:33.224808,server_4,79.85,47.57463671400868,150.1,501,2.7188,running,1,1
2026-04-21 23:54:33.224808,server_1,44.8,58.49247885164086,200.8,336,1.896,running,0,0
2026-04-21 23:55:33.224808,server_1,70.1,58.78575332481402,272.6,484,1.802,running,1,1
2026-04-21 23:56:33.224808,server_1,41.3,50.19702926203834,179.8,266,1.826,running,0,0
2026-04-21 23:57:33.224808,server_1,43.45,66.48787907071718,192.7,309,1.869,running,0,0
2026-04-21 23:58:33.224808,server_4,43.95,79.52881205064892,174.7,249,1.879,running,0,0
2026-04-21 23:59:33.224808,server_3,52.3,50.40250654248645,161.8,206,2.0460000000000003,running,0,0
2026-04-22 00:00:33.224808,server_1,43.9,48.08304401617955,195.4,318,1.878,running,0,0
2026-04-22 00:01:33.224808,server_2,49.55,64.08738256457193,187.3,291,1.991,running,0,0
2026-04-22 00:02:33.224808,server_1,37.6,66.83716063275297,157.6,192,1.752,running,0,0
2026-04-22 00:03:33.224808,server_2,43.15,49.40059880194017,148.9,163,1.863,running,0,0
2026-04-22 00:04:33.224808,server_4,43.6,58.71341338607084,172.6,242,1.872,running,0,0
2026-04-22 00:05:33.224808,server_4,46.25,52.7740010414628,188.5,295,1.925,running,0,0
2026-04-22 00:06:33.224808,server_3,55.85,82.00365321655636,183.1,277,2.117,running,0,0
2026-04-22 00:07:33.224808,server_4,42.35,41.73064210742949,165.1,217,1.847,running,0,0
2026-04-22 00:08:33.224808,server_3,84.8,48.35929599998062,276.8,512,2.096,running,1,1
2026-04-22 00:09:33.224808,server_2,49.2,61.9738329286163,185.2,284,1.984,running,0,0
2026-04-22 00:10:33.224808,server_2,43.05,66.77855909257701,148.3,161,1.861,running,0,0
2026-04-22 00:11:33.224808,server_4,76.5,50.44842644404012,290.0,600,1.93,running,1,1
2026-04-22 00:12:33.224808,server_4,40.85,66.42487072358624,156.1,187,1.817,running,0,0
2026-04-22 00:13:33.224808,server_4,41.15,52.684893412456105,157.9,193,1.823,running,0,0
2026-04-22 00:14:33.224808,server_2,42.85,55.85240054762156,147.1,157,1.857,running,0,0
2026-04-22 00:15:33.224808,server_4,43.75,69.80971094956487,173.5,245,1.875,running,0,0
2026-04-22 00:16:33.224808,server_4,42.7,39.238881659284864,167.2,224,1.854,running,0,0
2026-04-22 00:17:33.224808,server_2,48.85,78.94515165033836,183.1,277,1.977,running,0,0
2026-04-22 00:18:33.224808,server_2,47.2,64.35979722650056,173.2,244,1.944,running,0,0
2026-04-22 00:19:33.224808,server_2,83.15,70.15672835422221,148.9,489,2.7452000000000005,running,1,1
2026-04-22 00:20:33.224808,server_4,42.6,67.05833100085711,166.6,222,1.852,running,0,0
2026-04-22 00:21:33.224808,server_1,36.15,53.81024651242269,148.9,163,1.723,running,0,1
2026-04-22 00:22:33.224808,server_2,50.5,55.852197784334834,193.0,310,2.01,running,0,0
2026-04-22 00:23:33.224808,server_1,43.35,60.13090475435426,192.1,307,1.867,running,0,0
2026-04-22 00:24:33.224808,server_4,48.4,67.09530716975917,201.4,338,1.968,running,0,0
2026-04-22 00:25:33.224808,server_1,38.6,64.51078853036408,163.6,212,1.772,running,0,0
2026-04-22 00:26:33.224808,server_4,42.85,60.45561116358208,168.1,227,1.857,running,0,0
2026-04-22 00:27:33.224808,server_2,51.85,76.91731449287622,201.1,337,2.037,running,0,0
2026-04-22 00:28:33.224808,server_1,35.8,76.32089748327384,146.8,156,1.716,running,0,1
2026-04-22 00:29:33.224808,server_3,57.75,63.43356570924604,194.5,315,2.155,running,0,0
2026-04-22 00:30:33.224808,server_3,55.75,62.63408264198729,182.5,275,2.115,running,0,0
2026-04-22 00:31:33.224808,server_4,41.35,55.70154386998058,159.1,197,1.827,running,0,0
2026-04-22 00:32:33.224808,server_2,46.9,54.6427992268529,171.39999999999998,238,1.938,running,0,0
2026-04-22 00:33:33.224808,server_1,40.8,54.78606739614374,176.8,256,1.816,running,0,0
2026-04-22 00:34:33.224808,server_3,55.4,35.661738753415065,180.4,268,2.108,running,0,0
2026-04-22 00:35:33.224808,server_4,42.1,48.191513341652325,181.8,212,3.9368000000000003,running,1,1
2026-04-22 00:36:33.224808,server_1,42.2,62.197401276151126,185.2,284,1.844,running,0,0
2026-04-22 00:37:33.224808,server_3,49.8,43.22630384053826,146.8,156,1.996,running,0,0
2026-04-22 00:38:33.224808,server_1,43.25,54.998019572327415,191.5,305,1.865,running,0,0
2026-04-22 00:39:33.224808,server_1,44.3,53.02226320517245,197.8,326,1.886,running,0,0
2026-04-22 00:40:33.224808,server_2,48.85,60.75207403345508,183.1,277,1.977,running,0,0
2026-04-22 00:41:33.224808,server_2,42.55,57.319971000950176,145.3,151,1.851,running,0,0
2026-04-22 00:42:33.224808,server_3,49.5,46.37778350039431,145.0,150,1.99,running,0,0
2026-04-22 00:43:33.224808,server_4,48.2,62.238640918091214,200.2,334,1.964,running,0,0
2026-04-22 00:44:33.224808,server_2,42.05,62.51945271225111,142.3,141,1.841,running,0,0
2026-04-22 00:45:33.224808,server_3,53.4,56.50814914852944,168.39999999999998,228,2.068,running,0,0
2026-04-22 00:46:33.224808,server_3,89.35,37.17768107874007,152.05,694,2.1870000000000003,running,1,1
2026-04-22 00:47:33.224808,server_2,44.35,45.354847816593015,156.1,187,1.887,running,0,0
2026-04-22 00:48:33.224808,server_1,40.65,59.62419427469814,175.89999999999998,253,1.813,running,0,0
2026-04-22 00:49:33.224808,server_3,54.55,64.28405173083873,175.3,251,2.091,running,0,0
2026-04-22 00:50:33.224808,server_1,38.9,57.6460524929868,165.39999999999998,218,1.778,running,0,0
2026-04-22 00:51:33.224808,server_4,41.15,45.846694700701526,178.95,193,3.9292000000000002,running,1,1
2026-04-22 00:52:33.224808,server_4,48.65,56.33174377511967,202.9,343,1.973,running,0,0
2026-04-22 00:53:33.224808,server_3,50.8,56.49325272245641,152.8,176,2.016,running,0,0
2026-04-22 00:54:33.224808,server_1,37.0,68.89346523274783,154.0,180,1.74,running,0,0
2026-04-22 00:55:33.224808,server_1,39.75,37.44352436805053,170.5,235,1.795,running,0,0
2026-04-22 00:56:33.224808,server_4,43.05,71.67807460171288,169.3,231,1.861,running,0,0
2026-04-22 00:57:33.224808,server_1,44.55,62.42914772457866,199.3,331,1.891,running,0,0
2026-04-22 00:58:33.224808,server_3,58.45,66.8834471362398,198.7,329,2.169,running,0,0
2026-04-22 00:59:33.224808,server_4,44.05,55.29051748033093,175.3,251,1.881,running,0,0
2026-04-22 01:00:33.224808,server_2,45.25,38.53022960398719,161.5,205,1.905,running,0,0
2026-04-22 01:01:33.224808,server_3,59.150000000000006,51.44177777244303,202.9,343,2.183,running,0,0
2026-04-22 01:02:33.224808,server_1,40.9,50.45797709578791,177.39999999999998,258,1.818,running,0,0
2026-04-22 01:03:33.224808,server_1,41.3,60.80161544838596,179.8,266,1.826,running,0,0
2026-04-22 01:04:33.224808,server_1,35.8,72.15590267908178,146.8,156,1.716,running,0,1
2026-04-22 01:05:33.224808,server_1,45.25,60.16708035529565,203.5,345,1.905,running,0,0
2026-04-22 01:06:33.224808,server_3,51.85,52.93406487817636,159.1,197,2.037,running,0,0
2026-04-22 01:07:33.224808,server_3,52.3,64.75589249610071,161.8,206,2.0460000000000003,running,0,0
2026-04-22 01:08:33.224808,server_1,38.5,51.3774801626455,163.0,210,1.77,running,0,0
2026-04-22 01:09:33.224808,server_4,44.8,60.727573437428624,179.8,266,1.896,running,0,0
2026-04-22 01:10:33.224808,server_2,43.0,66.86703559237449,148.0,160,1.86,running,0,0
2026-04-22 01:11:33.224808,server_1,44.8,47.38857282460329,200.8,336,1.896,running,0,0
2026-04-22 01:12:33.224808,server_3,51.8,52.23605590375023,158.8,196,2.036,running,0,0
2026-04-22 01:13:33.224808,server_4,38.85,56.02709070808216,144.1,147,1.777,running,0,0
2026-04-22 01:14:33.224808,server_1,42.95,75.3074654953928,189.7,299,1.859,running,0,0
2026-04-22 01:15:33.224808,server_3,54.6,65.7668530698404,175.6,252,2.092,running,0,0
2026-04-22 01:16:33.224808,server_3,54.95,57.72644703863862,177.7,259,2.099,running,0,0
2026-04-22 01:17:33.224808,server_4,48.15,55.36352346388436,199.9,333,1.963,running,0,0
2026-04-22 01:18:33.224808,server_2,52.400000000000006,64.00399369245241,204.4,348,2.048,running,0,0
2026-04-22 01:19:33.224808,server_2,80.6,62.13634813203928,293.6,624,2.012,running,1,1
2026-04-22 01:20:33.224808,server_1,44.5,47.44599614081915,199.0,330,1.89,running,0,0
2026-04-22 01:21:33.224808,server_4,47.95,55.47935048528935,198.7,329,1.959,running,0,0
2026-04-22 01:22:33.224808,server_3,58.6,60.9343953940189,199.6,332,2.172,running,0,0
2026-04-22 01:23:33.224808,server_2,51.8,75.54675414176926,200.8,336,2.036,running,0,0
2026-04-22 01:24:33.224808,server_4,45.95,60.02421595315666,186.7,289,1.919,running,0,0
2026-04-22 01:25:33.224808,server_2,43.15,55.03884430546648,148.9,163,1.863,running,0,0
2026-04-22 01:26:33.224808,server_4,79.55,67.3309954394457,148.3,483,2.7164,running,1,1
2026-04-22 01:27:33.224808,server_4,41.8,66.98329589879116,161.8,206,1.836,running,0,0
2026-04-22 01:28:33.224808,server_2,49.2,62.50437054374772,185.2,284,1.984,running,0,0
2026-04-22 01:29:33.224808,server_4,39.2,52.35518271533143,146.2,154,1.7839999999999998,running,0,0
2026-04-22 01:30:33.224808,server_3,57.05,46.72708291136957,190.3,301,2.141,running,0,0
2026-04-22 01:31:33.224808,server_3,52.8,74.18470249743562,164.8,216,2.056,running,0,0
2026-04-22 01:32:33.224808,server_2,50.15,60.59897831847162,190.9,303,2.003,running,0,0
2026-04-22 01:33:33.224808,server_3,55.45,39.81438473917639,180.7,269,2.109,running,0,0
2026-04-22 01:34:33.224808,server_2,49.25,75.98435586990043,185.5,285,1.985,running,0,0
2026-04-22 01:35:33.224808,server_4,40.3,58.60348462087059,152.8,176,1.806,running,0,0
2026-04-22 01:36:33.224808,server_4,44.9,56.08763392836739,180.4,268,1.898,running,0,0
2026-04-22 01:37:33.224808,server_4,46.95,56.22951271216344,192.7,309,1.939,running,0,0
2026-04-22 01:38:33.224808,server_2,50.2,67.02013481969686,191.2,304,2.004,running,0,0
2026-04-22 01:39:33.224808,server_4,40.8,57.70541466801498,155.8,186,1.816,running,0,0
2026-04-22 01:40:33.224808,server_2,45.8,63.35247796671425,164.8,216,1.916,running,0,0
2026-04-22 01:41:33.224808,server_4,42.55,48.728091608984016,166.3,221,1.851,running,0,0
2026-04-22 01:42:33.224808,server_2,45.7,56.965651082400605,164.2,214,1.914,running,0,0
2026-04-22 01:43:33.224808,server_2,51.45,62.99501323013499,198.7,329,2.029,running,0,0
2026-04-22 01:44:33.224808,server_2,47.45,53.26441667858724,174.7,249,1.949,running,0,0
2026-04-22 01:45:33.224808,server_2,50.15,50.501543098764856,190.9,303,2.003,running,0,0
2026-04-22 01:46:33.224808,server_1,41.9,62.289603269418485,183.4,278,1.838,running,0,0
2026-04-22 01:47:33.224808,server_3,89.4,44.02871840514243,152.2,696,2.188,running,1,1
2026-04-22 01:48:33.224808,server_4,40.95,59.89235767847204,156.7,189,1.819,running,0,0
2026-04-22 01:49:33.224808,server_1,37.6,46.6063293384069,157.6,192,1.752,running,0,0
2026-04-22 01:50:33.224808,server_3,57.2,57.3184846531301,191.2,304,2.144,running,0,0
2026-04-22 01:51:33.224808,server_3,53.9,44.07444435518206,171.39999999999998,238,2.0780000000000003,running,0,0
2026-04-22 01:52:33.224808,server_4,42.45,72.87356852230397,165.7,219,1.849,running,0,0
2026-04-22 01:53:33.224808,server_4,48.2,61.42616390246604,200.2,334,1.964,running,0,0
2026-04-22 01:54:33.224808,server_3,53.85,56.98996352240763,171.1,237,2.077,running,0,0
2026-04-22 01:55:33.224808,server_1,37.5,54.51652384596586,157.0,190,1.75,running,0,0
2026-04-22 01:56:33.224808,server_3,51.95,50.87631497794075,159.7,199,2.039,running,0,0
2026-04-22 01:57:33.224808,server_1,35.9,63.05584953337616,147.4,158,1.718,running,0,1
2026-04-22 01:58:33.224808,server_2,46.45,60.19775249190511,168.7,229,1.929,running,0,0
2026-04-22 01:59:33.224808,server_4,41.85,62.136085221342064,162.1,207,1.837,running,0,0
2026-04-22 02:00:33.224808,server_4,40.75,60.877839237670784,155.5,185,1.815,running,0,0
2026-04-22 02:01:33.224808,server_4,43.0,51.73059114843437,169.0,230,1.86,running,0,0
2026-04-22 02:02:33.224808,server_2,49.4,59.410605568377406,186.4,288,1.988,running,0,0
2026-04-22 02:03:33.224808,server_1,42.15,63.22776844060266,184.9,283,1.843,running,0,0
2026-04-22 02:04:33.224808,server_1,38.25,56.06264067102694,161.5,205,1.765,running,0,0
2026-04-22 02:05:33.224808,server_2,44.6,65.49955252537235,157.6,192,1.892,running,0,0
2026-04-22 02:06:33.224808,server_2,50.3,56.64287201559269,191.8,306,2.006,running,0,0
2026-04-22 02:07:33.224808,server_3,56.45,57.976495896484494,186.7,289,2.129,running,0,0
2026-04-22 02:08:33.224808,server_2,89.9,60.517348642579286,189.4,894,2.7992000000000004,running,1,1
2026-04-22 02:09:33.224808,server_1,38.55,47.49950031838573,163.3,211,1.771,running,0,0
2026-04-22 02:10:33.224808,server_1,42.45,45.06800767372879,186.7,289,1.849,running,0,0
2026-04-22 02:11:33.224808,server_1,38.55,58.42592775824651,163.3,211,1.771,running,0,0
2026-04-22 02:12:33.224808,server_4,45.4,70.88069746384132,183.4,278,1.908,running,0,0
2026-04-22 02:13:33.224808,server_1,37.65,70.00590528307887,157.9,193,1.753,running,0,0
2026-04-22 02:14:33.224808,server_2,45.25,54.99138032327516,161.5,205,1.905,running,0,0
2026-04-22 02:15:33.224808,server_2,47.6,48.52222657948551,175.6,252,1.952,running,0,0
2026-04-22 02:16:33.224808,server_1,42.25,67.83067484158714,185.5,285,1.845,running,0,0
2026-04-22 02:17:33.224808,server_1,43.45,37.61124360753592,192.7,309,1.869,running,0,0
2026-04-22 02:18:33.224808,server_1,35.1,63.86073545557064,142.6,142,1.702,running,0,1
2026-04-22 02:19:33.224808,server_2,51.45,55.9438736193448,198.7,329,2.029,running,0,0
2026-04-22 02:20:33.224808,server_3,53.85,37.22769887553764,171.1,237,2.077,running,0,0
2026-04-22 02:21:33.224808,server_3,49.45,56.05845821656049,144.7,149,1.989,running,0,0
2026-04-22 02:22:33.224808,server_3,57.9,51.268325554678064,195.4,318,2.158,running,0,0
2026-04-22 02:23:33.224808,server_3,55.4,58.56663023204907,180.4,268,2.108,running,0,0
2026-04-22 02:24:33.224808,server_1,41.5,59.60195656211683,181.0,270,1.83,running,0,0
2026-04-22 02:25:33.224808,server_1,36.95,79.07264490032611,153.7,179,1.739,running,0,0
2026-04-22 02:26:33.224808,server_4,47.7,55.15411620415819,197.2,324,1.954,running,0,0
2026-04-22 02:27:33.224808,server_3,57.15,63.47050088654268,190.9,303,2.143,running,0,0
2026-04-22 02:28:33.224808,server_2,44.05,71.12316842878045,154.3,181,1.881,running,0,0
2026-04-22 02:29:33.224808,server_3,50.1,68.60697923653974,148.6,162,2.002,running,0,0
2026-04-22 02:30:33.224808,server_2,46.9,56.86036000528594,171.39999999999998,238,1.938,running,0,0
2026-04-22 02:31:33.224808,server_4,44.25,65.65282433593892,176.5,255,1.885,running,0,0
2026-04-22 02:32:33.224808,server_3,51.1,72.43391678435938,154.6,182,2.022,running,0,0
2026-04-22 02:33:33.224808,server_4,40.05,56.54820696779564,151.3,171,1.801,running,0,0
2026-04-22 02:34:33.224808,server_1,41.85,71.34045939363067,183.1,277,1.837,running,0,0
2026-04-22 02:35:33.224808,server_3,54.6,71.09829231503633,175.6,252,2.092,running,0,0
2026-04-22 02:36:33.224808,server_4,41.05,45.135762270923735,157.3,191,1.821,running,0,0
2026-04-22 02:37:33.224808,server_3,51.0,62.97330612729056,154.0,180,2.02,running,0,0
2026-04-22 02:38:33.224808,server_2,48.45,41.928961653735925,180.7,269,1.969,running,0,0
2026-04-22 02:39:33.224808,server_4,44.8,67.24248553364465,179.8,266,1.896,running,0,0
2026-04-22 02:40:33.224808,server_4,41.3,43.91324394243642,158.8,196,1.826,running,0,0
2026-04-22 02:41:33.224808,server_1,44.1,61.29815094183423,196.6,322,1.882,running,0,0
2026-04-22 02:42:33.224808,server_4,43.25,71.29001610113451,170.5,235,1.865,running,0,0
2026-04-22 02:43:33.224808,server_1,42.85,57.51758369121538,189.1,297,1.857,running,0,0
2026-04-22 02:44:33.224808,server_4,39.15,69.8556096651066,145.9,153,1.783,running,0,0
2026-04-22 02:45:33.224808,server_4,47.0,74.67941172544974,193.0,310,1.94,running,0,0
2026-04-22 02:46:33.224808,server_4,41.25,58.73664593227857,158.5,195,1.825,running,0,0
2026-04-22 02:47:33.224808,server_4,47.95,54.07504834436982,198.7,329,1.959,running,0,0
2026-04-22 02:48:33.224808,server_2,47.55,66.75626102186823,175.3,251,1.951,running,0,0
2026-04-22 02:49:33.224808,server_2,45.5,57.673775690163616,163.0,210,1.91,running,0,0
2026-04-22 02:50:33.224808,server_2,46.15,47.44064734168397,166.89999999999998,223,1.923,running,0,0
2026-04-22 02:51:33.224808,server_4,45.45,53.16212740498496,183.7,279,1.909,running,0,0
2026-04-22 02:52:33.224808,server_2,48.4,46.91093508975378,190.2,268,3.9872,running,1,1
2026-04-22 02:53:33.224808,server_1,40.45,44.12503210759093,174.7,249,1.809,running,0,0
2026-04-22 02:54:33.224808,server_4,74.55,42.489654964310986,278.3,522,1.891,running,1,1
2026-04-22 02:55:33.224808,server_3,54.8,64.20638117089945,176.8,256,2.096,running,0,0
2026-04-22 02:56:33.224808,server_2,47.35,69.99634839322505,174.1,247,1.947,running,0,0
2026-04-22 02:57:33.224808,server_1,36.2,58.18910590647561,149.2,164,1.7240000000000002,running,0,1
2026-04-22 02:58:33.224808,server_2,45.85,52.11932521891399,165.1,217,1.917,running,0,0
2026-04-22 02:59:33.224808,server_1,40.2,59.429447854378026,173.2,244,1.804,running,0,0
2026-04-22 03:00:33.224808,server_4,40.6,52.489854757415216,154.6,182,1.812,running,0,0
2026-04-22 03:01:33.224808,server_2,47.6,54.34181051074477,175.6,252,1.952,running,0,0
2026-04-22 03:02:33.224808,server_4,45.65,53.21200272845986,184.9,283,1.913,running,0,0
2026-04-22 03:03:33.224808,server_3,53.85,39.7994774891974,171.1,237,2.077,running,0,0
2026-04-22 03:04:33.224808,server_3,56.15,39.55218174201885,184.9,283,2.123,running,0,0
2026-04-22 03:05:33.224808,server_1,36.75,79.78177906446469,152.5,175,1.735,running,0,0
2026-04-22 03:06:33.224808,server_2,42.1,57.43747304562335,142.6,142,1.842,running,0,0
2026-04-22 03:07:33.224808,server_1,39.3,62.694262111580585,167.8,226,1.786,running,0,0
2026-04-22 03:08:33.224808,server_2,47.55,76.04759473747626,175.3,251,1.951,running,0,0
2026-04-22 03:09:33.224808,server_1,43.0,63.03661973136354,190.0,300,1.86,running,0,0
2026-04-22 03:10:33.224808,server_4,44.05,58.54941518549354,175.3,251,1.881,running,0,0
2026-04-22 03:11:33.224808,server_4,42.55,36.1450341244464,166.3,221,1.851,running,0,0
2026-04-22 03:12:33.224808,server_2,48.15,46.04626607451095,178.89999999999998,263,1.963,running,0,0
2026-04-22 03:13:33.224808,server_3,52.7,59.50815555045384,164.2,214,2.0540000000000003,running,0,0
2026-04-22 03:14:33.224808,server_1,42.35,70.91629063387519,186.1,287,1.847,running,0,0
2026-04-22 03:15:33.224808,server_4,44.55,65.94410293913096,178.3,261,1.891,running,0,0
2026-04-22 03:16:33.224808,server_3,49.25,51.329642524091554,143.5,145,1.985,running,0,0
2026-04-22 03:17:33.224808,server_1,35.35,78.23231019319465,144.1,147,1.707,running,0,1
2026-04-22 03:18:33.224808,server_4,38.6,58.50123368039384,142.6,142,1.7719999999999998,running,0,1
2026-04-22 03:19:33.224808,server_3,54.1,50.04714619332573,172.6,242,2.082,running,0,0
2026-04-22 03:20:33.224808,server_4,43.3,69.40177053929557,170.8,236,1.866,running,0,0
2026-04-22 03:21:33.224808,server_4,39.4,57.51460605884024,147.4,158,1.7879999999999998,running,0,0
2026-04-22 03:22:33.224808,server_2,43.05,73.34826024078639,148.3,161,1.861,running,0,0
2026-04-22 03:23:33.224808,server_4,48.5,55.70647754007673,202.0,340,1.97,running,0,0
2026-04-22 03:24:33.224808,server_4,40.0,65.04451675866937,151.0,170,1.8,running,0,0
2026-04-22 03:25:33.224808,server_3,50.55,63.01851515200932,151.3,171,2.011,running,0,0
2026-04-22 03:26:33.224808,server_2,48.15,34.49922136629187,178.89999999999998,263,1.963,running,0,0
2026-04-22 03:27:33.224808,server_4,43.6,46.13277054539616,172.6,242,1.872,running,0,0
2026-04-22 03:28:33.224808,server_4,42.75,54.7078710094833,167.5,225,1.855,running,0,0
2026-04-22 03:29:33.224808,server_2,42.1,54.21560365226696,142.6,142,1.842,running,0,0
2026-04-22 03:30:33.224808,server_4,48.65,64.77910185316358,202.9,343,1.973,running,0,0
2026-04-22 03:31:33.224808,server_4,40.9,65.3520734100473,156.4,188,1.818,running,0,0
2026-04-22 03:32:33.224808,server_2,42.35,75.92080669170994,144.1,147,1.847,running,0,0
2026-04-22 03:33:33.224808,server_4,41.95,43.988764705797664,162.7,209,1.839,running,0,0
2026-04-22 03:34:33.224808,server_1,35.3,50.642963233375056,143.8,146,1.706,running,0,1
2026-04-22 03:35:33.224808,server_3,57.95,66.86941039556116,195.7,319,2.159,running,0,0
2026-04-22 03:36:33.224808,server_3,49.1,62.918693456626414,142.6,142,1.982,running,0,0
2026-04-22 03:37:33.224808,server_4,46.05,44.67679941824491,187.3,291,1.921,running,0,0
2026-04-22 03:38:33.224808,server_3,49.5,69.65498783110084,145.0,150,1.99,running,0,0
2026-04-22 03:39:33.224808,server_2,46.4,59.56637406761684,168.39999999999998,228,1.928,running,0,0
2026-04-22 03:40:33.224808,server_4,41.0,63.01455449884414,157.0,190,1.82,running,0,0
2026-04-22 03:41:33.224808,server_4,41.65,68.65137261989913,160.9,203,1.833,running,0,0
2026-04-22 03:42:33.224808,server_3,56.0,46.01367480267396,184.0,280,2.12,running,0,0
2026-04-22 03:43:33.224808,server_1,43.75,68.85232001245139,194.5,315,1.875,running,0,0
2026-04-22 03:44:33.224808,server_1,42.4,58.42793660443076,186.4,288,1.848,running,0,0
2026-04-22 03:45:33.224808,server_3,49.55,64.70465024298868,145.3,151,1.991,running,0,0
2026-04-22 03:46:33.224808,server_4,39.8,72.77494562890561,149.8,166,1.7959999999999998,running,0,0
2026-04-22 03:47:33.224808,server_2,50.85,55.99384574223359,195.1,317,2.0170000000000003,running,0,0
2026-04-22 03:48:33.224808,server_2,86.45,56.92257083285104,168.7,687,2.7716000000000003,running,1,1
2026-04-22 03:49:33.224808,server_2,45.35,63.020448196887685,162.1,207,1.907,running,0,0
2026-04-22 03:50:33.224808,server_3,59.35,54.58102377193892,204.1,347,2.1870000000000003,running,0,0
2026-04-22 03:51:33.224808,server_3,55.75,46.36297570748425,182.5,275,2.115,running,0,0
2026-04-22 03:52:33.224808,server_2,44.7,52.44080189428099,158.2,194,1.894,running,0,0
2026-04-22 03:53:33.224808,server_4,38.5,45.92604146059389,142.0,140,1.77,running,0,1
2026-04-22 03:54:33.224808,server_1,38.65,57.56549385876695,163.9,213,1.773,running,0,0
2026-04-22 03:55:33.224808,server_1,44.75,65.76751804684372,200.5,335,1.895,running,0,0
2026-04-22 03:56:33.224808,server_3,50.15,69.75382451387635,148.9,163,2.003,running,0,0
2026-04-22 03:57:33.224808,server_1,35.1,76.42469116918326,142.6,142,1.702,running,0,1
2026-04-22 03:58:33.224808,server_3,50.15,59.64209300490625,148.9,163,2.003,running,0,0
2026-04-22 03:59:33.224808,server_2,45.35,50.63999049995645,162.1,207,1.907,running,0,0
2026-04-22 04:00:33.224808,server_3,53.4,39.79546935415979,168.39999999999998,228,2.068,running,0,0
2026-04-22 04:01:33.224808,server_4,88.5,38.01522950632473,202.0,1020,2.7880000000000003,running,1,1
2026-04-22 04:02:33.224808,server_1,40.9,49.85003998561716,177.39999999999998,258,1.818,running,0,0
2026-04-22 04:03:33.224808,server_4,42.2,58.76850805242724,164.2,214,1.844,running,0,0
2026-04-22 04:04:33.224808,server_3,51.45,52.93638546255949,156.7,189,2.029,running,0,0
2026-04-22 04:05:33.224808,server_2,51.3,56.46498229721732,197.8,326,2.026,running,0,0
2026-04-22 04:06:33.224808,server_4,42.45,61.03892573759517,165.7,219,1.849,running,0,0
2026-04-22 04:07:33.224808,server_1,39.7,43.734905944525664,170.2,234,1.794,running,0,0
2026-04-22 04:08:33.224808,server_3,58.95,55.81565231770325,201.7,339,2.1790000000000003,running,0,0
2026-04-22 04:09:33.224808,server_1,39.05,59.33456752119654,166.3,221,1.781,running,0,0
2026-04-22 04:10:33.224808,server_3,56.01,39.619741514280186,168.1,681,2.8268000000000004,running,1,1
2026-04-22 04:11:33.224808,server_1,41.85,47.857024640437245,183.1,277,1.837,running,0,0
2026-04-22 04:12:33.224808,server_3,49.9,41.91325060751518,147.4,158,1.998,running,0,0
2026-04-22 04:13:33.224808,server_3,50.15,63.12234199742094,148.9,163,2.003,running,0,0
2026-04-22 04:14:33.224808,server_1,45.1,50.06001156743516,202.6,342,1.902,running,0,0
2026-04-22 04:15:33.224808,server_1,41.45,76.65708923963876,180.7,269,1.829,running,0,0
2026-04-22 04:16:33.224808,server_1,39.3,53.83699731252838,167.8,226,1.786,running,0,0
2026-04-22 04:17:33.224808,server_1,42.05,62.73605587311378,192.15,281,3.9364,running,1,1
2026-04-22 04:18:33.224808,server_3,53.75,66.44526260386007,170.5,235,2.075,running,0,0
2026-04-22 04:19:33.224808,server_1,38.15,62.99666292289711,160.9,203,1.763,running,0,0
2026-04-22 04:20:33.224808,server_3,52.05,66.88750128758495,160.3,201,2.041,running,0,0
2026-04-22 04:21:33.224808,server_3,58.75,71.90531923822823,200.5,335,2.175,running,0,0
2026-04-22 04:22:33.224808,server_3,56.0,57.65379055241676,184.0,280,2.12,running,0,0
2026-04-22 04:23:33.224808,server_1,35.45,52.91374189771331,144.7,149,1.709,running,0,1
2026-04-22 04:24:33.224808,server_1,38.95,74.21835864348103,165.7,219,1.779,running,0,0
2026-04-22 04:25:33.224808,server_4,43.05,63.92492913482258,169.3,231,1.861,running,0,0
2026-04-22 04:26:33.224808,server_4,42.7,68.44338276853406,167.2,224,1.854,running,0,0
2026-04-22 04:27:33.224808,server_1,79.05,65.79608008044802,166.3,663,2.7124,running,1,1
2026-04-22 04:28:33.224808,server_1,36.1,49.400444453265614,148.6,162,1.722,running,0,1
2026-04-22 04:29:33.224808,server_2,44.45,64.17789841481977,178.35,189,3.9556,running,1,1
2026-04-22 04:30:33.224808,server_1,35.3,69.72300587305317,143.8,146,1.706,running,0,1
2026-04-22 04:31:33.224808,server_4,46.8,62.41119034721918,191.8,306,1.936,running,0,0
2026-04-22 04:32:33.224808,server_2,48.05,58.61504980219732,178.3,261,1.961,running,0,0
2026-04-22 04:33:33.224808,server_4,41.2,46.96926623801228,158.2,194,1.824,running,0,0
2026-04-22 04:34:33.224808,server_4,41.6,63.71114869384429,160.6,202,1.832,running,0,0
2026-04-22 04:35:33.224808,server_3,49.25,59.1344266373924,143.5,145,1.985,running,0,0
2026-04-22 04:36:33.224808,server_4,40.35,54.49540853709143,153.1,177,1.807,running,0,0
2026-04-22 04:37:33.224808,server_2,50.45,65.36220057769525,192.7,309,2.0090000000000003,running,0,0
2026-04-22 04:38:33.224808,server_1,44.8,62.00676501959491,200.8,336,1.896,running,0,0
2026-04-22 04:39:33.224808,server_4,44.3,54.46022819387331,176.8,256,1.886,running,0,0
2026-04-22 04:40:33.224808,server_3,51.85,58.5230319418912,159.1,197,2.037,running,0,0
2026-04-22 04:41:33.224808,server_4,45.9,66.2219244396235,186.4,288,1.918,running,0,0
2026-04-22 04:42:33.224808,server_4,46.7,58.08416167553135,191.2,304,1.934,running,0,0
2026-04-22 04:43:33.224808,server_3,51.6,57.90431531884658,157.6,192,2.032,running,0,0
2026-04-22 04:44:33.224808,server_4,42.5,47.764455483174565,166.0,220,1.85,running,0,0
2026-04-22 04:45:33.224808,server_3,49.45,52.57483469821501,144.7,149,1.989,running,0,0
2026-04-22 04:46:33.224808,server_4,43.85,82.93480720552402,174.1,247,1.877,running,0,0
2026-04-22 04:47:33.224808,server_4,48.35,73.13152328483055,201.1,337,1.967,running,0,0
2026-04-22 04:48:33.224808,server_3,56.6,70.5706502747496,187.6,292,2.132,running,0,0
2026-04-22 04:49:33.224808,server_2,43.4,70.64777622659571,150.4,168,1.868,running,0,0
2026-04-22 04:50:33.224808,server_4,43.05,63.09086279077976,169.3,231,1.861,running,0,0
2026-04-22 04:51:33.224808,server_3,56.6,66.94838403102483,187.6,292,2.132,running,0,0
2026-04-22 04:52:33.224808,server_1,44.35,73.07662641656687,198.1,327,1.887,running,0,0
2026-04-22 04:53:33.224808,server_1,42.45,62.65069186987861,186.7,289,1.849,running,0,0
2026-04-22 04:54:33.224808,server_4,48.9,60.73474740402117,204.4,348,1.978,running,0,0
2026-04-22 04:55:33.224808,server_4,47.65,60.11542283479508,196.9,323,1.953,running,0,0
2026-04-22 04:56:33.224808,server_2,44.1,72.66548963579197,154.6,182,1.882,running,0,0
2026-04-22 04:57:33.224808,server_2,51.5,67.49932324867734,199.0,330,2.03,running,0,0
2026-04-22 04:58:33.224808,server_3,52.0,43.69961815212982,160.0,200,2.04,running,0,0
2026-04-22 04:59:33.224808,server_1,67.2,77.48404589452264,255.2,368,1.7440000000000002,running,1,1
2026-04-22 05:00:33.224808,server_3,54.85,44.23854079045083,177.1,257,2.097,running,0,0
2026-04-22 05:01:33.224808,server_2,43.6,55.30065507523,151.6,172,1.872,running,0,0
2026-04-22 05:02:33.224808,server_1,43.15,53.99197714109661,190.9,303,1.863,running,0,0
2026-04-22 05:03:33.224808,server_3,52.65,51.70509825535152,163.9,213,2.053,running,0,0
2026-04-22 05:04:33.224808,server_2,48.75,66.15066344586921,182.5,275,1.975,running,0,0
2026-04-22 05:05:33.224808,server_3,59.35,71.79109392951126,204.1,347,2.1870000000000003,running,0,0
2026-04-22 05:06:33.224808,server_3,54.35,75.21401427466017,174.1,247,2.087,running,0,0
2026-04-22 05:07:33.224808,server_1,42.3,62.98372941846444,185.8,286,1.846,running,0,0
2026-04-22 05:08:33.224808,server_4,47.25,50.85141908720369,194.5,315,1.945,running,0,0
2026-04-22 05:09:33.224808,server_4,39.05,78.85735135890033,145.3,151,1.781,running,0,0
2026-04-22 05:10:33.224808,server_2,45.9,61.85941051386763,165.39999999999998,218,1.918,running,0,0
2026-04-22 05:11:33.224808,server_2,48.7,79.77639255759026,182.2,274,1.974,running,0,0
2026-04-22 05:12:33.224808,server_4,44.8,78.48491821080249,179.8,266,1.896,running,0,0
2026-04-22 05:13:33.224808,server_3,56.8,56.76429396733432,188.8,296,2.136,running,0,0
2026-04-22 05:14:33.224808,server_4,40.2,61.5394116341591,152.2,174,1.804,running,0,0
2026-04-22 05:15:33.224808,server_2,49.05,71.89295681570225,184.3,281,1.981,running,0,0
2026-04-22 05:16:33.224808,server_1,38.7,68.33240406968476,164.2,214,1.774,running,0,0
2026-04-22 05:17:33.224808,server_1,39.3,69.76439712853292,167.8,226,1.786,running,0,0
2026-04-22 05:18:33.224808,server_1,36.4,52.86088210466764,150.4,168,1.728,running,0,1
2026-04-22 05:19:33.224808,server_4,39.4,46.814449597101934,147.4,158,1.7879999999999998,running,0,0
2026-04-22 05:20:33.224808,server_3,55.45,53.886759004835184,180.7,269,2.109,running,0,0
2026-04-22 05:21:33.224808,server_4,43.5,50.00502738978713,172.0,240,1.87,running,0,0
2026-04-22 05:22:33.224808,server_1,43.25,65.64949398309541,191.5,305,1.865,running,0,0
2026-04-22 05:23:33.224808,server_3,52.45,68.07241253113085,162.7,209,2.0490000000000004,running,0,0
2026-04-22 05:24:33.224808,server_4,46.75,57.91880334795765,191.5,305,1.935,running,0,0
2026-04-22 05:25:33.224808,server_2,45.4,57.16431062755812,162.4,208,1.908,running,0,0
2026-04-22 05:26:33.224808,server_4,40.8,70.67384587252154,155.8,186,1.816,running,0,0
2026-04-22 05:27:33.224808,server_2,52.1,56.79356040697201,202.6,342,2.042,running,0,0
2026-04-22 05:28:33.224808,server_1,42.95,46.63381550292053,189.7,299,1.859,running,0,0
2026-04-22 05:29:33.224808,server_4,44.55,63.59398369424333,178.3,261,1.891,running,0,0
2026-04-22 05:30:33.224808,server_4,44.7,50.57199253501269,179.2,264,1.894,running,0,0
2026-04-22 05:31:33.224808,server_4,40.7,64.16648352874097,155.2,184,1.814,running,0,0
2026-04-22 05:32:33.224808,server_3,89.9,88.29985247715652,147.4,474,2.7992000000000004,running,1,1
2026-04-22 05:33:33.224808,server_2,51.8,68.66307377767532,200.8,336,2.036,running,0,0
2026-04-22 05:34:33.224808,server_4,38.8,81.00084624306518,143.8,146,1.7759999999999998,running,0,0
2026-04-22 05:35:33.224808,server_4,44.95,60.32999601396386,180.7,269,1.899,running,0,0
2026-04-22 05:36:33.224808,server_3,50.8,46.18343617443445,152.8,176,2.016,running,0,0
2026-04-22 05:37:33.224808,server_1,40.7,48.94590179189678,176.2,254,1.814,running,0,0
2026-04-22 05:38:33.224808,server_1,37.5,69.60970441651139,157.0,190,1.75,running,0,0
2026-04-22 05:39:33.224808,server_3,57.85,64.08329842314843,195.1,317,2.157,running,0,0
2026-04-22 05:40:33.224808,server_1,39.0,61.98239084870269,166.0,220,1.78,running,0,0
2026-04-22 05:41:33.224808,server_2,43.4,73.43720605515044,150.4,168,1.868,running,0,0
2026-04-22 05:42:33.224808,server_1,38.65,61.73322422940534,163.9,213,1.773,running,0,0
2026-04-22 05:43:33.224808,server_4,42.55,55.188324699799786,166.3,221,1.851,running,0,0
2026-04-22 05:44:33.224808,server_3,59.0,58.5925736609816,201.0,340,4.072,running,1,1
2026-04-22 05:45:33.224808,server_1,40.8,59.473455976329895,176.8,256,1.816,running,0,0
2026-04-22 05:46:33.224808,server_3,55.7,58.49598357804912,182.2,274,2.114,running,0,0
2026-04-22 05:47:33.224808,server_1,36.3,71.16194140076466,149.8,166,1.726,running,0,1
2026-04-22 05:48:33.224808,server_4,39.95,65.66300414249055,150.7,169,1.799,running,0,0
2026-04-22 05:49:33.224808,server_3,50.7,64.17106622144877,152.2,174,2.014,running,0,0
2026-04-22 05:50:33.224808,server_1,38.9,49.17487849762291,165.39999999999998,218,1.778,running,0,0
2026-04-22 05:51:33.224808,server_4,39.2,53.50220329625997,146.2,154,1.7839999999999998,running,0,0
2026-04-22 05:52:33.224808,server_3,53.45,64.98351020410249,168.7,229,2.069,running,0,0
2026-04-22 05:53:33.224808,server_4,38.65,44.17300933221079,142.9,143,1.773,running,0,1
2026-04-22 05:54:33.224808,server_2,51.1,58.88529387663883,196.6,322,2.022,running,0,0
2026-04-22 05:55:33.224808,server_3,59.2,52.99879761388104,203.2,344,2.184,running,0,0
2026-04-22 05:56:33.224808,server_1,38.95,59.98061307736367,165.7,219,1.779,running,0,0
2026-04-22 05:57:33.224808,server_3,49.0,69.05702620635036,142.0,140,1.98,running,0,1
2026-04-22 05:58:33.224808,server_2,45.45,59.923735982121,162.7,209,1.909,running,0,0
2026-04-22 05:59:33.224808,server_4,44.2,64.14240032535464,176.2,254,1.884,running,0,0
2026-04-22 06:00:33.224808,server_2,49.55,66.86274150504659,187.3,291,1.991,running,0,0
2026-04-22 06:01:33.224808,server_4,45.7,72.99398093375274,185.2,284,1.914,running,0,0
2026-04-22 06:02:33.224808,server_3,53.6,55.89076757338409,169.6,232,2.072,running,0,0
2026-04-22 06:03:33.224808,server_4,40.45,60.84154517145389,153.7,179,1.809,running,0,0
2026-04-22 06:04:33.224808,server_4,47.7,59.0939947211099,197.2,324,1.954,running,0,0
2026-04-22 06:05:33.224808,server_4,42.45,70.54614147163788,165.7,219,1.849,running,0,0
2026-04-22 06:06:33.224808,server_1,43.5,70.13177557547132,193.0,310,1.87,running,0,0
2026-04-22 06:07:33.224808,server_2,42.9,74.963214020911,147.4,158,1.858,running,0,0
2026-04-22 06:08:33.224808,server_1,39.1,65.51270543971685,166.6,222,1.782,running,0,0
2026-04-22 06:09:33.224808,server_4,47.25,69.21978837676234,194.5,315,1.945,running,0,0
2026-04-22 06:10:33.224808,server_3,54.6,62.42105385616719,175.6,252,2.092,running,0,0
2026-04-22 06:11:33.224808,server_4,40.25,64.23111017089876,152.5,175,1.805,running,0,0
2026-04-22 06:12:33.224808,server_2,49.0,56.85244583829228,184.0,280,1.98,running,0,0
2026-04-22 06:13:33.224808,server_2,47.7,58.64506932027653,176.2,254,1.954,running,0,0
2026-04-22 06:14:33.224808,server_2,47.2,57.86011386050166,186.6,244,3.9776000000000007,running,1,1
2026-04-22 06:15:33.224808,server_1,43.85,64.14129545791275,195.1,317,1.877,running,0,0
2026-04-22 06:16:33.224808,server_2,47.15,43.14680989690947,172.89999999999998,243,1.943,running,0,0
2026-04-22 06:17:33.224808,server_4,47.65,55.21030922518451,196.9,323,1.953,running,0,0
2026-04-22 06:18:33.224808,server_1,39.5,61.8400406499688,169.0,230,1.79,running,0,0
2026-04-22 06:19:33.224808,server_1,36.4,54.01344636029558,150.4,168,1.728,running,0,1
2026-04-22 06:20:33.224808,server_4,44.9,59.08943677010223,180.4,268,1.898,running,0,0
2026-04-22 06:21:33.224808,server_2,52.2,59.13166876116557,203.2,344,2.044,running,0,0
2026-04-22 06:22:33.224808,server_4,44.55,62.89093879921654,178.3,261,1.891,running,0,0
2026-04-22 06:23:33.224808,server_4,47.8,63.95984803362043,197.8,326,1.956,running,0,0
2026-04-22 06:24:33.224808,server_2,49.0,51.61284565806066,184.0,280,1.98,running,0,0
2026-04-22 06:25:33.224808,server_3,55.5,50.22486805297989,181.0,270,2.1100000000000003,running,0,0
2026-04-22 06:26:33.224808,server_3,49.4,55.36145803285197,144.4,148,1.988,running,0,0
2026-04-22 06:27:33.224808,server_4,86.8,75.80502601026308,191.8,918,2.7744,running,1,1
2026-04-22 06:28:33.224808,server_2,51.5,75.22205954561133,199.0,330,2.03,running,0,0
2026-04-22 06:29:33.224808,server_4,45.8,50.78093541184134,185.8,286,1.916,running,0,0
2026-04-22 06:30:33.224808,server_4,43.85,51.29156605239784,174.1,247,1.877,running,0,0
2026-04-22 06:31:33.224808,server_3,52.25,64.27421774368258,161.5,205,2.045,running,0,0
2026-04-22 06:32:33.224808,server_2,48.3,72.10831111564517,179.8,266,1.966,running,0,0
2026-04-22 06:33:33.224808,server_4,45.4,71.663412626999,183.4,278,1.908,running,0,0
2026-04-22 06:34:33.224808,server_4,39.85,75.71524276072509,150.1,167,1.797,running,0,0
2026-04-22 06:35:33.224808,server_3,52.1,67.20224521092173,160.6,202,2.042,running,0,0
2026-04-22 06:36:33.224808,server_4,48.6,62.99862845881122,202.6,342,1.972,running,0,0
2026-04-22 06:37:33.224808,server_3,55.05,60.508663961904006,178.3,261,2.101,running,0,0
2026-04-22 06:38:33.224808,server_3,58.59,55.84854536910417,193.9,939,2.8612,running,1,1
2026-04-22 06:39:33.224808,server_4,38.95,77.10832003297847,144.7,149,1.779,running,0,0
2026-04-22 06:40:33.224808,server_1,38.85,47.69861876022168,165.1,217,1.777,running,0,0
2026-04-22 06:41:33.224808,server_4,39.45,45.453896337285926,147.7,159,1.789,running,0,0
2026-04-22 06:42:33.224808,server_3,49.7,74.49326037106424,146.2,154,1.994,running,0,0
2026-04-22 06:43:33.224808,server_1,42.1,45.11610549863254,184.6,282,1.842,running,0,0
2026-04-22 06:44:33.224808,server_2,50.5,64.4482968216312,193.0,310,2.01,running,0,0
2026-04-22 06:45:33.224808,server_2,44.65,76.85378420888847,157.9,193,1.893,running,0,0
2026-04-22 06:46:33.224808,server_3,54.65,47.5586798931181,175.89999999999998,253,2.093,running,0,0
2026-04-22 06:47:33.224808,server_2,89.1,55.25823632141495,184.6,846,2.7928,running,1,1
2026-04-22 06:48:33.224808,server_1,36.35,58.5302935195006,150.1,167,1.727,running,0,1
2026-04-22 06:49:33.224808,server_1,35.3,55.47208079416145,143.8,146,1.706,running,0,1
2026-04-22 06:50:33.224808,server_1,38.6,36.86903559234698,163.6,212,1.772,running,0,0
2026-04-22 06:51:33.224808,server_4,42.2,42.77578218380015,164.2,214,1.844,running,0,0
2026-04-22 06:52:33.224808,server_3,59.25,67.718663151489,203.5,345,2.185,running,0,0
2026-04-22 06:53:33.224808,server_3,49.2,76.81938520415038,143.2,144,1.984,running,0,0
2026-04-22 06:54:33.224808,server_3,58.2,61.507498812528624,197.2,324,2.164,running,0,0
2026-04-22 06:55:33.224808,server_4,45.85,64.32159730946934,186.1,287,1.917,running,0,0
2026-04-22 06:56:33.224808,server_2,42.05,51.09073248514801,142.3,141,1.841,running,0,0
2026-04-22 06:57:33.224808,server_3,49.9,74.16632003077214,147.4,158,1.998,running,0,0
2026-04-22 06:58:33.224808,server_2,51.55,34.8808819804146,199.3,331,2.031,running,0,0
2026-04-22 06:59:33.224808,server_2,43.75,63.32006313460105,152.5,175,1.875,running,0,0
2026-04-22 07:00:33.224808,server_1,39.05,51.870934191017184,166.3,221,1.781,running,0,0
2026-04-22 07:01:33.224808,server_4,45.4,45.18049051586054,183.4,278,1.908,running,0,0
2026-04-22 07:02:33.224808,server_3,55.25,56.534657266270784,179.5,265,2.105,running,0,0
2026-04-22 07:03:33.224808,server_2,43.6,65.36607357721773,151.6,172,1.872,running,0,0
2026-04-22 07:04:33.224808,server_2,43.05,85.31871134424156,148.3,161,1.861,running,0,0
2026-04-22 07:05:33.224808,server_2,45.6,63.55681466591916,163.6,212,1.912,running,0,0
2026-04-22 07:06:33.224808,server_2,46.3,46.34440649608362,167.8,226,1.926,running,0,0
2026-04-22 07:07:33.224808,server_3,51.3,58.7241514763173,155.8,186,2.026,running,0,0
2026-04-22 07:08:33.224808,server_2,49.0,68.62626756127352,184.0,280,1.98,running,0,0
2026-04-22 07:09:33.224808,server_1,43.25,50.95250692812648,191.5,305,1.865,running,0,0
2026-04-22 07:10:33.224808,server_2,44.75,64.2344936579146,158.5,195,1.895,running,0,0
2026-04-22 07:11:33.224808,server_2,49.3,66.68968739504695,185.8,286,1.986,running,0,0
2026-04-22 07:12:33.224808,server_3,55.3,63.417092823119184,179.8,266,2.106,running,0,0
2026-04-22 07:13:33.224808,server_2,45.25,63.06280092257735,161.5,205,1.905,running,0,0
2026-04-22 07:14:33.224808,server_4,40.35,52.81940477200628,153.1,177,1.807,running,0,0
2026-04-22 07:15:33.224808,server_4,43.5,69.76556182586724,172.0,240,1.87,running,0,0
2026-04-22 07:16:33.224808,server_2,46.2,60.90370781276406,167.2,224,1.924,running,0,0
2026-04-22 07:17:33.224808,server_3,52.1,58.642266109964936,160.6,202,2.042,running,0,0
2026-04-22 07:18:33.224808,server_1,38.2,65.07904818417794,161.2,204,1.764,running,0,0
2026-04-22 07:19:33.224808,server_1,37.1,59.92369101785971,154.6,182,1.742,running,0,0
2026-04-22 07:20:33.224808,server_1,40.95,39.25549563211062,177.7,259,1.819,running,0,0
2026-04-22 07:21:33.224808,server_2,43.6,51.59148849896346,151.6,172,1.872,running,0,0
2026-04-22 07:22:33.224808,server_2,47.05,49.81672329123828,172.3,241,1.941,running,0,0
2026-04-22 07:23:33.224808,server_1,43.75,58.87538813554419,194.5,315,1.875,running,0,0
2026-04-22 07:24:33.224808,server_2,45.7,68.60071399472393,164.2,214,1.914,running,0,0
2026-04-22 07:25:33.224808,server_4,48.55,47.14213311249109,202.3,341,1.971,running,0,0
2026-04-22 07:26:33.224808,server_3,50.5,62.2089004211653,151.0,170,2.01,running,0,0
2026-04-22 07:27:33.224808,server_1,39.85,71.49804799642898,171.1,237,1.7970000000000002,running,0,0
2026-04-22 07:28:33.224808,server_3,49.85,55.0532214577942,147.1,157,1.997,running,0,0
2026-04-22 07:29:33.224808,server_1,43.0,55.30353837981728,190.0,300,1.86,running,0,0
2026-04-22 07:30:33.224808,server_1,45.35,54.00656379851919,204.1,347,1.907,running,0,0
2026-04-22 07:31:33.224808,server_1,35.85,48.52564770103748,147.1,157,1.717,running,0,1
2026-04-22 07:32:33.224808,server_1,43.95,66.99283071097442,195.7,319,1.879,running,0,0
2026-04-22 07:33:33.224808,server_4,47.1,52.73988931269,193.6,312,1.942,running,0,0
2026-04-22 07:34:33.224808,server_1,42.9,56.51504131978339,189.4,298,1.858,running,0,0
2026-04-22 07:35:33.224808,server_2,47.0,78.33978969794927,172.0,240,1.94,running,0,0
2026-04-22 07:36:33.224808,server_2,45.7,66.94086320958712,164.2,214,1.914,running,0,0
2026-04-22 07:37:33.224808,server_1,43.5,49.05569692844984,193.0,310,1.87,running,0,0
2026-04-22 07:38:33.224808,server_2,45.85,66.3073048897428,165.1,217,1.917,running,0,0
2026-04-22 07:39:33.224808,server_1,38.25,60.104963288503065,161.5,205,1.765,running,0,0
2026-04-22 07:40:33.224808,server_2,46.15,50.235538432598034,166.89999999999998,223,1.923,running,0,0
2026-04-22 07:41:33.224808,server_1,36.95,60.86147499347332,153.7,179,1.739,running,0,0
2026-04-22 07:42:33.224808,server_4,45.0,44.87986105400214,181.0,270,1.9,running,0,0
2026-04-22 07:43:33.224808,server_4,44.0,40.21078100263561,175.0,250,1.88,running,0,0
2026-04-22 07:44:33.224808,server_1,38.25,49.83431468120427,161.5,205,1.765,running,0,0
2026-04-22 07:45:33.224808,server_3,53.3,64.31463560022858,167.8,226,2.066,running,0,0
2026-04-22 07:46:33.224808,server_2,43.85,48.31055834457981,153.1,177,1.877,running,0,0
2026-04-22 07:47:33.224808,server_4,41.3,64.0048294734344,158.8,196,1.826,running,0,0
2026-04-22 07:48:33.224808,server_4,48.8,54.93772949172541,203.8,346,1.976,running,0,0
2026-04-22 07:49:33.224808,server_4,48.3,66.06385142502755,200.8,336,1.966,running,0,0
2026-04-22 07:50:33.224808,server_2,46.55,42.70476183438862,169.3,231,1.931,running,0,0
2026-04-22 07:51:33.224808,server_1,36.8,55.62741091976369,152.8,176,1.736,running,0,0
2026-04-22 07:52:33.224808,server_3,58.7,78.18609691965486,200.2,334,2.1740000000000004,running,0,0
2026-04-22 07:53:33.224808,server_3,54.65,66.83591029532508,175.89999999999998,253,2.093,running,0,0
2026-04-22 07:54:33.224808,server_2,50.3,50.37523026590782,191.8,306,2.006,running,0,0
2026-04-22 07:55:33.224808,server_1,42.1,62.7402176288474,184.6,282,1.842,running,0,0
2026-04-22 07:56:33.224808,server_3,51.25,59.66849126863189,155.5,185,2.025,running,0,0
2026-04-22 07:57:33.224808,server_3,50.55,72.96755266288943,151.3,171,2.011,running,0,0
2026-04-22 07:58:33.224808,server_4,45.8,50.60658746366308,185.8,286,1.916,running,0,0
2026-04-22 07:59:33.224808,server_1,35.55,70.44874254471083,145.3,151,1.711,running,0,1
2026-04-22 08:00:33.224808,server_3,54.1,52.63803739757015,172.6,242,2.082,running,0,0
2026-04-22 08:01:33.224808,server_1,36.25,65.74964552328817,149.5,165,1.725,running,0,1
2026-04-22 08:02:33.224808,server_3,54.35,59.87437429351553,174.1,247,2.087,running,0,0
2026-04-22 08:03:33.224808,server_3,58.6,54.56108087015548,199.6,332,2.172,running,0,0
2026-04-22 08:04:33.224808,server_3,57.809999999999995,71.46321141178655,186.1,861,2.8508,running,1,1
2026-04-22 08:05:33.224808,server_2,44.1,59.37300776105797,154.6,182,1.882,running,0,0
2026-04-22 08:06:33.224808,server_1,42.45,27.775216239335165,186.7,289,1.849,running,0,0
2026-04-22 08:07:33.224808,server_2,42.75,64.92676693560396,146.5,155,1.855,running,0,0
2026-04-22 08:08:33.224808,server_1,43.45,62.578353832339445,192.7,309,1.869,running,0,0
2026-04-22 08:09:33.224808,server_3,57.4,81.78544654867305,192.4,308,2.148,running,0,0
2026-04-22 08:10:33.224808,server_2,47.2,49.26769027836056,173.2,244,1.944,running,0,0
2026-04-22 08:11:33.224808,server_2,45.0,72.03692249908259,160.0,200,1.9,running,0,0
2026-04-22 08:12:33.224808,server_1,43.5,57.4317181232088,193.0,310,1.87,running,0,0
2026-04-22 08:13:33.224808,server_4,47.0,63.64783428609736,193.0,310,1.94,running,0,0
2026-04-22 08:14:33.224808,server_1,43.15,46.3806984634066,190.9,303,1.863,running,0,0
2026-04-22 08:15:33.224808,server_1,37.6,48.42752339389212,157.6,192,1.752,running,0,0
2026-04-22 08:16:33.224808,server_1,43.6,52.765468769070736,193.6,312,1.872,running,0,0
2026-04-22 08:17:33.224808,server_4,43.15,51.3846971063684,169.89999999999998,233,1.863,running,0,0
2026-04-22 08:18:33.224808,server_2,50.75,47.37776677207253,194.5,315,2.015,running,0,0
2026-04-22 08:19:33.224808,server_1,38.0,52.186112897523394,160.0,200,1.76,running,0,0
2026-04-22 08:20:33.224808,server_4,39.95,60.89895368354501,150.7,169,1.799,running,0,0
2026-04-22 08:21:33.224808,server_1,43.2,52.20784584711277,191.2,304,1.864,running,0,0
2026-04-22 08:22:33.224808,server_1,39.15,67.05329597993004,166.89999999999998,223,1.783,running,0,0
2026-04-22 08:23:33.224808,server_1,41.55,52.40111012538996,181.3,271,1.831,running,0,0
2026-04-22 08:24:33.224808,server_3,50.25,51.46171794272202,149.5,165,2.005,running,0,0
2026-04-22 08:25:33.224808,server_3,54.2,59.78274543657661,173.2,244,2.084,running,0,0
2026-04-22 08:26:33.224808,server_1,35.35,64.6765651615714,144.1,147,1.707,running,0,1
2026-04-22 08:27:33.224808,server_1,41.3,72.54678730896994,179.8,266,1.826,running,0,0
2026-04-22 08:28:33.224808,server_4,45.95,55.31075264562563,186.7,289,1.919,running,0,0
2026-04-22 08:29:33.224808,server_1,36.85,43.78564298541672,153.1,177,1.737,running,0,0
2026-04-22 08:30:33.224808,server_3,51.45,61.00821220156785,156.7,189,2.029,running,0,0
2026-04-22 08:31:33.224808,server_2,48.15,57.70888126710345,178.89999999999998,263,1.963,running,0,0
2026-04-22 08:32:33.224808,server_3,55.3,65.82655548556448,189.9,266,4.0424,running,1,1
2026-04-22 08:33:33.224808,server_4,44.35,59.23881634680143,177.1,257,1.887,running,0,0
2026-04-22 08:34:33.224808,server_3,58.05,54.66052871037776,196.3,321,2.161,running,0,0
2026-04-22 08:35:33.224808,server_3,53.3,59.43126990323524,167.8,226,2.066,running,0,0
2026-04-22 08:36:33.224808,server_1,36.6,55.3642719741181,151.6,172,1.732,running,0,1
2026-04-22 08:37:33.224808,server_4,44.8,57.38651025563654,179.8,266,1.896,running,0,0
2026-04-22 08:38:33.224808,server_4,39.05,66.06032418315547,145.3,151,1.781,running,0,0
2026-04-22 08:39:33.224808,server_4,48.95,53.612954381455246,204.7,349,1.979,running,0,0
2026-04-22 08:40:33.224808,server_2,50.05,65.95100933473636,190.3,301,2.001,running,0,0
2026-04-22 08:41:33.224808,server_2,43.85,52.02791289493048,153.1,177,1.877,running,0,0
2026-04-22 08:42:33.224808,server_1,41.1,58.387935063928005,178.6,262,1.822,running,0,0
2026-04-22 08:43:33.224808,server_1,37.7,58.220499188556566,158.2,194,1.754,running,0,0
2026-04-22 08:44:33.224808,server_3,50.45,79.0995242389017,150.7,169,2.0090000000000003,running,0,0
2026-04-22 08:45:33.224808,server_2,50.2,58.506031424787714,191.2,304,2.004,running,0,0
2026-04-22 08:46:33.224808,server_3,54.2,64.42318520733271,173.2,244,2.084,running,0,0
2026-04-22 08:47:33.224808,server_2,43.5,41.56279522262794,151.0,170,1.87,running,0,0
2026-04-22 08:48:33.224808,server_3,56.2,65.3443897906842,185.2,284,2.124,running,0,0
2026-04-22 08:49:33.224808,server_2,45.25,54.16998371806681,161.5,205,1.905,running,0,0
2026-04-22 08:50:33.224808,server_4,47.6,71.75985477884586,196.6,322,1.952,running,0,0
2026-04-22 08:51:33.224808,server_1,39.6,44.74357425257813,169.6,232,1.792,running,0,0
2026-04-22 08:52:33.224808,server_3,56.7,80.93518838651158,188.2,294,2.1340000000000003,running,0,0
2026-04-22 08:53:33.224808,server_2,52.2,66.64458804270927,203.2,344,2.044,running,0,0
2026-04-22 08:54:33.224808,server_2,42.8,86.63007528343421,146.8,156,1.856,running,0,0
2026-04-22 08:55:33.224808,server_1,37.0,83.29667598885354,154.0,180,1.74,running,0,0
2026-04-22 08:56:33.224808,server_3,55.4,68.63714181940043,180.4,268,2.108,running,0,0
2026-04-22 08:57:33.224808,server_4,40.7,64.03071523453069,155.2,184,1.814,running,0,0
2026-04-22 08:58:33.224808,server_2,50.5,84.0910919500592,193.0,310,2.01,running,0,0
2026-04-22 08:59:33.224808,server_3,57.15,68.87608272228434,190.9,303,2.143,running,0,0
2026-04-22 09:00:33.224808,server_4,78.7,43.54013493676781,248.2,494,2.574,running,0,0
2026-04-22 09:01:33.224808,server_2,85.35,67.25483140063935,252.1,507,2.707,running,0,0
2026-04-22 09:02:33.224808,server_3,88.05,67.16204349468869,196.3,321,2.761,running,0,0
2026-04-22 09:03:33.224808,server_1,63.15,43.2263129930207,190.9,303,2.263,running,0,0
2026-04-22 09:04:33.224808,server_2,80.5,60.22931925779423,223.0,410,2.6100000000000003,running,0,0
2026-04-22 09:05:33.224808,server_2,80.4,61.75945413041031,222.4,408,2.608,running,0,0
2026-04-22 09:06:33.224808,server_2,85.8,68.34354902599321,254.8,516,2.716,running,0,0
2026-04-22 09:07:33.224808,server_1,55.83,51.85051280531842,290.3,602,2.261,running,1,1
2026-04-22 09:08:33.224808,server_4,78.65,71.8575329322544,247.9,493,2.5730000000000004,running,0,0
2026-04-22 09:09:33.224808,server_3,58.62,57.56753421207564,254.2,514,2.954,running,0,0
2026-04-22 09:10:33.224808,server_4,75.6,65.32987880955105,229.6,432,2.512,running,0,0
2026-04-22 09:11:33.224808,server_1,63.05,64.4812160444015,190.3,301,2.261,running,0,0
2026-04-22 09:12:33.224808,server_4,80.45,53.96516719709716,258.7,529,2.609,running,0,0
2026-04-22 09:13:33.224808,server_3,59.04,70.35905982026429,258.4,528,2.968,running,0,0
2026-04-22 09:14:33.224808,server_1,61.4,58.086891781675696,180.4,268,2.228,running,0,0
2026-04-22 09:15:33.224808,server_1,62.85,55.72713093519051,189.1,297,2.257,running,0,0
2026-04-22 09:16:33.224808,server_2,79.65,52.86433444872925,217.9,393,2.593,running,0,0
2026-04-22 09:17:33.224808,server_4,79.9,55.01857391078149,255.4,518,2.598,running,0,0
2026-04-22 09:18:33.224808,server_3,60.0,48.04149499612065,270.1,567,3.0,running,0,0
2026-04-22 09:19:33.224808,server_4,69.8,48.84015510180707,194.8,316,2.396,running,0,0
2026-04-22 09:20:33.224808,server_1,61.05,54.80156363759167,178.3,261,2.221,running,0,0
2026-04-22 09:21:33.224808,server_3,86.1,62.490933542748,184.6,282,2.722,running,0,0
2026-04-22 09:22:33.224808,server_1,60.45,67.90288616600284,174.7,249,2.209,running,0,0
2026-04-22 09:23:33.224808,server_1,66.0,50.88275170175985,208.0,360,2.3200000000000003,running,0,0
2026-04-22 09:24:33.224808,server_3,88.7,51.76211154521994,200.2,334,2.774,running,0,0
2026-04-22 09:25:33.224808,server_3,84.7,53.631931179099055,176.2,254,2.694,running,0,0
2026-04-22 09:26:33.224808,server_1,77.15,60.10017510206205,274.9,583,2.543,running,0,0
2026-04-22 09:27:33.224808,server_4,70.8,48.93387265464296,200.8,336,2.416,running,0,0
2026-04-22 09:28:33.224808,server_2,76.65,51.11840648763445,199.9,333,2.5330000000000004,running,0,0
2026-04-22 09:29:33.224808,server_2,83.25,69.39305753835345,239.5,465,2.665,running,0,0
2026-04-22 09:30:33.224808,server_1,71.4,63.71469697229061,240.4,468,2.428,running,0,0
2026-04-22 09:31:33.224808,server_1,66.8,65.89697815963642,212.8,376,2.336,running,0,0
2026-04-22 09:32:33.224808,server_1,74.55,59.59762049434824,259.29999999999995,531,2.491,running,0,0
2026-04-22 09:33:33.224808,server_3,88.95,82.69295515791785,201.7,339,2.779,running,0,0
2026-04-22 09:34:33.224808,server_4,71.0,45.71048914403711,202.0,340,2.42,running,0,0
2026-04-22 09:35:33.224808,server_2,85.5,58.4424467886644,253.0,510,2.71,running,0,0
2026-04-22 09:36:33.224808,server_1,68.5,67.07486403383162,223.0,410,2.37,running,0,0
2026-04-22 09:37:33.224808,server_4,74.4,61.675991296257,222.4,408,2.4880000000000004,running,0,0
2026-04-22 09:38:33.224808,server_3,60.0,69.68993215860766,193.6,936,3.1008,running,1,1
2026-04-22 09:39:33.224808,server_3,56.82,46.18757508667347,236.2,454,2.894,running,0,0
2026-04-22 09:40:33.224808,server_2,80.85,53.21730050007237,225.1,417,2.617,running,0,0
2026-04-22 09:41:33.224808,server_3,88.5,62.196053977219066,199.0,330,2.77,running,0,0
2026-04-22 09:42:33.224808,server_2,79.3,64.21304438639932,215.8,386,2.586,running,0,0
2026-04-22 09:43:33.224808,server_3,57.449999999999996,50.25644095790797,242.5,475,2.915,running,0,0
2026-04-22 09:44:33.224808,server_4,76.5,85.0050014652445,235.0,450,2.53,running,0,0
2026-04-22 09:45:33.224808,server_1,70.2,73.80895862271551,233.2,444,2.404,running,0,0
2026-04-22 09:46:33.224808,server_2,79.6,56.31641292446002,217.6,392,2.592,running,0,0
2026-04-22 09:47:33.224808,server_1,72.1,62.55738821044754,244.6,482,2.442,running,0,0
2026-04-22 09:48:33.224808,server_2,73.95,62.931856394726,183.7,279,2.479,running,0,0
2026-04-22 09:49:33.224808,server_3,84.7,60.89197287444783,176.2,254,2.694,running,0,0
2026-04-22 09:50:33.224808,server_2,72.2,77.14703977666146,173.2,244,2.444,running,0,0
2026-04-22 09:51:33.224808,server_2,78.75,52.67496079586682,212.5,375,2.575,running,0,0
2026-04-22 09:52:33.224808,server_3,88.65,72.54507573601786,199.9,333,2.773,running,0,0
2026-04-22 09:53:33.224808,server_1,65.55,62.008838818181225,205.3,351,2.311,running,0,0
2026-04-22 09:54:33.224808,server_4,70.9,63.31685090579615,201.4,338,2.418,running,0,0
2026-04-22 09:55:33.224808,server_1,59.34,62.59204338036251,162.7,836,2.378,running,1,1
2026-04-22 09:56:33.224808,server_2,78.9,50.784267420086174,213.4,378,2.5780000000000003,running,0,0
2026-04-22 09:57:33.224808,server_3,88.1,53.71426401620763,196.6,322,2.762,running,0,0
2026-04-22 09:58:33.224808,server_4,78.6,59.047862096876685,247.6,492,2.572,running,0,0
2026-04-22 09:59:33.224808,server_1,65.1,48.06124988753042,202.6,342,2.302,running,0,0
2026-04-22 10:00:33.224808,server_3,87.35,61.93655061757608,192.1,307,2.747,running,0,0
2026-04-22 10:01:33.224808,server_2,72.6,60.57567394082857,175.6,252,2.452,running,0,0
2026-04-22 10:02:33.224808,server_1,64.5,60.35934419331517,199.0,330,2.29,running,0,0
2026-04-22 10:03:33.224808,server_1,76.65,80.1843258912557,271.9,573,2.5330000000000004,running,0,0
2026-04-22 10:04:33.224808,server_3,85.65,60.48256469037859,181.9,273,2.713,running,0,0
2026-04-22 10:05:33.224808,server_3,84.35,48.5414556204865,174.1,247,2.687,running,0,0
2026-04-22 10:06:33.224808,server_1,73.65,54.17185670475946,253.9,513,2.473,running,0,0
2026-04-22 10:07:33.224808,server_4,78.95,58.22877305938116,249.7,499,2.579,running,0,0
2026-04-22 10:08:33.224808,server_4,80.45,65.33375994483042,258.7,529,2.609,running,0,0
2026-04-22 10:09:33.224808,server_3,56.459999999999994,60.32108567510247,232.6,442,2.882,running,0,0
2026-04-22 10:10:33.224808,server_4,71.45,75.1341402218243,204.7,349,2.4290000000000003,running,0,0
2026-04-22 10:11:33.224808,server_3,57.54,63.44773450503504,243.4,478,2.918,running,0,0
2026-04-22 10:12:33.224808,server_3,84.2,63.90723547157391,173.2,244,2.684,running,0,0
2026-04-22 10:13:33.224808,server_4,79.5,63.27936248024251,253.0,510,2.59,running,0,0
2026-04-22 10:14:33.224808,server_1,65.8,67.55902557878316,206.8,356,2.316,running,0,0
2026-04-22 10:15:33.224808,server_3,54.09,65.39870416469502,208.9,363,2.803,running,0,0
2026-04-22 10:16:33.224808,server_4,78.5,70.09509291442681,247.0,490,2.5700000000000003,running,0,0
2026-04-22 10:17:33.224808,server_3,58.349999999999994,58.24044036474217,251.5,505,2.9450000000000003,running,0,0
2026-04-22 10:18:33.224808,server_3,56.879999999999995,57.37985437429024,236.8,456,2.896,running,0,0
2026-04-22 10:19:33.224808,server_1,68.25,56.317653497044056,221.5,405,2.365,running,0,0
2026-04-22 10:20:33.224808,server_4,60.0,80.31269866667454,234.1,1341,3.0108,running,1,1
2026-04-22 10:21:33.224808,server_1,64.7,52.34992880651791,200.2,334,2.294,running,0,0
2026-04-22 10:22:33.224808,server_3,60.0,55.82731069080314,271.6,572,3.0,running,0,0
2026-04-22 10:23:33.224808,server_2,73.2,55.445064281023086,179.2,264,2.464,running,0,0
2026-04-22 10:24:33.224808,server_4,67.55,71.99898216213845,181.3,271,2.351,running,0,0
2026-04-22 10:25:33.224808,server_2,77.0,51.29198393993691,202.0,340,2.54,running,0,0
2026-04-22 10:26:33.224808,server_3,60.0,70.97584455988634,268.29999999999995,561,3.0,running,0,0
2026-04-22 10:27:33.224808,server_2,74.3,67.29214494239432,185.8,286,2.486,running,0,0
2026-04-22 10:28:33.224808,server_1,73.0,66.64110805760605,250.0,500,2.46,running,0,0
2026-04-22 10:29:33.224808,server_3,60.0,69.60922954452973,272.2,574,3.0,running,0,0
2026-04-22 10:30:33.224808,server_3,56.22,65.8431805862399,230.2,434,2.874,running,0,0
2026-04-22 10:31:33.224808,server_1,65.8,50.60189204888253,206.8,356,2.316,running,0,0
2026-04-22 10:32:33.224808,server_4,71.15,52.50946199201184,202.9,343,2.423,running,0,0
2026-04-22 10:33:33.224808,server_2,74.55,52.0167523147878,187.3,291,2.491,running,0,0
2026-04-22 10:34:33.224808,server_2,81.65,68.85501421056127,229.9,433,2.633,running,0,0
2026-04-22 10:35:33.224808,server_3,85.6,56.8092544688169,181.6,272,2.712,running,0,0
2026-04-22 10:36:33.224808,server_4,70.2,43.793230153511374,197.2,324,2.404,running,0,0
2026-04-22 10:37:33.224808,server_2,75.8,54.580218173362745,194.8,316,2.516,running,0,0
2026-04-22 10:38:33.224808,server_4,80.85,66.31833089966808,261.1,537,2.617,running,0,0
2026-04-22 10:39:33.224808,server_4,72.7,59.64598868291248,212.2,374,2.454,running,0,0
2026-04-22 10:40:33.224808,server_1,72.9,67.89302153884219,249.4,498,2.458,running,0,0
2026-04-22 10:41:33.224808,server_4,79.6,44.494568957374646,253.6,512,2.592,running,0,0
2026-04-22 10:42:33.224808,server_4,68.2,67.96487347887641,185.2,284,2.364,running,0,0
2026-04-22 10:43:33.224808,server_4,70.5,62.183606395616174,199.0,330,2.41,running,0,0
2026-04-22 10:44:33.224808,server_3,55.559999999999995,66.32428814450539,223.6,412,2.852,running,0,0
2026-04-22 10:45:33.224808,server_2,84.2,63.30092597068437,245.2,484,2.684,running,0,0
2026-04-22 10:46:33.224808,server_2,83.25,63.2687002086056,239.5,465,2.665,running,0,0
2026-04-22 10:47:33.224808,server_1,73.6,46.5368112111436,253.6,512,2.472,running,0,0
2026-04-22 10:48:33.224808,server_3,58.08,62.44574230620013,248.8,496,2.936,running,0,0
2026-04-22 10:49:33.224808,server_2,89.2,67.42144683674192,275.2,584,2.784,running,0,0
2026-04-22 10:50:33.224808,server_2,77.7,58.84001065558897,206.2,354,2.5540000000000003,running,0,0
2026-04-22 10:51:33.224808,server_3,55.199999999999996,67.28632813586503,220.0,400,2.84,running,0,0
2026-04-22 10:52:33.224808,server_2,83.4,48.13242285371192,220.2,468,4.2672,running,1,1
2026-04-22 10:53:33.224808,server_2,73.3,54.01296580222342,179.8,266,2.466,running,0,0
2026-04-22 10:54:33.224808,server_2,73.3,68.89176525177491,179.8,266,2.466,running,0,0
2026-04-22 10:55:33.224808,server_1,71.45,61.04989899009067,240.7,469,2.4290000000000003,running,0,0
2026-04-22 10:56:33.224808,server_4,75.5,60.11608219850599,229.0,430,2.51,running,0,0
2026-04-22 10:57:33.224808,server_3,84.6,72.90507117677252,175.6,252,2.692,running,0,0
2026-04-22 10:58:33.224808,server_3,87.8,67.95466208503058,194.8,316,2.756,running,0,0
2026-04-22 10:59:33.224808,server_2,83.1,63.24931908376995,238.6,462,2.662,running,0,0
2026-04-22 11:00:33.224808,server_3,56.879999999999995,51.23163116250732,236.8,456,2.896,running,0,0
2026-04-22 11:01:33.224808,server_4,70.35,58.81264509893548,198.1,327,2.407,running,0,0
2026-04-22 11:02:33.224808,server_2,75.15,44.214030986158896,190.9,303,2.503,running,0,0
2026-04-22 11:03:33.224808,server_4,79.2,48.08995323667112,251.2,504,2.584,running,0,0
2026-04-22 11:04:33.224808,server_2,73.5,60.620470355685335,181.0,270,2.47,running,0,0
2026-04-22 11:05:33.224808,server_1,65.3,50.59919240026359,203.8,346,2.306,running,0,0
2026-04-22 11:06:33.224808,server_2,75.9,52.543500921020446,195.4,318,2.518,running,0,0
2026-04-22 11:07:33.224808,server_4,72.75,70.34480780262587,212.5,375,2.455,running,0,0
2026-04-22 11:08:33.224808,server_1,68.15,46.10561454595384,220.9,403,2.3630000000000004,running,0,0
2026-04-22 11:09:33.224808,server_2,89.1,68.43508920107715,274.6,582,2.782,running,0,0
2026-04-22 11:10:33.224808,server_2,75.4,78.06735916628608,192.4,308,2.508,running,0,0
2026-04-22 11:11:33.224808,server_2,82.55,54.20461705645243,235.3,451,2.651,running,0,0
2026-04-22 11:12:33.224808,server_2,80.85,49.976277882729065,225.1,417,2.617,running,0,0
2026-04-22 11:13:33.224808,server_4,72.3,69.75701069255061,209.8,366,2.446,running,0,0
2026-04-22 11:14:33.224808,server_3,60.0,56.99899085393161,278.79999999999995,596,3.0,running,0,0
2026-04-22 11:15:33.224808,server_1,68.0,62.4559363330321,220.0,400,2.3600000000000003,running,0,0
2026-04-22 11:16:33.224808,server_4,66.15,57.16728271006252,172.89999999999998,243,2.3230000000000004,running,0,1
2026-04-22 11:17:33.224808,server_1,70.3,61.8960177538671,233.8,446,2.406,running,0,0
2026-04-22 11:18:33.224808,server_1,63.1,65.65744239885863,190.6,302,2.262,running,0,0
2026-04-22 11:19:33.224808,server_4,82.8,49.63427276911045,272.79999999999995,576,2.656,running,0,0
2026-04-22 11:20:33.224808,server_3,59.34,63.78808775292153,261.4,538,2.978,running,0,0
2026-04-22 11:21:33.224808,server_3,58.05,69.74771233021953,248.5,495,2.935,running,0,0
2026-04-22 11:22:33.224808,server_2,76.8,58.61329238990897,200.8,336,2.536,running,0,0
2026-04-22 11:23:33.224808,server_1,72.05,66.9851407880682,244.3,481,2.441,running,0,0
2026-04-22 11:24:33.224808,server_3,60.0,76.17440985932947,276.4,588,3.0,running,0,0
2026-04-22 11:25:33.224808,server_1,77.3,67.47052643448288,275.79999999999995,586,2.5460000000000003,running,0,0
2026-04-22 11:26:33.224808,server_1,74.55,68.20469578584887,259.29999999999995,531,2.491,running,0,0
2026-04-22 11:27:33.224808,server_2,89.25,45.72273092717688,275.5,585,2.785,running,0,0
2026-04-22 11:28:33.224808,server_4,67.25,76.12820927806484,179.5,265,2.345,running,0,0
2026-04-22 11:29:33.224808,server_1,69.7,50.25683952304625,230.2,434,2.394,running,0,0
2026-04-22 11:30:33.224808,server_2,88.35,52.88203095586337,270.1,567,2.767,running,0,0
2026-04-22 11:31:33.224808,server_2,87.5,62.67509022123267,265.0,550,2.75,running,0,0
2026-04-22 11:32:33.224808,server_1,68.1,46.08803117941937,220.6,402,2.362,running,0,0
2026-04-22 11:33:33.224808,server_3,60.0,42.56268280921061,275.79999999999995,586,3.0,running,0,0
2026-04-22 11:34:33.224808,server_4,82.65,60.29891116879704,271.9,573,2.653,running,0,0
2026-04-22 11:35:33.224808,server_4,80.0,83.38185686311803,256.0,520,2.6,running,0,0
2026-04-22 11:36:33.224808,server_1,61.4,44.70988289606437,190.2,268,4.0912,running,1,1
2026-04-22 11:37:33.224808,server_4,74.8,58.43622860199338,224.8,416,2.496,running,0,0
2026-04-22 11:38:33.224808,server_4,74.8,88.30768195966674,224.8,416,2.496,running,0,0
2026-04-22 11:39:33.224808,server_3,58.59,52.25479623150719,253.9,513,2.9530000000000003,running,0,0
2026-04-22 11:40:33.224808,server_1,69.65,71.52229022579957,229.9,433,2.393,running,0,0
2026-04-22 11:41:33.224808,server_1,72.15,50.41484208430349,244.9,483,2.443,running,0,0
2026-04-22 11:42:33.224808,server_2,79.9,57.76843759945748,219.4,398,2.598,running,0,0
2026-04-22 11:43:33.224808,server_1,67.0,68.49941827908977,214.0,380,2.34,running,0,0
2026-04-22 11:44:33.224808,server_2,79.2,65.80985808541793,215.2,384,2.584,running,0,0
2026-04-22 11:45:33.224808,server_4,70.35,50.99189077702571,199.05,327,4.1628,running,1,1
2026-04-22 11:46:33.224808,server_4,72.45,71.04815120470376,210.7,369,2.449,running,0,0
2026-04-22 11:47:33.224808,server_2,83.2,70.41086329189537,239.2,464,2.664,running,0,0
2026-04-22 11:48:33.224808,server_4,68.15,42.94133693445456,184.9,283,2.3630000000000004,running,0,0
2026-04-22 11:49:33.224808,server_1,61.85,63.21087439550116,183.1,277,2.237,running,0,0
2026-04-22 11:50:33.224808,server_4,71.2,61.02903180551816,203.2,344,2.4240000000000004,running,0,0
2026-04-22 11:51:33.224808,server_4,74.6,58.33233375939271,223.6,412,2.492,running,0,0
2026-04-22 11:52:33.224808,server_4,81.4,58.25674340185321,264.4,548,2.628,running,0,0
2026-04-22 11:53:33.224808,server_2,81.35,71.29051330358827,228.1,427,2.627,running,0,0
2026-04-22 11:54:33.224808,server_3,58.23,67.99497327887619,250.3,501,2.941,running,0,0
2026-04-22 11:55:33.224808,server_1,75.0,72.16026921831158,262.0,540,2.5,running,0,0
2026-04-22 11:56:33.224808,server_4,69.6,57.92922959745118,193.6,312,2.392,running,0,0
2026-04-22 11:57:33.224808,server_1,61.6,64.586654851009,181.6,272,2.232,running,0,0
2026-04-22 11:58:33.224808,server_4,71.7,51.04442874931155,206.2,354,2.434,running,0,0
2026-04-22 11:59:33.224808,server_4,81.2,30.828024786304645,263.2,544,2.624,running,0,0
2026-04-22 12:00:33.224808,server_2,76.2,69.32141840339445,197.2,324,2.524,running,0,0
2026-04-22 12:01:33.224808,server_4,72.35,57.979000201625006,210.1,367,2.447,running,0,0
2026-04-22 12:02:33.224808,server_3,60.0,57.92853001590497,273.4,578,3.0,running,0,0
2026-04-22 12:03:33.224808,server_1,76.5,57.24777673267078,271.0,570,2.53,running,0,0
2026-04-22 12:04:33.224808,server_1,61.85,50.46350065614663,183.1,277,2.237,running,0,0
2026-04-22 12:05:33.224808,server_1,75.7,60.13606677212132,266.2,554,2.514,running,0,0
2026-04-22 12:06:33.224808,server_4,68.45,45.08936352956688,186.7,289,2.369,running,0,0
2026-04-22 12:07:33.224808,server_1,64.9,53.30092682983775,201.4,338,2.298,running,0,0
2026-04-22 12:08:33.224808,server_4,70.05,71.55070952061519,196.3,321,2.401,running,0,0
2026-04-22 12:09:33.224808,server_2,88.9,54.54664704013693,273.4,578,2.778,running,0,0
2026-04-22 12:10:33.224808,server_2,72.95,50.97071558188718,177.7,259,2.459,running,0,0
2026-04-22 12:11:33.224808,server_2,74.45,55.38605563430579,186.7,289,2.489,running,0,0
2026-04-22 12:12:33.224808,server_1,68.85,56.85770145305255,225.1,417,2.377,running,0,0
2026-04-22 12:13:33.224808,server_2,77.3,54.49889858603974,203.8,346,2.5460000000000003,running,0,0
2026-04-22 12:14:33.224808,server_4,60.0,46.89586637037017,181.6,816,2.9408000000000003,running,1,1
2026-04-22 12:15:33.224808,server_4,81.9,53.07650048103222,267.4,558,2.638,running,0,0
2026-04-22 12:16:33.224808,server_4,67.7,51.70576569531277,182.2,274,2.354,running,0,0
2026-04-22 12:17:33.224808,server_1,72.0,66.78790514598253,244.0,480,2.44,running,0,0
2026-04-22 12:18:33.224808,server_3,57.059999999999995,53.180581147817335,238.6,462,2.902,running,0,0
2026-04-22 12:19:33.224808,server_4,73.95,63.85872555876311,219.7,399,2.479,running,0,0
2026-04-22 12:20:33.224808,server_4,71.3,51.0907176745026,203.8,346,2.426,running,0,0
2026-04-22 12:21:33.224808,server_3,57.72,57.06386321041337,245.2,484,2.9240000000000004,running,0,0
2026-04-22 12:22:33.224808,server_2,72.6,73.03056787689117,175.6,252,2.452,running,0,0
2026-04-22 12:23:33.224808,server_2,85.0,75.16758368553248,250.0,500,2.7,running,0,0
2026-04-22 12:24:33.224808,server_2,84.2,75.9310486534133,245.2,484,2.684,running,0,0
2026-04-22 12:25:33.224808,server_2,82.9,63.28562849827835,237.4,458,2.6580000000000004,running,0,0
2026-04-22 12:26:33.224808,server_4,75.2,69.20411877838451,227.2,424,2.504,running,0,0
2026-04-22 12:27:33.224808,server_3,85.2,56.99637032344968,179.2,264,2.704,running,0,0
2026-04-22 12:28:33.224808,server_1,65.3,68.1484881192623,203.8,346,2.306,running,0,0
2026-04-22 12:29:33.224808,server_3,60.0,70.99708522607904,166.75,890,2.885,running,1,1
2026-04-22 12:30:33.224808,server_2,76.0,59.20712011332419,196.0,320,2.52,running,0,0
2026-04-22 12:31:33.224808,server_2,81.5,46.4806510989108,229.0,430,2.63,running,0,0
2026-04-22 12:32:33.224808,server_4,81.05,65.37637594342137,262.29999999999995,541,2.621,running,0,0
2026-04-22 12:33:33.224808,server_2,89.5,64.80161380941226,277.0,590,2.79,running,0,0
2026-04-22 12:34:33.224808,server_1,71.8,58.59732727975172,242.8,476,2.436,running,0,0
2026-04-22 12:35:33.224808,server_1,60.65,61.1619969009246,175.89999999999998,253,2.213,running,0,0
2026-04-22 12:36:33.224808,server_2,79.8,56.71233192533407,218.8,396,2.596,running,0,0
2026-04-22 12:37:33.224808,server_1,61.6,50.37432473569213,181.6,272,2.232,running,0,0
2026-04-22 12:38:33.224808,server_4,80.0,56.35986915458359,256.0,520,2.6,running,0,0
2026-04-22 12:39:33.224808,server_3,58.349999999999994,70.22729269459319,251.5,505,2.9450000000000003,running,0,0
2026-04-22 12:40:33.224808,server_3,60.0,69.483646853577,178.89999999999998,1052,2.966,running,1,1
2026-04-22 12:41:33.224808,server_4,68.75,60.57259587446188,188.5,295,2.375,running,0,0
2026-04-22 12:42:33.224808,server_3,87.8,60.40378790220221,194.8,316,2.756,running,0,0
2026-04-22 12:43:33.224808,server_1,75.6,57.924637609629706,265.6,552,2.512,running,0,0
2026-04-22 12:44:33.224808,server_1,73.5,55.7595176614472,253.0,510,2.47,running,0,0
2026-04-22 12:45:33.224808,server_3,54.75,61.087198341870696,215.5,385,2.825,running,0,0
2026-04-22 12:46:33.224808,server_1,77.3,44.37050835781054,275.79999999999995,586,2.5460000000000003,running,0,0
2026-04-22 12:47:33.224808,server_3,85.6,59.00681676887358,181.6,272,2.712,running,0,0
2026-04-22 12:48:33.224808,server_3,54.54,60.25639792642945,213.4,378,2.818,running,0,0
2026-04-22 12:49:33.224808,server_3,58.08,58.381711097851024,248.8,496,2.936,running,0,0
2026-04-22 12:50:33.224808,server_1,67.05,54.84246707375858,214.3,381,2.341,running,0,0
2026-04-22 12:51:33.224808,server_2,89.5,48.61454615123765,277.0,590,2.79,running,0,0
2026-04-22 12:52:33.224808,server_1,75.15,40.33926571746188,262.9,543,2.503,running,0,0
2026-04-22 12:53:33.224808,server_3,54.209999999999994,62.67943997176184,210.1,367,2.807,running,0,0
2026-04-22 12:54:33.224808,server_1,75.65,68.11546518828698,265.9,553,2.513,running,0,0
2026-04-22 12:55:33.224808,server_1,61.65,49.38052746363813,181.9,273,2.233,running,0,0
2026-04-22 12:56:33.224808,server_2,87.9,62.18918117661731,267.4,558,2.758,running,0,0
2026-04-22 12:57:33.224808,server_1,70.5,66.06035211320038,235.0,450,2.41,running,0,0
2026-04-22 12:58:33.224808,server_4,78.9,60.2307401138424,249.4,498,2.5780000000000003,running,0,0
2026-04-22 12:59:33.224808,server_3,57.72,60.982347891686175,245.2,484,2.9240000000000004,running,0,0
2026-04-22 13:00:33.224808,server_3,60.0,35.74923163147154,150.95,673,3.0,running,0,0
2026-04-22 13:01:33.224808,server_2,60.0,42.03093790129414,158.89999999999998,726,3.0,running,0,0
2026-04-22 13:02:33.224808,server_4,59.519999999999996,76.00017685203692,290.2,634,2.984,running,0,0
2026-04-22 13:03:33.224808,server_2,59.25,60.711524406308165,242.5,475,2.975,running,0,0
2026-04-22 13:04:33.224808,server_2,58.949999999999996,49.31348346300128,239.5,465,2.965,running,0,0
2026-04-22 13:05:33.224808,server_4,86.15,69.39090823736313,205.95,373,4.2892,running,1,1
2026-04-22 13:06:33.224808,server_3,60.0,57.30046467024586,228.7,429,3.0,running,0,0
2026-04-22 13:07:33.224808,server_3,60.0,58.08896698636436,161.14999999999998,741,3.0,running,0,1
2026-04-22 13:08:33.224808,server_2,60.0,64.98911166352711,250.3,501,3.0,running,0,0
2026-04-22 13:09:33.224808,server_2,55.529999999999994,76.62021781428369,205.3,351,2.851,running,0,0
2026-04-22 13:10:33.224808,server_4,84.6,42.57983230032382,202.6,342,2.692,running,0,0
2026-04-22 13:11:33.224808,server_1,89.9,64.6757278362995,279.4,598,2.798,running,0,0
2026-04-22 13:12:33.224808,server_1,57.449999999999996,64.35079055509185,157.25,715,2.915,running,0,1
2026-04-22 13:13:33.224808,server_2,60.0,60.07016571275208,294.4,648,3.0,running,0,0
2026-04-22 13:14:33.224808,server_1,77.4,55.29939177375489,204.4,348,2.548,running,0,0
2026-04-22 13:15:33.224808,server_2,60.0,80.36527694631808,160.85,739,3.0,running,0,1
2026-04-22 13:16:33.224808,server_1,77.45,58.46453759377943,204.7,349,2.5490000000000004,running,0,0
2026-04-22 13:17:33.224808,server_3,60.0,63.944752184864114,274.9,583,3.0,running,0,0
2026-04-22 13:18:33.224808,server_2,56.01,53.877521353580605,210.1,367,2.867,running,0,0
2026-04-22 13:19:33.224808,server_2,55.92,46.04360590607384,209.2,364,2.864,running,0,0
2026-04-22 13:20:33.224808,server_2,60.0,63.56255437051357,278.2,594,3.0,running,0,0
2026-04-22 13:21:33.224808,server_1,82.2,60.45963512405414,233.2,444,2.644,running,0,0
2026-04-22 13:22:33.224808,server_4,56.07,67.92351429459389,255.7,519,2.869,running,0,0
2026-04-22 13:23:33.224808,server_1,55.529999999999994,62.95601366155001,295.29999999999995,651,2.851,running,0,1
2026-04-22 13:24:33.224808,server_3,60.0,70.50140286397955,207.4,358,3.0,running,0,0
2026-04-22 13:25:33.224808,server_2,59.699999999999996,74.8362816660177,247.0,490,2.99,running,0,0
2026-04-22 13:26:33.224808,server_4,86.7,71.99069605169605,215.2,384,2.734,running,0,0
2026-04-22 13:27:33.224808,server_2,60.0,60.7787824813474,158.6,724,3.0,running,0,0
2026-04-22 13:28:33.224808,server_3,60.0,48.75400482150328,298.9,663,3.0,running,0,0
2026-04-22 13:29:33.224808,server_4,60.0,50.86548888513484,154.85,699,3.0,running,0,0
2026-04-22 13:30:33.224808,server_2,58.14,53.84805307174285,215.7,438,4.3752,running,1,1
2026-04-22 13:31:33.224808,server_3,60.0,67.5889219484432,298.0,660,3.0,running,0,0
2026-04-22 13:32:33.224808,server_1,57.18,52.22957767025489,155.89999999999998,706,2.906,running,0,1
2026-04-22 13:33:33.224808,server_2,60.0,56.217490151059785,156.2,708,3.0,running,0,0
2026-04-22 13:34:33.224808,server_3,60.0,46.63864468234041,290.9,606,3.0,running,1,0
2026-04-22 13:35:33.224808,server_1,60.0,69.01646538098325,153.1,708,2.5540000000000003,running,1,1
2026-04-22 13:36:33.224808,server_4,60.0,60.16551898033086,295.6,652,3.0,running,0,0
2026-04-22 13:37:33.224808,server_3,60.0,58.22102061223296,156.35,709,3.0,running,0,0
2026-04-22 13:38:33.224808,server_1,58.08,68.89472199950131,160.39999999999998,736,2.936,running,0,1
2026-04-22 13:39:33.224808,server_3,60.0,51.19765836137194,216.4,388,3.0,running,0,0
2026-04-22 13:40:33.224808,server_1,81.3,57.766230150505095,227.8,426,2.626,running,0,0
2026-04-22 13:41:33.224808,server_2,60.0,73.11231742053904,285.7,619,3.0,running,0,0
2026-04-22 13:42:33.224808,server_4,60.0,68.65932901508013,161.6,744,3.0,running,0,1
2026-04-22 13:43:33.224808,server_4,55.35,50.03331142006331,248.5,495,2.845,running,0,0
2026-04-22 13:44:33.224808,server_4,60.0,34.116274967350975,160.39999999999998,736,3.0,running,0,1
2026-04-22 13:45:33.224808,server_4,54.99,55.34784787178721,244.9,483,2.833,running,0,0
2026-04-22 13:46:33.224808,server_3,60.0,51.9357416873773,236.2,454,3.0,running,0,0
2026-04-22 13:47:33.224808,server_4,60.0,64.87440775648608,158.14999999999998,721,3.0,running,0,0
2026-04-22 13:48:33.224808,server_1,75.9,62.14301396342054,195.4,318,2.518,running,0,0
2026-04-22 13:49:33.224808,server_2,59.49,47.59328552932512,244.9,483,2.983,running,0,0
2026-04-22 13:50:33.224808,server_2,60.0,62.99123285020632,298.0,660,3.0,running,0,0
2026-04-22 13:51:33.224808,server_2,58.67999999999999,52.5876171730867,236.8,456,2.956,running,0,0
2026-04-22 13:52:33.224808,server_4,84.9,41.24836883486486,204.4,348,2.6980000000000004,running,0,0
2026-04-22 13:53:33.224808,server_3,60.0,52.11948428421475,238.6,462,3.0,running,0,0
2026-04-22 13:54:33.224808,server_1,86.7,48.69199085458627,260.2,534,2.734,running,0,0
2026-04-22 13:55:33.224808,server_1,85.25,50.9224229151023,251.5,505,2.705,running,0,0
2026-04-22 13:56:33.224808,server_3,60.0,49.86491321553912,161.14999999999998,741,3.0,running,0,1
2026-04-22 13:57:33.224808,server_3,60.0,55.24963039934541,157.7,718,3.0,running,0,0
2026-04-22 13:58:33.224808,server_1,83.6,63.80977863949886,241.6,472,2.672,running,0,0
2026-04-22 13:59:33.224808,server_3,60.0,45.8458901562376,229.6,432,3.0,running,0,0
2026-04-22 14:00:33.224808,server_2,55.17,78.95218742873605,201.7,339,2.839,running,0,0
2026-04-22 14:01:33.224808,server_4,59.60999999999999,63.14722373680279,291.1,637,2.987,running,0,0
2026-04-22 14:02:33.224808,server_1,83.55,68.66932051281621,241.3,471,2.6710000000000003,running,0,0
2026-04-22 14:03:33.224808,server_2,60.0,57.381919898259504,299.2,664,3.0,running,0,0
2026-04-22 14:04:33.224808,server_3,60.0,72.27307495665993,199.65,331,4.4,running,1,1
2026-04-22 14:05:33.224808,server_4,84.35,63.40542880613785,201.1,337,2.687,running,0,0
2026-04-22 14:06:33.224808,server_1,89.7,77.08858259290214,278.2,594,2.794,running,0,0
2026-04-22 14:07:33.224808,server_4,58.8,58.91447194617469,283.0,610,2.96,running,0,0
2026-04-22 14:08:33.224808,server_3,60.0,56.79984619730955,205.6,352,3.0,running,0,0
2026-04-22 14:09:33.224808,server_3,60.0,55.8019998205361,202.0,340,3.0,running,0,1
2026-04-22 14:10:33.224808,server_2,54.18,71.708122414213,191.8,306,2.806,running,0,0
2026-04-22 14:11:33.224808,server_1,85.65,71.4722720432526,253.9,513,2.713,running,0,0
2026-04-22 14:12:33.224808,server_4,85.25,55.25225973442936,206.5,355,2.705,running,0,0
2026-04-22 14:13:33.224808,server_2,56.60999999999999,58.54634587904779,216.1,387,2.887,running,0,0
2026-04-22 14:14:33.224808,server_1,55.62,48.6566549226636,296.2,654,2.854,running,0,1
2026-04-22 14:15:33.224808,server_2,58.85999999999999,66.37523497031407,238.6,462,2.962,running,0,0
2026-04-22 14:16:33.224808,server_4,88.55,62.1864459143809,226.3,421,2.771,running,0,0
2026-04-22 14:17:33.224808,server_4,57.27,60.31958770034639,267.7,559,2.909,running,0,0
2026-04-22 14:18:33.224808,server_4,60.0,72.44924858660183,156.8,712,3.0,running,0,0
2026-04-22 14:19:33.224808,server_1,83.45,61.43743623473286,240.7,469,2.669,running,0,0
2026-04-22 14:20:33.224808,server_3,60.0,56.53605442059228,253.65,691,4.4,running,1,1
2026-04-22 14:21:33.224808,server_2,54.9,54.3786807389046,199.0,330,2.83,running,0,0
2026-04-22 14:22:33.224808,server_3,60.0,49.3597739482116,287.5,625,3.0,running,0,0
2026-04-22 14:23:33.224808,server_1,56.55,58.68634664590459,152.75,685,2.885,running,0,1
2026-04-22 14:24:33.224808,server_4,55.559999999999995,59.539192824886605,250.6,502,2.852,running,0,0
2026-04-22 14:25:33.224808,server_2,58.769999999999996,87.00602101418028,237.7,459,2.959,running,0,0
2026-04-22 14:26:33.224808,server_3,60.0,52.51464698462833,155.89999999999998,706,3.0,running,0,0
2026-04-22 14:27:33.224808,server_1,57.809999999999995,66.04944026406623,159.05,727,2.927,running,0,1
2026-04-22 14:28:33.224808,server_2,58.949999999999996,65.57151737720406,239.5,465,2.965,running,0,0
2026-04-22 14:29:33.224808,server_2,60.0,55.50744166355834,254.8,516,3.0,running,0,0
2026-04-22 14:30:33.224808,server_1,85.65,47.81581723397285,253.9,513,2.713,running,0,0
2026-04-22 14:31:33.224808,server_4,56.64,45.859302323927714,261.4,538,2.888,running,0,0
2026-04-22 14:32:33.224808,server_2,60.0,65.69309891846783,298.29999999999995,661,3.0,running,0,0
2026-04-22 14:33:33.224808,server_4,58.08,66.62212027966598,275.79999999999995,586,2.936,running,0,0
2026-04-22 14:34:33.224808,server_1,76.4,49.98752579986329,198.4,328,2.528,running,0,0
2026-04-22 14:35:33.224808,server_1,79.25,58.980638823968,215.5,385,2.585,running,0,0
2026-04-22 14:36:33.224808,server_4,60.0,71.07707141985337,299.2,664,3.0,running,0,0
2026-04-22 14:37:33.224808,server_3,60.0,58.5607291493009,151.39999999999998,676,3.0,running,0,0
2026-04-22 14:38:33.224808,server_4,57.54,61.732451621370046,270.4,568,2.918,running,0,0
2026-04-22 14:39:33.224808,server_4,60.0,70.75705425699915,159.5,730,3.0,running,0,1
2026-04-22 14:40:33.224808,server_3,60.0,59.45702206901567,151.7,678,3.0,running,0,0
2026-04-22 14:41:33.224808,server_3,60.0,39.32220512167728,150.5,670,3.0,running,0,0
2026-04-22 14:42:33.224808,server_4,58.14,48.2774239219012,276.4,588,2.938,running,0,0
2026-04-22 14:43:33.224808,server_4,55.26,72.33943653805389,247.6,492,2.842,running,0,0
2026-04-22 14:44:33.224808,server_4,58.709999999999994,49.22496869092068,282.1,607,2.957,running,0,0
2026-04-22 14:45:33.224808,server_3,60.0,81.34643506468696,260.2,534,3.0,running,0,0
2026-04-22 14:46:33.224808,server_2,57.27,65.03710058720613,222.7,409,2.909,running,0,0
2026-04-22 14:47:33.224808,server_2,54.809999999999995,61.978156244514444,198.1,327,2.827,running,0,0
2026-04-22 14:48:33.224808,server_1,54.54,63.80330383299934,285.4,618,2.818,running,0,0
2026-04-22 14:49:33.224808,server_1,75.35,68.59461852526518,192.1,307,2.507,running,0,0
2026-04-22 14:50:33.224808,server_3,60.0,67.06762490663341,224.2,414,3.0,running,0,0
2026-04-22 14:51:33.224808,server_4,57.779999999999994,71.03848335724702,272.79999999999995,576,2.926,running,0,0
2026-04-22 14:52:33.224808,server_4,60.0,70.51192160414068,156.35,709,3.0,running,0,0
2026-04-22 14:53:33.224808,server_3,60.0,54.66719538920609,282.1,607,3.0,running,0,0
2026-04-22 14:54:33.224808,server_3,60.0,63.04325582256183,270.4,568,3.0,running,0,0
2026-04-22 14:55:33.224808,server_4,60.0,52.49482753219793,160.25,735,3.0,running,0,1
2026-04-22 14:56:33.224808,server_2,60.0,83.10019181982452,292.0,640,3.0,running,0,0
2026-04-22 14:57:33.224808,server_2,60.0,29.15084332134437,153.64999999999998,2073,3.2,running,1,1
2026-04-22 14:58:33.224808,server_1,87.45,55.510130068781805,264.7,549,2.749,running,0,0
2026-04-22 14:59:33.224808,server_2,55.35,42.20195010006747,201.75,345,4.338,running,1,1
2026-04-22 15:00:33.224808,server_3,60.0,51.91515792455443,217.0,1170,3.2,running,1,1
2026-04-22 15:01:33.224808,server_4,84.75,84.08063075431696,203.5,345,2.6950000000000003,running,0,0
2026-04-22 15:02:33.224808,server_3,60.0,60.32582333429859,279.1,597,3.0,running,0,0
2026-04-22 15:03:33.224808,server_4,57.72,54.42793994299671,272.2,574,2.9240000000000004,running,0,0
2026-04-22 15:04:33.224808,server_2,60.0,71.25137419235928,264.7,549,3.0,running,0,0
2026-04-22 15:05:33.224808,server_4,89.4,61.14986981030164,231.4,438,2.7880000000000003,running,0,0
2026-04-22 15:06:33.224808,server_4,54.75,52.28173546131504,242.5,475,2.825,running,0,0
2026-04-22 15:07:33.224808,server_1,77.1,66.07650180905513,202.6,342,2.542,running,0,0
2026-04-22 15:08:33.224808,server_2,54.629999999999995,76.86041419468316,196.3,321,2.821,running,0,0
2026-04-22 15:09:33.224808,server_1,79.65,58.9002798663211,217.9,393,2.593,running,0,0
2026-04-22 15:10:33.224808,server_4,86.45,51.518369429224784,213.7,379,2.729,running,0,0
2026-04-22 15:11:33.224808,server_4,83.7,49.67884925080644,197.2,324,2.6740000000000004,running,0,0
2026-04-22 15:12:33.224808,server_1,55.35,73.29927111084073,293.5,645,2.845,running,0,1
2026-04-22 15:13:33.224808,server_1,76.7,71.1632574286222,200.2,334,2.534,running,0,0
2026-04-22 15:14:33.224808,server_1,87.35,52.26283293992683,264.1,547,2.747,running,0,0
2026-04-22 15:15:33.224808,server_4,56.190000000000005,67.55805260486775,256.9,523,2.873,running,0,0
2026-04-22 15:16:33.224808,server_4,57.779999999999994,55.02737812080802,272.79999999999995,576,2.926,running,0,0
2026-04-22 15:17:33.224808,server_1,85.1,60.90791758690208,250.6,502,2.702,running,0,0
2026-04-22 15:18:33.224808,server_4,83.7,63.62432009738346,197.2,324,2.6740000000000004,running,0,0
2026-04-22 15:19:33.224808,server_3,60.0,78.19560400905894,234.4,448,3.0,running,0,0
2026-04-22 15:20:33.224808,server_1,79.55,55.1679457173318,217.3,391,2.591,running,0,0
2026-04-22 15:21:33.224808,server_1,83.25,74.16370195329173,239.5,465,2.665,running,0,0
2026-04-22 15:22:33.224808,server_2,60.0,51.82035867912692,277.6,592,3.0,running,0,0
2026-04-22 15:23:33.224808,server_4,56.60999999999999,73.69895786829943,261.1,537,2.887,running,0,0
2026-04-22 15:24:33.224808,server_3,60.0,51.38415989348423,250.3,501,3.0,running,0,0
2026-04-22 15:25:33.224808,server_1,86.0,62.147645003082346,256.0,520,2.72,running,0,0
2026-04-22 15:26:33.224808,server_3,60.0,59.14760769968008,252.1,507,3.0,running,0,0
2026-04-22 15:27:33.224808,server_1,83.15,58.63050140270434,238.9,463,2.6630000000000003,running,0,0
2026-04-22 15:28:33.224808,server_4,60.0,68.07854448924401,153.95,693,3.0,running,0,0
2026-04-22 15:29:33.224808,server_2,60.0,54.094379807113285,161.14999999999998,741,3.0,running,0,1
2026-04-22 15:30:33.224808,server_4,86.25,78.77553929869232,212.5,375,2.725,running,0,0
2026-04-22 15:31:33.224808,server_3,60.0,59.67989775211326,253.3,511,3.0,running,0,0
2026-04-22 15:32:33.224808,server_4,85.25,62.54250275644981,206.5,355,2.705,running,0,0
2026-04-22 15:33:33.224808,server_3,60.0,67.54065274681915,299.2,664,3.0,running,0,0
2026-04-22 15:34:33.224808,server_3,60.0,52.39971604670173,228.7,429,3.0,running,0,0
2026-04-22 15:35:33.224808,server_3,60.0,62.24366462994188,204.4,348,3.0,running,0,1
2026-04-22 15:36:33.224808,server_4,55.62,68.90777733085574,251.2,504,2.854,running,0,0
2026-04-22 15:37:33.224808,server_4,59.67,57.07519983701594,291.7,639,2.989,running,0,0
2026-04-22 15:38:33.224808,server_3,60.0,61.96149151492619,237.75,585,4.4,running,1,1
2026-04-22 15:39:33.224808,server_1,80.3,71.21346565009347,221.8,406,2.606,running,0,0
2026-04-22 15:40:33.224808,server_3,60.0,62.054157968160666,248.8,1488,3.2,running,1,1
2026-04-22 15:41:33.224808,server_4,57.599999999999994,45.39472812999941,271.0,570,2.92,running,0,0
2026-04-22 15:42:33.224808,server_2,55.29,69.61169048222652,202.9,343,2.843,running,0,0
2026-04-22 15:43:33.224808,server_3,60.0,57.00375611508237,198.4,328,3.0,running,0,1
2026-04-22 15:44:33.224808,server_4,60.0,37.48090421981352,157.7,718,3.0,running,0,0
2026-04-22 15:45:33.224808,server_3,60.0,65.08344032493248,294.4,648,3.0,running,0,0
2026-04-22 15:46:33.224808,server_4,60.0,64.15413103477044,295.6,652,3.0,running,0,0
2026-04-22 15:47:33.224808,server_3,60.0,76.51338355632193,292.6,642,3.0,running,0,0
2026-04-22 15:48:33.224808,server_2,60.0,63.936615383136136,280.0,600,3.0,running,0,0
2026-04-22 15:49:33.224808,server_4,54.39,52.5296459983126,238.9,463,2.813,running,0,0
2026-04-22 15:50:33.224808,server_1,56.879999999999995,50.52329486152351,154.39999999999998,696,2.896,running,0,1
2026-04-22 15:51:33.224808,server_1,54.39,64.64039766595234,283.9,613,2.813,running,0,0
2026-04-22 15:52:33.224808,server_1,60.0,51.14472908597944,173.35,978,2.689,running,1,1
2026-04-22 15:53:33.224808,server_2,54.12,53.093387556713495,191.2,304,2.8040000000000003,running,0,0
2026-04-22 15:54:33.224808,server_2,60.0,76.50524837704961,158.45,723,3.0,running,0,0
2026-04-22 15:55:33.224808,server_2,54.72,66.45466687173008,197.2,324,2.824,running,0,0
2026-04-22 15:56:33.224808,server_3,60.0,37.80162429989228,242.5,475,3.0,running,0,0
2026-04-22 15:57:33.224808,server_2,60.0,77.24033174868542,251.2,504,3.0,running,0,0
2026-04-22 15:58:33.224808,server_3,60.0,52.6349102232575,191.8,306,3.0,running,0,1
2026-04-22 15:59:33.224808,server_4,88.85,34.15367470969571,228.1,427,2.777,running,0,0
2026-04-22 16:00:33.224808,server_1,86.85,61.4131447689074,261.1,537,2.737,running,0,0
2026-04-22 16:01:33.224808,server_4,54.57,56.429324007519234,240.7,469,2.819,running,0,0
2026-04-22 16:02:33.224808,server_3,60.0,81.51784668267278,245.2,484,3.0,running,0,0
2026-04-22 16:03:33.224808,server_1,54.54,57.89487978493076,285.4,618,2.818,running,0,0
2026-04-22 16:04:33.224808,server_1,60.0,76.25797498620213,162.2,2244,3.1792000000000002,running,1,1
2026-04-22 16:05:33.224808,server_4,54.209999999999994,49.6517256719436,237.1,457,2.807,running,0,0
2026-04-22 16:06:33.224808,server_3,60.0,54.87750391449375,243.1,477,3.0,running,0,0
2026-04-22 16:07:33.224808,server_4,58.709999999999994,47.82003951194389,282.1,607,2.957,running,0,0
2026-04-22 16:08:33.224808,server_4,88.2,69.09273799847607,224.2,414,2.764,running,0,0
2026-04-22 16:09:33.224808,server_3,60.0,79.63304511558533,206.2,354,3.0,running,0,0
2026-04-22 16:10:33.224808,server_3,60.0,53.47703032048631,290.2,634,3.0,running,0,0
2026-04-22 16:11:33.224808,server_4,58.949999999999996,51.3222470582276,284.5,615,2.965,running,0,0
2026-04-22 16:12:33.224808,server_4,60.0,94.08791609655378,162.05,747,3.0,running,0,1
2026-04-22 16:13:33.224808,server_1,80.6,51.43797020023062,223.6,412,2.612,running,0,0
2026-04-22 16:14:33.224808,server_4,60.0,44.95786954301534,158.45,723,3.0,running,0,0
2026-04-22 16:15:33.224808,server_3,60.0,78.23371963949677,155.75,705,3.0,running,0,0
2026-04-22 16:16:33.224808,server_2,60.0,58.935121780362905,158.14999999999998,721,3.0,running,0,0
2026-04-22 16:17:33.224808,server_3,60.0,51.11037420340247,278.2,594,3.0,running,0,0
2026-04-22 16:18:33.224808,server_3,60.0,46.09150489696347,151.25,675,3.0,running,0,0
2026-04-22 16:19:33.224808,server_2,60.0,50.881469040110325,275.79999999999995,586,3.0,running,0,0
2026-04-22 16:20:33.224808,server_1,85.05,59.62167467949281,250.3,501,2.701,running,0,0
2026-04-22 16:21:33.224808,server_1,80.45,69.03251130432027,222.7,409,2.609,running,0,0
2026-04-22 16:22:33.224808,server_2,56.82,47.0938254898056,218.2,394,2.894,running,0,0
2026-04-22 16:23:33.224808,server_1,60.0,45.42255830106306,216.4,1164,3.0352,running,1,1
2026-04-22 16:24:33.224808,server_1,58.05,76.37022607071711,160.25,735,2.935,running,0,1
2026-04-22 16:25:33.224808,server_2,60.0,52.164070327868224,267.4,558,3.0,running,0,0
2026-04-22 16:26:33.224808,server_1,85.5,59.94013404278053,253.0,510,2.71,running,0,0
2026-04-22 16:27:33.224808,server_2,59.07,55.84538122239336,240.7,469,2.9690000000000003,running,0,0
2026-04-22 16:28:33.224808,server_1,84.2,71.16756540200291,245.2,484,2.684,running,0,0
2026-04-22 16:29:33.224808,server_1,85.95,57.390838856175485,255.7,519,2.7190000000000003,running,0,0
2026-04-22 16:30:33.224808,server_4,56.52,67.3508194659156,260.2,534,2.8840000000000003,running,0,0
2026-04-22 16:31:33.224808,server_3,60.0,46.42571315083221,236.2,454,3.0,running,0,0
2026-04-22 16:32:33.224808,server_3,60.0,59.96829412455869,280.9,603,3.0,running,0,0
2026-04-22 16:33:33.224808,server_2,55.440000000000005,68.02596356041332,204.4,348,2.848,running,0,0
2026-04-22 16:34:33.224808,server_1,81.6,60.2311287261191,229.6,432,2.632,running,0,0
2026-04-22 16:35:33.224808,server_1,79.65,50.293706543045495,217.9,393,2.593,running,0,0
2026-04-22 16:36:33.224808,server_4,56.459999999999994,67.26640665733493,259.6,532,2.882,running,0,0
2026-04-22 16:37:33.224808,server_4,84.75,61.01374668604087,203.5,345,2.6950000000000003,running,0,0
2026-04-22 16:38:33.224808,server_1,83.85,59.78538465099254,243.1,477,2.677,running,0,0
2026-04-22 16:39:33.224808,server_4,57.69,54.56799545656617,271.9,573,2.923,running,0,0
2026-04-22 16:40:33.224808,server_4,58.8,72.44985762868487,283.0,610,2.96,running,0,0
2026-04-22 16:41:33.224808,server_3,60.0,48.86515412227335,153.2,688,3.0,running,0,0
2026-04-22 16:42:33.224808,server_4,60.0,57.77911628602772,153.2,688,3.0,running,0,0
2026-04-22 16:43:33.224808,server_1,87.5,43.87316994997139,265.0,550,2.75,running,0,0
2026-04-22 16:44:33.224808,server_4,87.8,56.168577554891655,221.8,406,2.756,running,0,0
2026-04-22 16:45:33.224808,server_3,60.0,55.06392867243789,151.39999999999998,676,3.0,running,0,0
2026-04-22 16:46:33.224808,server_4,89.75,61.51791291360973,233.5,445,2.795,running,0,0
2026-04-22 16:47:33.224808,server_1,82.55,72.36179671404147,235.3,451,2.651,running,0,0
2026-04-22 16:48:33.224808,server_3,60.0,64.87011457762564,159.95,733,3.0,running,0,1
2026-04-22 16:49:33.224808,server_3,60.0,58.59763265058013,162.05,747,3.0,running,0,1
2026-04-22 16:50:33.224808,server_3,60.0,84.99403305770649,193.0,310,3.0,running,0,1
2026-04-22 16:51:33.224808,server_2,60.0,35.32389086300977,263.79999999999995,546,3.0,running,0,0
2026-04-22 16:52:33.224808,server_3,60.0,52.43467388852898,272.2,574,3.0,running,0,0
2026-04-22 16:53:33.224808,server_1,77.45,59.734477653744406,204.7,349,2.5490000000000004,running,0,0
2026-04-22 16:54:33.224808,server_2,55.8,54.89230520620211,208.0,360,2.8600000000000003,running,0,0
2026-04-22 16:55:33.224808,server_4,54.629999999999995,59.57891282425198,241.3,471,2.821,running,0,0
2026-04-22 16:56:33.224808,server_4,86.25,52.47685898787673,212.5,375,2.725,running,0,0
2026-04-22 16:57:33.224808,server_2,60.0,59.67412058635008,273.1,577,3.0,running,0,0
2026-04-22 16:58:33.224808,server_1,56.97,55.05312554058466,154.85,699,2.899,running,0,1
2026-04-22 16:59:33.224808,server_4,55.379999999999995,63.92049831855998,224.4,496,4.3384,running,1,1
2026-04-22 17:00:33.224808,server_2,84.3,48.72516657721052,215.8,386,2.686,running,0,0
2026-04-22 17:01:33.224808,server_2,79.65,61.73691892725383,187.9,293,2.593,running,0,0
2026-04-22 17:02:33.224808,server_1,70.9,56.302688305638746,213.4,378,2.418,running,0,0
2026-04-22 17:03:33.224808,server_3,60.0,60.218062373042166,292.0,640,3.0,running,0,0
2026-04-22 17:04:33.224808,server_3,59.82,68.83150537677555,230.2,434,2.994,running,0,0
2026-04-22 17:05:33.224808,server_3,60.0,75.8792040097619,260.79999999999995,536,3.0,running,0,0
2026-04-22 17:06:33.224808,server_3,60.0,62.600684331845535,277.29999999999995,591,3.0,running,0,0
2026-04-22 17:07:33.224808,server_2,81.25,64.3561143779462,197.5,325,2.625,running,0,0
2026-04-22 17:08:33.224808,server_3,59.49,56.99823495901304,226.9,423,2.983,running,0,0
2026-04-22 17:09:33.224808,server_3,59.94,73.31657597676174,231.4,438,2.998,running,0,0
2026-04-22 17:10:33.224808,server_4,85.5,57.73420894241283,262.0,540,2.71,running,0,0
2026-04-22 17:11:33.224808,server_3,60.0,51.42249587180414,277.29999999999995,591,3.0,running,0,0
2026-04-22 17:12:33.224808,server_3,60.0,58.16163191742172,280.9,603,3.0,running,0,0
2026-04-22 17:13:33.224808,server_1,70.7,74.82121859383662,212.2,374,2.414,running,0,0
2026-04-22 17:14:33.224808,server_1,67.0,63.85247705097956,190.0,300,2.34,running,0,0
2026-04-22 17:15:33.224808,server_1,65.9,71.46998660455432,183.4,278,2.318,running,0,0
2026-04-22 17:16:33.224808,server_3,56.58,54.4375673380204,197.8,326,2.886,running,0,0
2026-04-22 17:17:33.224808,server_4,79.45,45.08696311306377,225.7,419,2.589,running,0,0
2026-04-22 17:18:33.224808,server_2,54.629999999999995,53.7544876172615,256.29999999999995,521,2.821,running,0,0
2026-04-22 17:19:33.224808,server_3,60.0,54.25739307582597,287.2,624,3.0,running,0,0
2026-04-22 17:20:33.224808,server_2,57.029999999999994,48.394698557455,280.29999999999995,601,2.901,running,0,0
2026-04-22 17:21:33.224808,server_1,66.75,59.867455975350666,188.5,295,2.335,running,0,0
2026-04-22 17:22:33.224808,server_2,82.9,50.67744583408424,207.4,358,2.6580000000000004,running,0,0
2026-04-22 17:23:33.224808,server_3,60.0,61.76761718617343,281.2,604,3.0,running,0,0
2026-04-22 17:24:33.224808,server_4,81.6,44.16433708609496,238.6,462,2.632,running,0,0
2026-04-22 17:25:33.224808,server_3,60.0,68.24179692743381,228.0,520,4.4,running,1,1
2026-04-22 17:26:33.224808,server_4,81.9,65.01686906681653,240.4,468,2.638,running,0,0
2026-04-22 17:27:33.224808,server_2,86.25,58.34550349482311,227.5,425,2.725,running,0,0
2026-04-22 17:28:33.224808,server_1,73.7,58.110672743553096,230.2,434,2.474,running,0,0
2026-04-22 17:29:33.224808,server_4,76.7,68.79983361963457,209.2,364,2.534,running,0,0
2026-04-22 17:30:33.224808,server_4,73.25,54.391821253010775,188.5,295,2.465,running,0,0
2026-04-22 17:31:33.224808,server_1,83.45,48.20945826714372,288.7,629,2.669,running,0,0
2026-04-22 17:32:33.224808,server_3,60.0,51.88993915409779,288.7,629,3.0,running,0,0
2026-04-22 17:33:33.224808,server_4,75.3,70.79465599647335,200.8,336,2.506,running,0,0
2026-04-22 17:34:33.224808,server_3,57.12,39.43036792887577,203.2,344,2.904,running,0,0
2026-04-22 17:35:33.224808,server_4,78.55,73.48052182595043,220.3,401,2.571,running,0,0
2026-04-22 17:36:33.224808,server_4,75.5,47.06405072605495,202.0,340,2.51,running,0,0
2026-04-22 17:37:33.224808,server_1,66.75,70.68294502950263,188.5,295,2.335,running,0,0
2026-04-22 17:38:33.224808,server_1,83.5,60.907155642419845,289.0,630,2.67,running,0,0
2026-04-22 17:39:33.224808,server_4,87.55,54.53481750889557,274.29999999999995,581,2.751,running,0,0
2026-04-22 17:40:33.224808,server_3,58.98,35.894254847030744,221.8,406,2.966,running,0,0
2026-04-22 17:41:33.224808,server_3,60.0,66.50206394792426,273.7,579,3.0,running,0,0
2026-04-22 17:42:33.224808,server_1,80.75,51.171488341273815,272.5,575,2.615,running,0,0
2026-04-22 17:43:33.224808,server_3,60.0,60.56550508872758,237.1,457,3.0,running,0,0
2026-04-22 17:44:33.224808,server_1,84.15,50.19853767928642,292.9,643,2.683,running,0,1
2026-04-22 17:45:33.224808,server_1,68.9,67.56330418983094,201.4,338,2.378,running,0,0
2026-04-22 17:46:33.224808,server_3,60.0,42.78012705080346,232.0,440,3.0,running,0,0
2026-04-22 17:47:33.224808,server_1,82.55,76.50269631591195,283.29999999999995,611,2.651,running,0,0
2026-04-22 17:48:33.224808,server_2,81.15,68.2440126132938,196.9,323,2.623,running,0,0
2026-04-22 17:49:33.224808,server_1,71.95,67.2121588163912,219.7,399,2.439,running,0,0
2026-04-22 17:50:33.224808,server_1,68.55,64.36068093896455,199.3,331,2.371,running,0,0
2026-04-22 17:51:33.224808,server_3,58.41,71.06229428829175,216.1,387,2.947,running,0,0
2026-04-22 17:52:33.224808,server_3,60.0,60.4409307222636,278.79999999999995,596,3.0,running,0,0
2026-04-22 17:53:33.224808,server_4,80.65,63.190174307492114,232.9,443,2.6130000000000004,running,0,0
2026-04-22 17:54:33.224808,server_3,60.0,54.32005279606306,215.8,1158,3.1784,running,1,1
2026-04-22 17:55:33.224808,server_2,83.85,66.02853506307493,213.1,377,2.677,running,0,0
2026-04-22 17:56:33.224808,server_1,77.6,65.38961284269759,253.6,512,2.552,running,0,0
2026-04-22 17:57:33.224808,server_1,83.2,51.213771512477976,287.2,624,2.664,running,0,0
2026-04-22 17:58:33.224808,server_4,77.0,52.0026227279816,211.0,370,2.54,running,0,0
2026-04-22 17:59:33.224808,server_4,85.9,45.30460384891016,264.4,548,2.718,running,0,0
2026-04-22 18:00:33.224808,server_4,80.3,64.86486107569507,230.8,436,2.606,running,0,0
2026-04-22 18:01:33.224808,server_1,69.25,54.70167508563711,203.5,345,2.385,running,0,0
2026-04-22 18:02:33.224808,server_3,58.769999999999996,58.81905772299074,219.7,399,2.959,running,0,0
2026-04-22 18:03:33.224808,server_4,83.25,72.65321001902558,248.5,495,2.665,running,0,0
2026-04-22 18:04:33.224808,server_2,56.190000000000005,63.40988062745011,271.9,573,2.873,running,0,0
2026-04-22 18:05:33.224808,server_4,80.6,70.92720105068875,232.6,442,2.612,running,0,0
2026-04-22 18:06:33.224808,server_4,85.05,74.77458828403584,259.29999999999995,531,2.701,running,0,0
2026-04-22 18:07:33.224808,server_3,55.85999999999999,63.29475363771976,195.3,302,4.3448,running,1,1
2026-04-22 18:08:33.224808,server_2,82.8,69.77023109006358,206.8,356,2.656,running,0,0
2026-04-22 18:09:33.224808,server_2,57.72,51.38628287757727,287.2,624,2.9240000000000004,running,0,0
2026-04-22 18:10:33.224808,server_4,80.85,70.3586220283641,234.1,447,2.617,running,0,0
2026-04-22 18:11:33.224808,server_3,60.0,63.623879715027954,234.1,447,3.0,running,0,0
2026-04-22 18:12:33.224808,server_2,89.1,38.64106033830598,244.6,482,2.782,running,0,0
2026-04-22 18:13:33.224808,server_1,75.2,53.646028470310405,239.2,464,2.504,running,0,0
2026-04-22 18:14:33.224808,server_3,60.0,55.87019190108465,247.0,490,3.0,running,0,0
2026-04-22 18:15:33.224808,server_4,54.029999999999994,65.45024246406058,289.29999999999995,631,2.801,running,0,0
2026-04-22 18:16:33.224808,server_3,55.83,67.60315636169592,190.3,301,2.861,running,0,1
2026-04-22 18:17:33.224808,server_3,57.99,47.46779084056371,211.9,373,2.933,running,0,0
2026-04-22 18:18:33.224808,server_4,79.6,69.98056265298621,226.6,422,2.592,running,0,0
2026-04-22 18:19:33.224808,server_4,87.55,54.71286652035101,274.29999999999995,581,2.751,running,0,0
2026-04-22 18:20:33.224808,server_4,60.0,45.91831660193087,187.75,1170,2.755,running,1,1
2026-04-22 18:21:33.224808,server_4,83.25,62.35061680948767,248.5,495,2.665,running,0,0
2026-04-22 18:22:33.224808,server_1,67.65,61.33812527233341,193.9,313,2.353,running,0,0
2026-04-22 18:23:33.224808,server_1,80.7,67.56910981869987,272.2,574,2.614,running,0,0
2026-04-22 18:24:33.224808,server_2,85.95,65.02209621486813,225.7,419,2.7190000000000003,running,0,0
2026-04-22 18:25:33.224808,server_3,60.0,53.54478935596953,216.3,442,4.4,running,1,1
2026-04-22 18:26:33.224808,server_3,60.0,50.97103643089666,240.4,468,3.0,running,0,0
2026-04-22 18:27:33.224808,server_1,71.95,45.2163286786257,219.7,399,2.439,running,0,0
2026-04-22 18:28:33.224808,server_3,60.0,35.49212327216175,236.8,456,3.0,running,0,0
2026-04-22 18:29:33.224808,server_3,59.099999999999994,74.78064626117568,223.0,410,2.97,running,0,0
2026-04-22 18:30:33.224808,server_3,60.0,69.82253304512079,252.7,509,3.0,running,0,0
2026-04-22 18:31:33.224808,server_3,60.0,77.90004810988741,290.5,635,3.0,running,0,0
2026-04-22 18:32:33.224808,server_2,87.35,50.76561222412303,234.1,447,2.747,running,0,0
2026-04-22 18:33:33.224808,server_3,56.940000000000005,54.30708011100539,201.4,338,2.898,running,0,0
2026-04-22 18:34:33.224808,server_2,78.5,87.04820083896377,181.0,270,2.5700000000000003,running,0,0
2026-04-22 18:35:33.224808,server_3,60.0,64.89280752281037,236.8,456,3.0,running,0,0
2026-04-22 18:36:33.224808,server_2,79.4,58.91997426755947,186.4,288,2.588,running,0,0
2026-04-22 18:37:33.224808,server_1,82.65,74.11453759376232,283.9,613,2.653,running,0,0
2026-04-22 18:38:33.224808,server_3,55.32,55.51596768307289,185.2,284,2.8440000000000003,running,0,1
2026-04-22 18:39:33.224808,server_1,73.8,51.58061061116975,230.8,436,2.476,running,0,0
2026-04-22 18:40:33.224808,server_2,78.75,54.61811219891462,182.5,275,2.575,running,0,0
2026-04-22 18:41:33.224808,server_1,75.5,65.82266536050489,241.0,470,2.51,running,0,0
2026-04-22 18:42:33.224808,server_3,55.199999999999996,59.32783351292644,184.0,280,2.84,running,0,1
2026-04-22 18:43:33.224808,server_2,56.699999999999996,49.736158221430486,277.0,590,2.89,running,0,0
2026-04-22 18:44:33.224808,server_1,81.4,62.64893181050984,276.4,588,2.628,running,0,0
2026-04-22 18:45:33.224808,server_2,82.65,57.676885336770646,205.9,353,2.653,running,0,0
2026-04-22 18:46:33.224808,server_2,82.15,55.0871077072211,202.9,343,2.643,running,0,0
2026-04-22 18:47:33.224808,server_2,78.45,63.91816847628554,180.7,269,2.569,running,0,0
2026-04-22 18:48:33.224808,server_3,56.04,71.37257003119498,192.4,308,2.8680000000000003,running,0,1
2026-04-22 18:49:33.224808,server_3,58.32,52.886090345389846,215.2,384,2.944,running,0,0
2026-04-22 18:50:33.224808,server_2,89.3,47.82946601181904,245.8,486,2.786,running,0,0
2026-04-22 18:51:33.224808,server_1,81.8,66.96243918028198,278.79999999999995,596,2.636,running,0,0
2026-04-22 18:52:33.224808,server_1,71.35,47.79691927388775,216.1,387,2.427,running,0,0
2026-04-22 18:53:33.224808,server_2,82.85,58.97054116568788,207.1,357,2.657,running,0,0
2026-04-22 18:54:33.224808,server_3,60.0,71.78665815051293,286.6,622,3.0,running,0,0
2026-04-22 18:55:33.224808,server_1,66.15,49.887711636722095,184.9,283,2.3230000000000004,running,0,0
2026-04-22 18:56:33.224808,server_3,59.58,53.996653320728704,227.8,426,2.986,running,0,0
2026-04-22 18:57:33.224808,server_1,69.35,63.66946875008384,204.1,347,2.387,running,0,0
2026-04-22 18:58:33.224808,server_3,60.0,74.30545726363971,188.8,1184,3.0,running,1,1
2026-04-22 18:59:33.224808,server_4,76.4,67.05801988694755,207.4,358,2.528,running,0,0
2026-04-22 19:00:33.224808,server_4,88.25,42.54891334571975,278.5,595,2.765,running,0,0
2026-04-22 19:01:33.224808,server_4,78.45,67.23763703719295,219.7,399,2.569,running,0,0
2026-04-22 19:02:33.224808,server_2,81.75,58.26773173041528,200.5,335,2.635,running,0,0
2026-04-22 19:03:33.224808,server_4,88.2,58.695529217505126,278.2,594,2.764,running,0,0
2026-04-22 19:04:33.224808,server_4,74.8,62.32133224965278,197.8,326,2.496,running,0,0
2026-04-22 19:05:33.224808,server_4,87.85,71.26684063379638,276.1,587,2.757,running,0,0
2026-04-22 19:06:33.224808,server_3,56.07,75.00427029255843,192.7,309,2.869,running,0,1
2026-04-22 19:07:33.224808,server_3,56.43,55.88111097275214,196.3,321,2.881,running,0,0
2026-04-22 19:08:33.224808,server_3,60.0,58.88407117474337,288.1,627,3.0,running,0,0
2026-04-22 19:09:33.224808,server_2,57.66,57.938504803774535,286.6,622,2.922,running,0,0
2026-04-22 19:10:33.224808,server_3,60.0,67.97858653853099,250.0,500,3.0,running,0,0
2026-04-22 19:11:33.224808,server_2,83.75,52.50713541043191,212.5,375,2.675,running,0,0
2026-04-22 19:12:33.224808,server_4,79.0,56.15258405771034,223.0,410,2.58,running,0,0
2026-04-22 19:13:33.224808,server_4,78.1,56.71266105359202,217.6,392,2.562,running,0,0
2026-04-22 19:14:33.224808,server_3,60.0,69.51761138536462,294.1,647,3.0,running,0,0
2026-04-22 19:15:33.224808,server_4,74.1,62.621614141677085,193.6,312,2.482,running,0,0
2026-04-22 19:16:33.224808,server_1,80.05,54.41310950589481,268.29999999999995,561,2.601,running,0,0
2026-04-22 19:17:33.224808,server_2,78.3,45.8494768679605,189.9,266,4.226400000000001,running,1,1
2026-04-22 19:18:33.224808,server_4,84.4,79.65573884127994,255.4,518,2.688,running,0,0
2026-04-22 19:19:33.224808,server_4,72.95,61.793595271595024,186.7,289,2.459,running,0,0
2026-04-22 19:20:33.224808,server_1,80.45,66.07452511159538,270.7,569,2.609,running,0,0
2026-04-22 19:21:33.224808,server_2,87.15,78.04353630640051,232.9,443,2.7430000000000003,running,0,0
2026-04-22 19:22:33.224808,server_3,60.0,78.14464131366007,249.7,499,3.0,running,0,0
2026-04-22 19:23:33.224808,server_2,84.8,52.23992094843017,218.8,396,2.696,running,0,0
2026-04-22 19:24:33.224808,server_1,75.55,67.21340400879802,241.3,471,2.511,running,0,0
2026-04-22 19:25:33.224808,server_3,60.0,88.99410506665569,248.2,494,3.0,running,0,0
2026-04-22 19:26:33.224808,server_1,77.15,54.7113998703855,250.9,503,2.543,running,0,0
2026-04-22 19:27:33.224808,server_4,77.5,53.25512067669327,214.0,380,2.55,running,0,0
2026-04-22 19:28:33.224808,server_1,60.0,30.14142985206471,164.64999999999998,862,2.471,running,1,1
2026-04-22 19:29:33.224808,server_2,84.5,64.794960344613,217.0,390,2.69,running,0,0
2026-04-22 19:30:33.224808,server_3,54.690000000000005,30.76325615392632,178.89999999999998,263,2.8230000000000004,running,0,1
2026-04-22 19:31:33.224808,server_2,55.68,65.99062107496304,266.79999999999995,556,2.856,running,0,0
2026-04-22 19:32:33.224808,server_1,79.3,58.70277939502689,263.79999999999995,546,2.586,running,0,0
2026-04-22 19:33:33.224808,server_2,85.45,63.035607601329936,222.7,409,2.709,running,0,0
2026-04-22 19:34:33.224808,server_4,60.0,58.60151036816407,250.0,1500,3.068,running,1,1
2026-04-22 19:35:33.224808,server_4,85.6,59.00085959682729,262.6,542,2.712,running,0,0
2026-04-22 19:36:33.224808,server_3,55.83,50.87028900087416,190.3,301,2.861,running,0,1
2026-04-22 19:37:33.224808,server_4,87.75,64.62355651523139,275.5,585,2.755,running,0,0
2026-04-22 19:38:33.224808,server_1,78.95,49.55718935153808,261.7,539,2.579,running,0,0
2026-04-22 19:39:33.224808,server_4,74.55,54.63312362195824,196.3,321,2.491,running,0,0
2026-04-22 19:40:33.224808,server_1,81.15,78.89768846976085,274.9,583,2.623,running,0,0
2026-04-22 19:41:33.224808,server_3,60.0,51.00466302959235,233.5,445,3.0,running,0,0
2026-04-22 19:42:33.224808,server_3,56.60999999999999,29.33933357868288,198.1,327,2.887,running,0,0
2026-04-22 19:43:33.224808,server_2,79.1,56.366417591323255,184.6,282,2.582,running,0,0
2026-04-22 19:44:33.224808,server_3,60.0,62.87519532777083,284.79999999999995,616,3.0,running,0,0
2026-04-22 19:45:33.224808,server_3,55.68,75.69790003831129,188.8,296,2.856,running,0,1
2026-04-22 19:46:33.224808,server_1,82.15,50.01195608758694,280.9,603,2.643,running,0,0
2026-04-22 19:47:33.224808,server_3,58.92,44.87775439171821,221.2,404,2.964,running,0,0
2026-04-22 19:48:33.224808,server_2,55.83,66.03984860295697,268.29999999999995,561,2.861,running,0,0
2026-04-22 19:49:33.224808,server_4,82.45,62.74273881392861,243.7,479,2.649,running,0,0
2026-04-22 19:50:33.224808,server_1,69.4,72.90960803269355,204.4,348,2.388,running,0,0
2026-04-22 19:51:33.224808,server_3,54.75,41.85198440736047,179.5,265,2.825,running,0,1
2026-04-22 19:52:33.224808,server_4,85.9,67.52446548485639,264.4,548,2.718,running,0,0
2026-04-22 19:53:33.224808,server_2,84.6,37.7531398042626,208.8,392,4.276800000000001,running,1,1
2026-04-22 19:54:33.224808,server_2,56.58,52.23279579915589,237.9,586,4.3544,running,1,1
2026-04-22 19:55:33.224808,server_2,85.0,67.42107386632199,220.0,400,2.7,running,0,0
2026-04-22 19:56:33.224808,server_3,60.0,75.88518615105447,235.3,451,3.0,running,0,0
2026-04-22 19:57:33.224808,server_3,60.0,52.77260779306393,262.0,540,3.0,running,0,0
2026-04-22 19:58:33.224808,server_3,60.0,66.46074747416897,271.0,570,3.0,running,0,0
2026-04-22 19:59:33.224808,server_4,76.85,75.12540373532856,210.1,367,2.537,running,0,0
2026-04-22 20:00:33.224808,server_2,57.09,71.2215281936724,280.9,603,2.903,running,0,0
2026-04-22 20:01:33.224808,server_3,59.58,59.13825492974714,227.8,426,2.986,running,0,0
2026-04-22 20:02:33.224808,server_4,88.85,62.42635659997179,282.1,607,2.777,running,0,0
2026-04-22 20:03:33.224808,server_3,60.0,64.28208904928739,243.4,478,3.0,running,0,0
2026-04-22 20:04:33.224808,server_4,86.55,69.19092406724424,268.29999999999995,561,2.731,running,0,0
2026-04-22 20:05:33.224808,server_2,83.1,60.16667424521468,208.6,362,2.662,running,0,0
2026-04-22 20:06:33.224808,server_1,69.65,54.77617110045522,205.9,353,2.393,running,0,0
2026-04-22 20:07:33.224808,server_4,74.35,70.38543666909462,195.1,317,2.487,running,0,0
2026-04-22 20:08:33.224808,server_3,57.72,57.84965603557829,209.2,364,2.9240000000000004,running,0,0
2026-04-22 20:09:33.224808,server_3,60.0,71.57453369527933,285.4,618,3.0,running,0,0
2026-04-22 20:10:33.224808,server_1,82.8,75.29172522033241,284.79999999999995,616,2.656,running,0,0
2026-04-22 20:11:33.224808,server_3,55.709999999999994,52.01613472206134,189.1,297,2.857,running,0,1
2026-04-22 20:12:33.224808,server_3,60.0,64.84379817909742,287.5,625,3.0,running,0,0
2026-04-22 20:13:33.224808,server_2,58.32,64.50774641396055,293.2,644,2.944,running,0,1
2026-04-22 20:14:33.224808,server_4,73.05,77.4800176780861,187.3,291,2.461,running,0,0
2026-04-22 20:15:33.224808,server_2,86.25,48.82111889404837,227.5,425,2.725,running,0,0
2026-04-22 20:16:33.224808,server_4,85.15,51.59198449422293,259.9,533,2.7030000000000003,running,0,0
2026-04-22 20:17:33.224808,server_2,54.029999999999994,80.10388290189604,250.3,501,2.801,running,0,0
2026-04-22 20:18:33.224808,server_3,57.15,61.16366943523005,203.5,345,2.905,running,0,0
2026-04-22 20:19:33.224808,server_3,56.16,62.447181600261786,193.6,312,2.872,running,0,1
2026-04-22 20:20:33.224808,server_4,71.6,69.22609039570938,178.6,262,2.432,running,0,0
2026-04-22 20:21:33.224808,server_1,74.1,48.46351037333643,232.6,442,2.482,running,0,0
2026-04-22 20:22:33.224808,server_2,78.8,61.85469607881173,182.8,276,2.576,running,0,0
2026-04-22 20:23:33.224808,server_4,81.7,54.73168206964488,239.2,464,2.6340000000000003,running,0,0
2026-04-22 20:24:33.224808,server_1,76.2,67.1182979621877,245.2,484,2.524,running,0,0
2026-04-22 20:25:33.224808,server_2,56.82,42.06103894373376,278.2,594,2.894,running,0,0
2026-04-22 20:26:33.224808,server_2,87.75,43.29269319002152,236.5,455,2.755,running,0,0
2026-04-22 20:27:33.224808,server_4,88.95,59.92239642541482,282.7,609,2.779,running,0,0
2026-04-22 20:28:33.224808,server_1,77.8,60.85334375294988,254.8,516,2.556,running,0,0
2026-04-22 20:29:33.224808,server_1,74.85,56.711913108459605,237.1,457,2.497,running,0,0
2026-04-22 20:30:33.224808,server_2,78.15,67.18342044452514,178.89999999999998,263,2.563,running,0,0
2026-04-22 20:31:33.224808,server_4,84.55,56.36384163564555,256.29999999999995,521,2.691,running,0,0
2026-04-22 20:32:33.224808,server_4,76.75,67.99013690371861,209.5,365,2.535,running,0,0
2026-04-22 20:33:33.224808,server_2,83.5,55.62852356126274,211.0,370,2.67,running,0,0
2026-04-22 20:34:33.224808,server_1,74.6,65.53978804733293,235.6,452,2.492,running,0,0
2026-04-22 20:35:33.224808,server_3,60.0,44.49182565993257,269.2,564,3.0,running,0,0
2026-04-22 20:36:33.224808,server_1,73.95,48.472420481998256,231.7,439,2.479,running,0,0
2026-04-22 20:37:33.224808,server_2,84.8,70.88017093048498,218.8,396,2.696,running,0,0
2026-04-22 20:38:33.224808,server_1,69.4,64.0428839721784,204.4,348,2.388,running,0,0
2026-04-22 20:39:33.224808,server_4,86.3,68.01403741241228,266.79999999999995,556,2.726,running,0,0
2026-04-22 20:40:33.224808,server_3,59.58,69.7882402514075,227.8,426,2.986,running,0,0
2026-04-22 20:41:33.224808,server_1,79.6,55.93333713788758,265.6,552,2.592,running,0,0
2026-04-22 20:42:33.224808,server_3,60.0,66.91468851310412,288.1,627,3.0,running,0,0
2026-04-22 20:43:33.224808,server_3,60.0,78.21899557073246,262.9,543,3.0,running,0,0
2026-04-22 20:44:33.224808,server_4,87.15,55.118077735360814,271.9,573,2.7430000000000003,running,0,0
2026-04-22 20:45:33.224808,server_4,83.35,58.87601379601176,249.1,497,2.667,running,0,0
2026-04-22 20:46:33.224808,server_3,55.559999999999995,54.60157697918175,187.6,292,2.852,running,0,1
2026-04-22 20:47:33.224808,server_1,76.2,52.8601120922104,245.2,484,2.524,running,0,0
2026-04-22 20:48:33.224808,server_3,54.87,71.25035830598256,180.7,269,2.829,running,0,1
2026-04-22 20:49:33.224808,server_1,82.05,84.53242772435019,280.29999999999995,601,2.641,running,0,0
2026-04-22 20:50:33.224808,server_1,81.55,58.7837759670207,277.29999999999995,591,2.631,running,0,0
2026-04-22 20:51:33.224808,server_1,82.4,54.73028141489961,282.4,608,2.648,running,0,0
2026-04-22 20:52:33.224808,server_4,85.0,41.49643807220226,259.0,530,2.7,running,0,0
2026-04-22 20:53:33.224808,server_4,77.85,67.56817923603631,216.1,387,2.557,running,0,0
2026-04-22 20:54:33.224808,server_3,56.85,66.7474342864057,200.5,335,2.895,running,0,0
2026-04-22 20:55:33.224808,server_3,54.779999999999994,60.13103095231934,179.8,266,2.826,running,0,1
2026-04-22 20:56:33.224808,server_1,67.6,54.87626265522421,193.6,312,2.352,running,0,0
2026-04-22 20:57:33.224808,server_2,78.9,58.76884370671229,183.4,278,2.5780000000000003,running,0,0
2026-04-22 20:58:33.224808,server_3,58.29,51.08718931979261,214.9,383,2.943,running,0,0
2026-04-22 20:59:33.224808,server_1,79.45,67.64499729149976,264.7,549,2.589,running,0,0
2026-04-22 21:00:33.224808,server_4,42.95,77.92938210885087,168.7,229,1.859,running,0,0
2026-04-22 21:01:33.224808,server_3,57.0,67.23499792160962,190.0,300,2.14,running,0,0
2026-04-22 21:02:33.224808,server_2,51.900000000000006,49.28346664534975,201.4,338,2.0380000000000003,running,0,0
2026-04-22 21:03:33.224808,server_4,40.8,59.37885588997646,155.8,186,1.816,running,0,0
2026-04-22 21:04:33.224808,server_4,40.95,56.60110857132091,156.7,189,1.819,running,0,0
2026-04-22 21:05:33.224808,server_4,45.15,70.4798335707635,181.9,273,1.903,running,0,0
2026-04-22 21:06:33.224808,server_3,51.05,58.00492953573574,154.3,181,2.021,running,0,0
2026-04-22 21:07:33.224808,server_1,43.05,52.72117022985238,190.3,301,1.861,running,0,0
2026-04-22 21:08:33.224808,server_1,39.1,53.4266532624699,166.6,222,1.782,running,0,0
2026-04-22 21:09:33.224808,server_1,38.5,71.87300757780405,163.0,210,1.77,running,0,0
2026-04-22 21:10:33.224808,server_1,42.25,59.2124820103667,185.5,285,1.845,running,0,0
2026-04-22 21:11:33.224808,server_3,53.2,54.15552769148643,167.2,224,2.064,running,0,0
2026-04-22 21:12:33.224808,server_1,39.95,55.27201647703649,171.7,239,1.799,running,0,0
2026-04-22 21:13:33.224808,server_3,54.8,56.53545043556053,176.8,256,2.096,running,0,0
2026-04-22 21:14:33.224808,server_1,39.45,57.95540836724525,168.7,229,1.789,running,0,0
2026-04-22 21:15:33.224808,server_1,40.7,71.76003502781354,176.2,254,1.814,running,0,0
2026-04-22 21:16:33.224808,server_2,46.4,72.01330957490393,168.39999999999998,228,1.928,running,0,0
2026-04-22 21:17:33.224808,server_1,42.9,63.92927468427144,189.4,298,1.858,running,0,0
2026-04-22 21:18:33.224808,server_4,47.7,44.70605028587589,197.2,324,1.954,running,0,0
2026-04-22 21:19:33.224808,server_3,87.1,45.475252332611866,290.6,604,2.1420000000000003,running,1,1
2026-04-22 21:20:33.224808,server_4,43.55,62.79791057442095,172.3,241,1.871,running,0,0
2026-04-22 21:21:33.224808,server_1,35.95,51.64863018734559,147.7,159,1.719,running,0,1
2026-04-22 21:22:33.224808,server_2,47.85,71.28796174674886,177.1,257,1.957,running,0,0
2026-04-22 21:23:33.224808,server_2,46.5,71.0791714911967,169.0,230,1.93,running,0,0
2026-04-22 21:24:33.224808,server_3,56.25,71.81995329278658,185.5,285,2.125,running,0,0
2026-04-22 21:25:33.224808,server_1,35.25,68.75586066404247,143.5,145,1.705,running,0,1
2026-04-22 21:26:33.224808,server_3,59.0,74.63054588027667,202.0,340,2.18,running,0,0
2026-04-22 21:27:33.224808,server_2,43.25,67.54787410180221,149.5,165,1.865,running,0,0
2026-04-22 21:28:33.224808,server_3,51.1,59.85051020948878,154.6,182,2.022,running,0,0
2026-04-22 21:29:33.224808,server_2,45.7,68.98188146012907,164.2,214,1.914,running,0,0
2026-04-22 21:30:33.224808,server_4,44.65,55.91335159795592,178.89999999999998,263,1.893,running,0,0
2026-04-22 21:31:33.224808,server_2,50.1,43.203805660127614,190.6,302,2.002,running,0,0
2026-04-22 21:32:33.224808,server_2,46.9,64.21793971910826,171.39999999999998,238,1.938,running,0,0
2026-04-22 21:33:33.224808,server_2,50.55,60.51295786225097,193.3,311,2.011,running,0,0
2026-04-22 21:34:33.224808,server_4,46.05,67.83014533574791,187.3,291,1.921,running,0,0
2026-04-22 21:35:33.224808,server_3,52.95,53.99574762307403,165.7,219,2.059,running,0,0
2026-04-22 21:36:33.224808,server_2,47.05,54.2329372319872,172.3,241,1.941,running,0,0
2026-04-22 21:37:33.224808,server_1,42.2,59.49863921776475,185.2,284,1.844,running,0,0
2026-04-22 21:38:33.224808,server_2,45.9,52.80275834355872,165.39999999999998,218,1.918,running,0,0
2026-04-22 21:39:33.224808,server_4,47.1,61.76388187949281,193.6,312,1.942,running,0,0
2026-04-22 21:40:33.224808,server_1,41.15,56.24905010611537,178.89999999999998,263,1.823,running,0,0
2026-04-22 21:41:33.224808,server_4,41.4,61.14275042455023,159.4,198,1.828,running,0,0
2026-04-22 21:42:33.224808,server_3,51.9,59.314966374108856,159.4,198,2.0380000000000003,running,0,0
2026-04-22 21:43:33.224808,server_2,45.3,44.054356045998894,161.8,206,1.906,running,0,0
2026-04-22 21:44:33.224808,server_3,54.7,51.793637202478,176.2,254,2.0940000000000003,running,0,0
2026-04-22 21:45:33.224808,server_4,47.3,58.69411516298174,194.8,316,1.946,running,0,0
2026-04-22 21:46:33.224808,server_4,47.4,63.74881542856252,195.4,318,1.948,running,0,0
2026-04-22 21:47:33.224808,server_1,35.45,45.70505410745778,144.7,149,1.709,running,0,1
2026-04-22 21:48:33.224808,server_3,54.8,37.81666708829451,176.8,256,2.096,running,0,0
2026-04-22 21:49:33.224808,server_3,52.3,52.12945673153028,161.8,206,2.0460000000000003,running,0,0
2026-04-22 21:50:33.224808,server_3,52.6,53.54404288211137,163.6,212,2.052,running,0,0
2026-04-22 21:51:33.224808,server_3,54.1,50.62109826698974,172.6,242,2.082,running,0,0
2026-04-22 21:52:33.224808,server_3,57.05,58.855636096403714,190.3,301,2.141,running,0,0
2026-04-22 21:53:33.224808,server_3,56.6,61.92716081368901,187.6,292,2.132,running,0,0
2026-04-22 21:54:33.224808,server_2,45.5,53.20205975511252,163.0,210,1.91,running,0,0
2026-04-22 21:55:33.224808,server_4,41.0,55.78979877235288,157.0,190,1.82,running,0,0
2026-04-22 21:56:33.224808,server_3,49.1,60.92330789645197,142.6,142,1.982,running,0,0
2026-04-22 21:57:33.224808,server_1,41.6,47.82810268630646,181.6,272,1.832,running,0,0
2026-04-22 21:58:33.224808,server_3,53.65,69.75886646830317,169.89999999999998,233,2.073,running,0,0
2026-04-22 21:59:33.224808,server_3,55.75,56.267469081818646,182.5,275,2.115,running,0,0
2026-04-22 22:00:33.224808,server_1,36.15,49.8352444248976,148.9,163,1.723,running,0,1
2026-04-22 22:01:33.224808,server_1,44.1,59.86534344686749,196.6,322,1.882,running,0,0
2026-04-22 22:02:33.224808,server_2,46.75,67.72498797177663,170.5,235,1.935,running,0,0
2026-04-22 22:03:33.224808,server_4,42.95,67.40914759646493,168.7,229,1.859,running,0,0
2026-04-22 22:04:33.224808,server_3,58.8,53.527249013895016,200.8,336,2.176,running,0,0
2026-04-22 22:05:33.224808,server_1,44.55,64.29292993502199,199.3,331,1.891,running,0,0
2026-04-22 22:06:33.224808,server_3,58.25,59.98068553085558,197.5,325,2.165,running,0,0
2026-04-22 22:07:33.224808,server_2,44.35,56.12802982260267,156.1,187,1.887,running,0,0
2026-04-22 22:08:33.224808,server_4,43.35,67.76219598535431,171.1,237,1.867,running,0,0
2026-04-22 22:09:33.224808,server_2,49.7,55.980181006637146,188.2,294,1.994,running,0,0
2026-04-22 22:10:33.224808,server_1,38.15,56.13241865899278,160.9,203,1.763,running,0,0
2026-04-22 22:11:33.224808,server_4,44.65,57.357264542581845,178.89999999999998,263,1.893,running,0,0
2026-04-22 22:12:33.224808,server_1,37.65,48.869846950862645,157.9,193,1.753,running,0,0
2026-04-22 22:13:33.224808,server_3,50.75,86.84219323252817,152.5,175,2.015,running,0,0
2026-04-22 22:14:33.224808,server_3,56.55,59.02138609322195,187.3,291,2.131,running,0,0
2026-04-22 22:15:33.224808,server_2,49.95,65.01946834894734,189.7,299,1.999,running,0,0
2026-04-22 22:16:33.224808,server_4,42.5,57.34538705612282,166.0,220,1.85,running,0,0
2026-04-22 22:17:33.224808,server_4,45.7,66.33646673851041,185.2,284,1.914,running,0,0
2026-04-22 22:18:33.224808,server_2,47.35,62.39663602063368,174.1,247,1.947,running,0,0
2026-04-22 22:19:33.224808,server_3,51.3,67.75730435999444,155.8,186,2.026,running,0,0
2026-04-22 22:20:33.224808,server_2,42.6,59.18145297201207,145.6,152,1.852,running,0,0
2026-04-22 22:21:33.224808,server_2,43.95,70.58543459857266,153.7,179,1.879,running,0,0
2026-04-22 22:22:33.224808,server_4,38.65,48.00779434112758,142.9,143,1.773,running,0,1
2026-04-22 22:23:33.224808,server_1,44.2,58.24465156930059,197.2,324,1.884,running,0,0
2026-04-22 22:24:33.224808,server_4,48.15,81.26752896041576,199.9,333,1.963,running,0,0
2026-04-22 22:25:33.224808,server_2,51.45,56.51283738139011,198.7,329,2.029,running,0,0
2026-04-22 22:26:33.224808,server_3,58.05,45.49052447496103,196.3,321,2.161,running,0,0
2026-04-22 22:27:33.224808,server_1,38.9,63.26615029241376,165.39999999999998,218,1.778,running,0,0
2026-04-22 22:28:33.224808,server_3,52.7,72.31989413822362,164.2,214,2.0540000000000003,running,0,0
2026-04-22 22:29:33.224808,server_2,43.5,69.92643738196146,151.0,170,1.87,running,0,0
2026-04-22 22:30:33.224808,server_3,57.25,51.837947450752736,191.5,305,2.145,running,0,0
2026-04-22 22:31:33.224808,server_4,45.6,50.59856612862998,184.6,282,1.912,running,0,0
2026-04-22 22:32:33.224808,server_1,35.2,69.57337212887036,143.2,144,1.7040000000000002,running,0,1
2026-04-22 22:33:33.224808,server_3,50.85,66.50918230384796,153.1,177,2.0170000000000003,running,0,0
2026-04-22 22:34:33.224808,server_4,38.85,55.288044244042126,144.1,147,1.777,running,0,0
2026-04-22 22:35:33.224808,server_3,57.9,67.83752257604911,195.4,318,2.158,running,0,0
2026-04-22 22:36:33.224808,server_3,53.35,60.15595711901742,168.1,227,2.067,running,0,0
2026-04-22 22:37:33.224808,server_4,45.5,65.18563843357235,184.0,280,1.91,running,0,0
2026-04-22 22:38:33.224808,server_3,50.55,58.49400352683777,151.3,171,2.011,running,0,0
2026-04-22 22:39:33.224808,server_2,43.25,78.74448697269467,149.5,165,1.865,running,0,0
2026-04-22 22:40:33.224808,server_4,48.3,76.11614969458468,200.8,336,1.966,running,0,0
2026-04-22 22:41:33.224808,server_2,72.55,47.29866784056096,245.3,302,1.851,running,1,1
2026-04-22 22:42:33.224808,server_3,57.42,49.51967449076452,182.2,822,2.8456,running,1,1
2026-04-22 22:43:33.224808,server_2,46.85,60.40092169647711,171.1,237,1.937,running,0,0
2026-04-22 22:44:33.224808,server_2,47.3,51.932367557669664,173.8,246,1.946,running,0,0
2026-04-22 22:45:33.224808,server_1,80.7,56.995717293343866,176.2,762,2.7256,running,1,1
2026-04-22 22:46:33.224808,server_4,43.15,39.74205848777202,169.89999999999998,233,1.863,running,0,0
2026-04-22 22:47:33.224808,server_2,46.7,67.71258552674509,170.2,234,1.934,running,0,0
2026-04-22 22:48:33.224808,server_1,41.4,56.041893235095664,180.4,268,1.828,running,0,0
2026-04-22 22:49:33.224808,server_3,54.1,78.65858373901295,172.6,242,2.082,running,0,0
2026-04-22 22:50:33.224808,server_1,37.7,80.07498828186507,158.2,194,1.754,running,0,0
2026-04-22 22:51:33.224808,server_3,57.35,43.9397822992195,192.1,307,2.147,running,0,0
2026-04-22 22:52:33.224808,server_3,54.3,52.31209426222418,173.8,246,2.086,running,0,0
2026-04-22 22:53:33.224808,server_2,44.6,54.48159676019665,157.6,192,1.892,running,0,0
2026-04-22 22:54:33.224808,server_1,44.1,72.13378263523971,196.6,322,1.882,running,0,0
2026-04-22 22:55:33.224808,server_2,42.3,64.0241638871947,143.8,146,1.846,running,0,0
2026-04-22 22:56:33.224808,server_1,44.3,51.04646957217891,197.8,326,1.886,running,0,0
2026-04-22 22:57:33.224808,server_1,36.15,53.34509522843052,148.9,163,1.723,running,0,1
2026-04-22 22:58:33.224808,server_3,54.75,63.21908697672022,176.5,255,2.095,running,0,0
2026-04-22 22:59:33.224808,server_3,58.25,70.71807182950548,197.5,325,2.165,running,0,0
2026-04-22 23:00:33.224808,server_2,43.2,57.02390880742934,149.2,164,1.864,running,0,0
2026-04-22 23:01:33.224808,server_4,47.0,52.01360911242427,193.0,310,1.94,running,0,0
2026-04-22 23:02:33.224808,server_1,45.45,44.244538096105295,204.7,349,1.909,running,0,0
2026-04-22 23:03:33.224808,server_2,50.8,60.47291878279434,194.8,316,2.016,running,0,0
2026-04-22 23:04:33.224808,server_2,42.1,66.36073634945303,142.6,142,1.842,running,0,0
2026-04-22 23:05:33.224808,server_4,45.25,71.30864480369058,182.5,275,1.905,running,0,0
2026-04-22 23:06:33.224808,server_2,43.6,49.689202295349496,151.6,172,1.872,running,0,0
2026-04-22 23:07:33.224808,server_1,40.95,68.36726048204257,177.7,259,1.819,running,0,0
2026-04-22 23:08:33.224808,server_1,44.35,74.57394931088824,198.1,327,1.887,running,0,0
2026-04-22 23:09:33.224808,server_4,38.5,45.07186106393492,142.0,140,1.77,running,0,1
2026-04-22 23:10:33.224808,server_3,57.15,56.500585582312425,190.9,303,2.143,running,0,0
2026-04-22 23:11:33.224808,server_4,42.8,50.77786212636365,167.8,226,1.856,running,0,0
2026-04-22 23:12:33.224808,server_3,51.05,72.67581828442754,154.3,181,2.021,running,0,0
2026-04-22 23:13:33.224808,server_4,43.75,55.11398632463423,173.5,245,1.875,running,0,0
2026-04-22 23:14:33.224808,server_3,53.0,60.37632517007796,166.0,220,2.06,running,0,0
2026-04-22 23:15:33.224808,server_1,35.45,66.61494354924405,144.7,149,1.709,running,0,1
2026-04-22 23:16:33.224808,server_1,35.0,52.84221685219124,142.0,140,1.7,running,0,1
2026-04-22 23:17:33.224808,server_4,39.15,62.12999082484837,145.9,153,1.783,running,0,0
2026-04-22 23:18:33.224808,server_4,43.95,43.26462732295373,174.7,249,1.879,running,0,0
2026-04-22 23:19:33.224808,server_1,35.9,65.45138661481795,147.4,158,1.718,running,0,1
2026-04-22 23:20:33.224808,server_1,42.7,68.25347602136941,188.2,294,1.854,running,0,0
2026-04-22 23:21:33.224808,server_4,48.95,70.0938927770296,204.7,349,1.979,running,0,0
2026-04-22 23:22:33.224808,server_2,44.7,58.10457276079007,158.2,194,1.894,running,0,0
2026-04-22 23:23:33.224808,server_2,50.4,57.70478512265447,192.4,308,2.008,running,0,0
2026-04-22 23:24:33.224808,server_1,44.45,62.95467737401211,198.7,329,1.889,running,0,0
2026-04-22 23:25:33.224808,server_1,39.3,49.01237881856747,167.8,226,1.786,running,0,0
2026-04-22 23:26:33.224808,server_1,37.8,69.99578166535687,158.8,196,1.7559999999999998,running,0,0
2026-04-22 23:27:33.224808,server_3,52.95,58.33920051463549,165.7,219,2.059,running,0,0
2026-04-22 23:28:33.224808,server_1,44.75,48.52694934509879,200.5,335,1.895,running,0,0
2026-04-22 23:29:33.224808,server_3,52.85,58.79106441050713,165.1,217,2.057,running,0,0
2026-04-22 23:30:33.224808,server_1,35.35,56.87664917490392,144.1,147,1.707,running,0,1
2026-04-22 23:31:33.224808,server_4,40.7,56.76058381425152,155.2,184,1.814,running,0,0
2026-04-22 23:32:33.224808,server_3,59.1,48.273144821532526,202.6,342,2.182,running,0,0
2026-04-22 23:33:33.224808,server_3,49.2,60.85920132632161,143.2,144,1.984,running,0,0
2026-04-22 23:34:33.224808,server_3,52.6,64.05739253251282,163.6,212,2.052,running,0,0
2026-04-22 23:35:33.224808,server_2,49.1,58.39504467632785,184.6,282,1.982,running,0,0
2026-04-22 23:36:33.224808,server_2,49.2,81.26324633674494,185.2,284,1.984,running,0,0
2026-04-22 23:37:33.224808,server_4,45.5,61.44146917948163,184.0,280,1.91,running,0,0
2026-04-22 23:38:33.224808,server_3,53.95,54.14259239191957,171.7,239,2.079,running,0,0
2026-04-22 23:39:33.224808,server_4,42.15,65.13997208461137,181.95,213,3.9372000000000003,running,1,1
2026-04-22 23:40:33.224808,server_4,40.6,69.24863809950644,154.6,182,1.812,running,0,0
2026-04-22 23:41:33.224808,server_2,42.0,69.32391493865775,142.0,140,1.84,running,0,0
2026-04-22 23:42:33.224808,server_4,39.2,57.46955833941549,146.2,154,1.7839999999999998,running,0,0
2026-04-22 23:43:33.224808,server_2,49.25,73.32480539927029,185.5,285,1.985,running,0,0
2026-04-22 23:44:33.224808,server_3,52.95,63.89819786720982,165.7,219,2.059,running,0,0
2026-04-22 23:45:33.224808,server_3,50.1,47.77441605541349,148.6,162,2.002,running,0,0
2026-04-22 23:46:33.224808,server_3,49.15,69.98933133367136,142.9,143,1.983,running,0,0
2026-04-22 23:47:33.224808,server_3,58.35,45.460667816914,198.1,327,2.167,running,0,0
2026-04-22 23:48:33.224808,server_2,46.35,49.05990304695594,168.1,227,1.927,running,0,0
2026-04-22 23:49:33.224808,server_1,44.400000000000006,69.84625207121302,198.4,328,1.888,running,0,0
2026-04-22 23:50:33.224808,server_4,46.7,49.013946688605046,191.2,304,1.934,running,0,0
2026-04-22 23:51:33.224808,server_1,37.2,61.95981509999806,155.2,184,1.7440000000000002,running,0,0
2026-04-22 23:52:33.224808,server_2,47.85,51.633160641644224,177.1,257,1.957,running,0,0
2026-04-22 23:53:33.224808,server_4,40.4,83.01914211255263,153.4,178,1.808,running,0,0
2026-04-22 23:54:33.224808,server_4,40.95,79.86404198426432,156.7,189,1.819,running,0,0
2026-04-22 23:55:33.224808,server_3,55.85,49.660153502412015,183.1,277,2.117,running,0,0
2026-04-22 23:56:33.224808,server_2,47.75,54.67382903995452,176.5,255,1.955,running,0,0
2026-04-22 23:57:33.224808,server_1,40.2,60.82498609180976,173.2,244,1.804,running,0,0
2026-04-22 23:58:33.224808,server_4,47.7,57.96838180891924,197.2,324,1.954,running,0,0
2026-04-22 23:59:33.224808,server_4,42.95,47.11795165613809,168.7,229,1.859,running,0,0
2026-04-23 00:00:33.224808,server_1,41.15,58.390384841153256,189.45,263,3.9292000000000002,running,1,1
2026-04-23 00:01:33.224808,server_4,48.15,61.4143049572427,199.9,333,1.963,running,0,0
2026-04-23 00:02:33.224808,server_3,53.4,45.48634964587907,168.39999999999998,228,2.068,running,0,0
2026-04-23 00:03:33.224808,server_2,43.4,59.08585664055672,150.4,168,1.868,running,0,0
2026-04-23 00:04:33.224808,server_4,42.15,56.55481224108623,163.9,213,1.843,running,0,0
2026-04-23 00:05:33.224808,server_4,38.85,66.03881964694507,144.1,147,1.777,running,0,0
2026-04-23 00:06:33.224808,server_3,58.95,60.71192128698122,201.7,339,2.1790000000000003,running,0,0
2026-04-23 00:07:33.224808,server_1,44.45,47.66952243407124,198.7,329,1.889,running,0,0
2026-04-23 00:08:33.224808,server_3,51.7,56.09345561771242,158.2,194,2.034,running,0,0
2026-04-23 00:09:33.224808,server_2,44.2,50.19536469962409,155.2,184,1.884,running,0,0
2026-04-23 00:10:33.224808,server_3,51.3,63.14046636787219,155.8,186,2.026,running,0,0
2026-04-23 00:11:33.224808,server_2,48.5,59.31139100287371,181.0,270,1.97,running,0,0
2026-04-23 00:12:33.224808,server_1,37.45,67.31728306406988,156.7,189,1.749,running,0,0
2026-04-23 00:13:33.224808,server_3,57.2,63.86949593202375,191.2,304,2.144,running,0,0
2026-04-23 00:14:33.224808,server_3,49.3,67.77015288125814,171.9,146,3.9944000000000006,running,1,1
2026-04-23 00:15:33.224808,server_4,43.0,55.82971090644645,169.0,230,1.86,running,0,0
2026-04-23 00:16:33.224808,server_3,54.9,76.80048512173484,177.39999999999998,258,2.098,running,0,0
2026-04-23 00:17:33.224808,server_3,58.1,77.85994757878811,196.6,322,2.162,running,0,0
2026-04-23 00:18:33.224808,server_3,56.95,56.82134942573069,189.7,299,2.139,running,0,0
2026-04-23 00:19:33.224808,server_2,50.15,64.41018672718214,190.9,303,2.003,running,0,0
2026-04-23 00:20:33.224808,server_4,47.2,44.76796182096007,194.2,314,1.944,running,0,0
2026-04-23 00:21:33.224808,server_3,52.65,72.3206048117804,163.9,213,2.053,running,0,0
2026-04-23 00:22:33.224808,server_4,45.15,59.08368773856419,181.9,273,1.903,running,0,0
2026-04-23 00:23:33.224808,server_1,40.65,57.22961168205654,175.89999999999998,253,1.813,running,0,0
2026-04-23 00:24:33.224808,server_1,41.85,57.458721319314286,183.1,277,1.837,running,0,0
2026-04-23 00:25:33.224808,server_1,37.3,45.511545740473,155.8,186,1.746,running,0,0
2026-04-23 00:26:33.224808,server_4,46.15,51.93473771791908,187.9,293,1.923,running,0,0
2026-04-23 00:27:33.224808,server_1,42.35,46.30514686479227,186.1,287,1.847,running,0,0
2026-04-23 00:28:33.224808,server_3,57.85,52.02180216500373,195.1,317,2.157,running,0,0
2026-04-23 00:29:33.224808,server_3,57.75,63.37018809402925,194.5,315,2.155,running,0,0
2026-04-23 00:30:33.224808,server_4,48.35,54.85195467339485,201.1,337,1.967,running,0,0
2026-04-23 00:31:33.224808,server_4,47.85,63.59981373506223,198.1,327,1.957,running,0,0
2026-04-23 00:32:33.224808,server_2,51.7,50.008618050024296,200.2,334,2.034,running,0,0
2026-04-23 00:33:33.224808,server_4,48.2,56.24660669713238,200.2,334,1.964,running,0,0
2026-04-23 00:34:33.224808,server_2,48.75,65.59453268800101,182.5,275,1.975,running,0,0
2026-04-23 00:35:33.224808,server_4,40.6,51.12846143498937,154.6,182,1.812,running,0,0
2026-04-23 00:36:33.224808,server_3,53.6,58.09444753181374,169.6,232,2.072,running,0,0
2026-04-23 00:37:33.224808,server_1,38.5,49.20182548277218,163.0,210,1.77,running,0,0
2026-04-23 00:38:33.224808,server_2,51.05,49.57306633911285,196.3,321,2.021,running,0,0
2026-04-23 00:39:33.224808,server_3,56.9,46.59921969915005,189.4,298,2.138,running,0,0
2026-04-23 00:40:33.224808,server_1,36.3,68.31885725295611,149.8,166,1.726,running,0,1
2026-04-23 00:41:33.224808,server_4,46.55,82.70722812895839,190.3,301,1.931,running,0,0
2026-04-23 00:42:33.224808,server_4,40.35,54.1814684173807,153.1,177,1.807,running,0,0
2026-04-23 00:43:33.224808,server_1,41.6,41.855994371045234,181.6,272,1.832,running,0,0
2026-04-23 00:44:33.224808,server_2,47.0,59.084962361542,186.0,240,3.976,running,1,1
2026-04-23 00:45:33.224808,server_1,37.45,53.827366794976456,156.7,189,1.749,running,0,0
2026-04-23 00:46:33.224808,server_4,38.6,39.62547803331624,142.6,142,1.7719999999999998,running,0,1
2026-04-23 00:47:33.224808,server_3,53.75,60.31729205681459,170.5,235,2.075,running,0,0
2026-04-23 00:48:33.224808,server_1,44.2,86.78725332462733,197.2,324,1.884,running,0,0
2026-04-23 00:49:33.224808,server_2,49.5,60.63034811763604,187.0,290,1.99,running,0,0
2026-04-23 00:50:33.224808,server_2,45.85,58.85877226205891,165.1,217,1.917,running,0,0
2026-04-23 00:51:33.224808,server_2,47.0,52.59823104881638,172.0,240,1.94,running,0,0
2026-04-23 00:52:33.224808,server_4,43.2,62.89633355833212,170.2,234,1.864,running,0,0
2026-04-23 00:53:33.224808,server_4,45.75,56.32483712449882,185.5,285,1.915,running,0,0
2026-04-23 00:54:33.224808,server_4,43.25,60.75458240625764,170.5,235,1.865,running,0,0
2026-04-23 00:55:33.224808,server_3,53.65,71.25086770273897,169.89999999999998,233,2.073,running,0,0
2026-04-23 00:56:33.224808,server_4,45.85,54.93931170045729,186.1,287,1.917,running,0,0
2026-04-23 00:57:33.224808,server_2,46.65,44.79367750380975,169.89999999999998,233,1.933,running,0,0
2026-04-23 00:58:33.224808,server_4,42.85,69.19010845625596,168.1,227,1.857,running,0,0
2026-04-23 00:59:33.224808,server_3,55.25,46.35602722836701,179.5,265,2.105,running,0,0
2026-04-23 01:00:33.224808,server_4,44.15,57.1077287183144,175.89999999999998,253,1.883,running,0,0
2026-04-23 01:01:33.224808,server_3,54.1,66.92063405378241,172.6,242,2.082,running,0,0
2026-04-23 01:02:33.224808,server_4,42.3,66.06598711862519,164.8,216,1.846,running,0,0
2026-04-23 01:03:33.224808,server_4,46.15,60.34314556722506,187.9,293,1.923,running,0,0
2026-04-23 01:04:33.224808,server_2,50.1,64.48852257598021,190.6,302,2.002,running,0,0
2026-04-23 01:05:33.224808,server_4,46.35,58.69002217775101,189.1,297,1.927,running,0,0
2026-04-23 01:06:33.224808,server_2,43.4,74.21927390538863,150.4,168,1.868,running,0,0
2026-04-23 01:07:33.224808,server_2,46.75,78.59076414992782,170.5,235,1.935,running,0,0
2026-04-23 01:08:33.224808,server_2,45.9,56.57264176697595,165.39999999999998,218,1.918,running,0,0
2026-04-23 01:09:33.224808,server_3,54.85,60.48403765317612,177.1,257,2.097,running,0,0
2026-04-23 01:10:33.224808,server_2,51.7,69.14177924667534,200.2,334,2.034,running,0,0
2026-04-23 01:11:33.224808,server_3,58.05,58.68755713615228,196.3,321,2.161,running,0,0
2026-04-23 01:12:33.224808,server_3,51.95,63.043368603721184,159.7,199,2.039,running,0,0
2026-04-23 01:13:33.224808,server_2,47.9,58.47666594002799,177.39999999999998,258,1.958,running,0,0
2026-04-23 01:14:33.224808,server_1,71.15,44.68414444352532,278.9,526,1.823,running,1,1
2026-04-23 01:15:33.224808,server_1,39.4,55.42430999456813,168.39999999999998,228,1.7879999999999998,running,0,0
2026-04-23 01:16:33.224808,server_2,48.05,73.83436878642807,189.15,261,3.9844000000000004,running,1,1
2026-04-23 01:17:33.224808,server_3,55.55,28.83955785011362,181.3,271,2.111,running,0,0
2026-04-23 01:18:33.224808,server_2,43.85,60.66445768881458,176.55,177,3.9508000000000005,running,1,1
2026-04-23 01:19:33.224808,server_4,44.6,61.30309087626764,178.6,262,1.892,running,0,0
2026-04-23 01:20:33.224808,server_2,51.85,68.02448949052976,201.1,337,2.037,running,0,0
2026-04-23 01:21:33.224808,server_2,46.95,58.12878844424969,171.7,239,1.939,running,0,0
2026-04-23 01:22:33.224808,server_4,44.8,74.71250921540185,179.8,266,1.896,running,0,0
2026-04-23 01:23:33.224808,server_2,50.25,60.41830302592512,191.5,305,2.005,running,0,0
2026-04-23 01:24:33.224808,server_1,38.5,74.55885102744443,163.0,210,1.77,running,0,0
2026-04-23 01:25:33.224808,server_2,50.15,64.00797565822855,190.9,303,2.003,running,0,0
2026-04-23 01:26:33.224808,server_1,37.65,61.5654527706461,157.9,193,1.753,running,0,0
2026-04-23 01:27:33.224808,server_3,49.65,62.80371653491504,145.9,153,1.993,running,0,0
2026-04-23 01:28:33.224808,server_3,52.0,52.61051346165899,160.0,200,2.04,running,0,0
2026-04-23 01:29:33.224808,server_1,45.0,66.05173801951355,202.0,340,1.9,running,0,0
2026-04-23 01:30:33.224808,server_3,55.05,53.18395107611027,178.3,261,2.101,running,0,0
2026-04-23 01:31:33.224808,server_2,43.95,47.46424839151452,153.7,179,1.879,running,0,0
2026-04-23 01:32:33.224808,server_1,41.2,76.28465752250183,179.2,264,1.824,running,0,0
2026-04-23 01:33:33.224808,server_2,43.6,63.26258173815402,151.6,172,1.872,running,0,0
2026-04-23 01:34:33.224808,server_2,42.2,59.707679460016,143.2,144,1.844,running,0,0
2026-04-23 01:35:33.224808,server_4,40.8,52.920275870189904,155.8,186,1.816,running,0,0
2026-04-23 01:36:33.224808,server_4,46.15,59.28722667870754,187.9,293,1.923,running,0,0
2026-04-23 01:37:33.224808,server_4,42.75,54.19879215358292,167.5,225,1.855,running,0,0
2026-04-23 01:38:33.224808,server_3,50.8,42.0371802032454,152.8,176,2.016,running,0,0
2026-04-23 01:39:33.224808,server_3,57.4,70.69759016131394,192.4,308,2.148,running,0,0
2026-04-23 01:40:33.224808,server_4,39.45,83.90982434890182,147.7,159,1.789,running,0,0
2026-04-23 01:41:33.224808,server_2,42.05,57.87342147767672,142.3,141,1.841,running,0,0
2026-04-23 01:42:33.224808,server_4,43.8,58.71904828746121,173.8,246,1.876,running,0,0
2026-04-23 01:43:33.224808,server_3,56.15,62.966769746958605,184.9,283,2.123,running,0,0
2026-04-23 01:44:33.224808,server_1,37.15,62.08838787721052,154.9,183,1.743,running,0,0
2026-04-23 01:45:33.224808,server_2,42.85,67.26166307213146,147.1,157,1.857,running,0,0
2026-04-23 01:46:33.224808,server_2,51.900000000000006,56.11783328488893,200.7,338,4.0152,running,1,1
2026-04-23 01:47:33.224808,server_4,41.6,71.17679686015857,160.6,202,1.832,running,0,0
2026-04-23 01:48:33.224808,server_3,59.45,83.83469091076628,204.7,349,2.189,running,0,0
2026-04-23 01:49:33.224808,server_4,41.75,63.918124709386845,161.5,205,1.835,running,0,0
2026-04-23 01:50:33.224808,server_4,47.45,52.453922474607126,195.7,319,1.949,running,0,0
2026-04-23 01:51:33.224808,server_3,50.6,61.66893530057956,151.6,172,2.012,running,0,0
2026-04-23 01:52:33.224808,server_3,49.15,40.59636198426308,142.9,143,1.983,running,0,0
2026-04-23 01:53:33.224808,server_1,40.35,33.25954574254875,174.1,247,1.807,running,0,0
2026-04-23 01:54:33.224808,server_2,47.35,47.7293053468164,174.1,247,1.947,running,0,0
2026-04-23 01:55:33.224808,server_3,51.15,63.99390737759297,154.9,183,2.023,running,0,0
2026-04-23 01:56:33.224808,server_2,43.55,53.54969119033332,151.3,171,1.871,running,0,0
2026-04-23 01:57:33.224808,server_2,47.2,60.41627895340145,173.2,244,1.944,running,0,0
2026-04-23 01:58:33.224808,server_4,44.1,46.09362228766969,175.6,252,1.882,running,0,0
2026-04-23 01:59:33.224808,server_3,55.95,75.86235421179596,183.7,279,2.119,running,0,0
2026-04-23 02:00:33.224808,server_2,43.25,42.61226427691968,149.5,165,1.865,running,0,0
2026-04-23 02:01:33.224808,server_1,35.8,78.16614427869597,146.8,156,1.716,running,0,1
2026-04-23 02:02:33.224808,server_3,52.6,38.38990975159311,163.6,212,2.052,running,0,0
2026-04-23 02:03:33.224808,server_1,40.35,56.98056787019668,174.1,247,1.807,running,0,0
2026-04-23 02:04:33.224808,server_3,56.3,76.60465554525837,185.8,286,2.126,running,0,0
2026-04-23 02:05:33.224808,server_1,39.05,60.01444276975314,166.3,221,1.781,running,0,0
2026-04-23 02:06:33.224808,server_4,47.95,57.30424716214228,198.7,329,1.959,running,0,0
2026-04-23 02:07:33.224808,server_3,53.95,100.46958993559396,171.7,239,2.079,running,0,0
2026-04-23 02:08:33.224808,server_3,50.15,68.06277460840182,148.9,163,2.003,running,0,0
2026-04-23 02:09:33.224808,server_3,57.15,56.55193629290707,190.9,303,2.143,running,0,0
2026-04-23 02:10:33.224808,server_4,45.6,74.8405447158876,184.6,282,1.912,running,0,0
2026-04-23 02:11:33.224808,server_4,44.3,55.36026948661248,176.8,256,1.886,running,0,0
2026-04-23 02:12:33.224808,server_1,35.9,74.45923652866766,147.4,158,1.718,running,0,1
2026-04-23 02:13:33.224808,server_1,35.2,53.73258617155732,143.2,144,1.7040000000000002,running,0,1
2026-04-23 02:14:33.224808,server_1,36.15,59.75061050654018,148.9,163,1.723,running,0,1
2026-04-23 02:15:33.224808,server_2,51.650000000000006,57.7463451528114,199.9,333,2.0330000000000004,running,0,0
2026-04-23 02:16:33.224808,server_4,45.65,56.15769470379973,184.9,283,1.913,running,0,0
2026-04-23 02:17:33.224808,server_2,48.4,59.66437204871215,180.4,268,1.968,running,0,0
2026-04-23 02:18:33.224808,server_1,37.65,79.82203752157673,157.9,193,1.753,running,0,0
2026-04-23 02:19:33.224808,server_1,43.4,53.42329426169761,192.4,308,1.868,running,0,0
2026-04-23 02:20:33.224808,server_1,45.25,54.64032164166085,203.5,345,1.905,running,0,0
2026-04-23 02:21:33.224808,server_4,42.75,75.20831944970561,167.5,225,1.855,running,0,0
2026-04-23 02:22:33.224808,server_2,50.75,70.14375029400375,194.5,315,2.015,running,0,0
2026-04-23 02:23:33.224808,server_2,46.15,53.82388420144292,166.89999999999998,223,1.923,running,0,0
2026-04-23 02:24:33.224808,server_1,44.05,66.39022321533076,196.3,321,1.881,running,0,0
2026-04-23 02:25:33.224808,server_2,51.1,63.76291141299559,196.6,322,2.022,running,0,0
2026-04-23 02:26:33.224808,server_2,51.400000000000006,58.20804763984262,198.4,328,2.028,running,0,0
2026-04-23 02:27:33.224808,server_2,43.6,35.283732855492545,151.6,172,1.872,running,0,0
2026-04-23 02:28:33.224808,server_4,42.85,54.29582101550611,168.1,227,1.857,running,0,0
2026-04-23 02:29:33.224808,server_4,47.0,46.27873128423033,193.0,310,1.94,running,0,0
2026-04-23 02:30:33.224808,server_1,41.75,64.04801106662572,182.5,275,1.835,running,0,0
2026-04-23 02:31:33.224808,server_3,57.45,63.89785084204757,192.7,309,2.149,running,0,0
2026-04-23 02:32:33.224808,server_3,53.95,62.4075986933233,171.7,239,2.079,running,0,0
2026-04-23 02:33:33.224808,server_4,44.05,72.66379678169719,175.3,251,1.881,running,0,0
2026-04-23 02:34:33.224808,server_3,58.2,62.784313112377646,197.2,324,2.164,running,0,0
2026-04-23 02:35:33.224808,server_3,59.400000000000006,47.47927269783504,204.4,348,2.188,running,0,0
2026-04-23 02:36:33.224808,server_2,49.55,57.36716276054353,187.3,291,1.991,running,0,0
2026-04-23 02:37:33.224808,server_3,54.05,61.65307966741978,172.3,241,2.081,running,0,0
2026-04-23 02:38:33.224808,server_3,50.85,55.7405437928676,176.55,177,4.0068,running,1,1
2026-04-23 02:39:33.224808,server_1,80.3,53.2093526350049,173.8,738,2.7224000000000004,running,1,1
2026-04-23 02:40:33.224808,server_2,43.6,59.97422306682761,151.6,172,1.872,running,0,0
2026-04-23 02:41:33.224808,server_1,44.95,78.02011777883746,201.7,339,1.899,running,0,0
2026-04-23 02:42:33.224808,server_4,39.15,62.99067245968905,145.9,153,1.783,running,0,0
2026-04-23 02:43:33.224808,server_4,40.15,53.92962685485199,151.9,173,1.803,running,0,0
2026-04-23 02:44:33.224808,server_3,53.8,62.3108542561612,170.8,236,2.076,running,0,0
2026-04-23 02:45:33.224808,server_4,41.05,67.05604798589304,157.3,191,1.821,running,0,0
2026-04-23 02:46:33.224808,server_3,50.8,53.5975014737181,152.8,176,2.016,running,0,0
2026-04-23 02:47:33.224808,server_3,49.9,64.78606340916023,147.4,158,1.998,running,0,0
2026-04-23 02:48:33.224808,server_3,53.65,59.6839195958928,169.89999999999998,233,2.073,running,0,0
2026-04-23 02:49:33.224808,server_4,46.5,72.94949114363027,190.0,300,1.93,running,0,0
2026-04-23 02:50:33.224808,server_3,50.4,57.90779864213782,150.4,168,2.008,running,0,0
2026-04-23 02:51:33.224808,server_3,56.35,48.79661936949768,186.1,287,2.127,running,0,0
2026-04-23 02:52:33.224808,server_3,51.6,67.66785867157532,157.6,192,2.032,running,0,0
2026-04-23 02:53:33.224808,server_1,43.15,63.696700481806985,190.9,303,1.863,running,0,0
2026-04-23 02:54:33.224808,server_4,39.2,43.81755077962056,146.2,154,1.7839999999999998,running,0,0
2026-04-23 02:55:33.224808,server_4,39.45,67.58061138844467,147.7,159,1.789,running,0,0
2026-04-23 02:56:33.224808,server_3,58.2,64.28021748096688,197.2,324,2.164,running,0,0
2026-04-23 02:57:33.224808,server_4,43.5,60.60292850844151,172.0,240,1.87,running,0,0
2026-04-23 02:58:33.224808,server_3,56.4,66.32165813922153,186.4,288,2.128,running,0,0
2026-04-23 02:59:33.224808,server_1,35.0,58.79163899907212,142.0,140,1.7,running,0,1
2026-04-23 03:00:33.224808,server_4,43.25,64.57470358043904,170.5,235,1.865,running,0,0
2026-04-23 03:01:33.224808,server_2,42.55,51.63749601335376,145.3,151,1.851,running,0,0
2026-04-23 03:02:33.224808,server_3,53.6,56.448810007032456,169.6,232,2.072,running,0,0
2026-04-23 03:03:33.224808,server_2,43.05,62.00372843281225,148.3,161,1.861,running,0,0
2026-04-23 03:04:33.224808,server_1,39.55,46.32236033555877,169.3,231,1.791,running,0,0
2026-04-23 03:05:33.224808,server_2,42.15,80.57096251270787,142.9,143,1.843,running,0,0
2026-04-23 03:06:33.224808,server_1,44.95,43.915829698695006,201.7,339,1.899,running,0,0
2026-04-23 03:07:33.224808,server_4,41.55,48.74489472536357,160.3,201,1.831,running,0,0
2026-04-23 03:08:33.224808,server_3,51.7,44.83863429628062,158.2,194,2.034,running,0,0
2026-04-23 03:09:33.224808,server_2,42.2,60.45199991190929,143.2,144,1.844,running,0,0
2026-04-23 03:10:33.224808,server_3,54.1,68.54014658909945,172.6,242,2.082,running,0,0
2026-04-23 03:11:33.224808,server_3,57.75,42.576806462447294,194.5,315,2.155,running,0,0
2026-04-23 03:12:33.224808,server_4,47.2,55.6988612936118,194.2,314,1.944,running,0,0
2026-04-23 03:13:33.224808,server_1,44.45,76.44841348520475,198.7,329,1.889,running,0,0
2026-04-23 03:14:33.224808,server_2,51.5,73.51873245197115,199.0,330,2.03,running,0,0
2026-04-23 03:15:33.224808,server_2,42.55,54.07587823163794,145.3,151,1.851,running,0,0
2026-04-23 03:16:33.224808,server_1,35.45,69.05542544528039,144.7,149,1.709,running,0,1
2026-04-23 03:17:33.224808,server_2,44.9,58.57255274601563,159.4,198,1.898,running,0,0
2026-04-23 03:18:33.224808,server_3,57.45,44.605422034001975,192.7,309,2.149,running,0,0
2026-04-23 03:19:33.224808,server_2,43.65,49.61976704646854,151.9,173,1.873,running,0,0
2026-04-23 03:20:33.224808,server_4,48.7,43.22260437632789,203.2,344,1.974,running,0,0
2026-04-23 03:21:33.224808,server_2,49.55,63.80271262813035,187.3,291,1.991,running,0,0
2026-04-23 03:22:33.224808,server_4,41.3,59.73225979768056,158.8,196,1.826,running,0,0
2026-04-23 03:23:33.224808,server_3,49.75,78.05147071165791,146.5,155,1.995,running,0,0
2026-04-23 03:24:33.224808,server_2,51.900000000000006,52.48827621386365,201.4,338,2.0380000000000003,running,0,0
2026-04-23 03:25:33.224808,server_1,35.85,62.43706552747445,147.1,157,1.717,running,0,1
2026-04-23 03:26:33.224808,server_3,51.25,56.96602213396829,155.5,185,2.025,running,0,0
2026-04-23 03:27:33.224808,server_2,48.3,58.96563773908857,179.8,266,1.966,running,0,0
2026-04-23 03:28:33.224808,server_2,52.0,85.10285747235099,202.0,340,2.04,running,0,0
2026-04-23 03:29:33.224808,server_2,49.7,65.97200365653197,188.2,294,1.994,running,0,0
2026-04-23 03:30:33.224808,server_1,41.85,59.33375528417753,183.1,277,1.837,running,0,0
2026-04-23 03:31:33.224808,server_1,44.6,46.733276727980666,199.6,332,1.892,running,0,0
2026-04-23 03:32:33.224808,server_4,42.55,57.04848640738562,166.3,221,1.851,running,0,0
2026-04-23 03:33:33.224808,server_2,52.1,48.39125716384838,201.3,342,4.0168,running,1,1
2026-04-23 03:34:33.224808,server_3,49.4,67.98969086486187,144.4,148,1.988,running,0,0
2026-04-23 03:35:33.224808,server_2,48.9,67.01527958704226,183.4,278,1.978,running,0,0
2026-04-23 03:36:33.224808,server_2,45.15,47.23434793213754,160.9,203,1.903,running,0,0
2026-04-23 03:37:33.224808,server_1,44.05,50.58904790657508,196.3,321,1.881,running,0,0
2026-04-23 03:38:33.224808,server_1,43.05,69.66631571463584,190.3,301,1.861,running,0,0
2026-04-23 03:39:33.224808,server_1,40.65,55.39294816715641,175.89999999999998,253,1.813,running,0,0
2026-04-23 03:40:33.224808,server_1,38.15,67.8819084704618,160.9,203,1.763,running,0,0
2026-04-23 03:41:33.224808,server_2,50.85,71.38192098631842,195.1,317,2.0170000000000003,running,0,0
2026-04-23 03:42:33.224808,server_4,38.7,49.27717187619838,143.2,144,1.774,running,0,0
2026-04-23 03:43:33.224808,server_4,48.75,53.841230361799646,203.5,345,1.975,running,0,0
2026-04-23 03:44:33.224808,server_2,47.5,73.85256462031226,175.0,250,1.95,running,0,0
2026-04-23 03:45:33.224808,server_3,52.35,61.286489521040494,162.1,207,2.047,running,0,0
2026-04-23 03:46:33.224808,server_2,44.95,64.042725805408,159.7,199,1.899,running,0,0
2026-04-23 03:47:33.224808,server_3,49.5,42.63470962055694,145.0,150,1.99,running,0,0
2026-04-23 03:48:33.224808,server_2,50.05,62.0785454428207,190.3,301,2.001,running,0,0
2026-04-23 03:49:33.224808,server_3,49.1,50.2911469142432,142.6,142,1.982,running,0,0
2026-04-23 03:50:33.224808,server_1,40.2,55.54702505046971,173.2,244,1.804,running,0,0
2026-04-23 03:51:33.224808,server_2,48.05,76.28361432423257,178.3,261,1.961,running,0,0
2026-04-23 03:52:33.224808,server_4,45.35,75.40515275244267,183.1,277,1.907,running,0,0
2026-04-23 03:53:33.224808,server_3,52.3,57.77598273084731,161.8,206,2.0460000000000003,running,0,0
2026-04-23 03:54:33.224808,server_2,44.6,52.22046428621293,157.6,192,1.892,running,0,0
2026-04-23 03:55:33.224808,server_3,89.1,67.42805500599387,151.3,684,2.182,running,1,1
2026-04-23 03:56:33.224808,server_4,71.15,52.79271695963153,257.9,386,1.823,running,1,1
2026-04-23 03:57:33.224808,server_3,55.7,70.80100235804153,182.2,274,2.114,running,0,0
2026-04-23 03:58:33.224808,server_4,70.65,54.3205769023928,254.9,366,1.813,running,1,1
2026-04-23 03:59:33.224808,server_4,38.55,46.60376200897238,142.3,141,1.771,running,0,1
2026-04-23 04:00:33.224808,server_3,54.15,69.64883734238441,172.89999999999998,243,2.083,running,0,0
2026-04-23 04:01:33.224808,server_3,53.05,54.84828553009781,166.3,221,2.061,running,0,0
2026-04-23 04:02:33.224808,server_1,36.15,49.18915260683544,148.9,163,1.723,running,0,1
2026-04-23 04:03:33.224808,server_1,43.3,61.42808036017919,191.8,306,1.866,running,0,0
2026-04-23 04:04:33.224808,server_1,36.85,63.58609480249802,153.1,177,1.737,running,0,0
2026-04-23 04:05:33.224808,server_1,43.75,46.66240467417294,194.5,315,1.875,running,0,0
2026-04-23 04:06:33.224808,server_4,43.2,58.02021298098269,170.2,234,1.864,running,0,0
2026-04-23 04:07:33.224808,server_1,38.75,67.25127008773563,164.5,215,1.775,running,0,0
2026-04-23 04:08:33.224808,server_2,48.9,63.50419750088864,183.4,278,1.978,running,0,0
2026-04-23 04:09:33.224808,server_1,38.5,36.58749030131732,163.0,210,1.77,running,0,0
2026-04-23 04:10:33.224808,server_2,42.65,72.74587646670635,145.9,153,1.853,running,0,0
2026-04-23 04:11:33.224808,server_2,46.05,62.53426382505016,166.3,221,1.921,running,0,0
2026-04-23 04:12:33.224808,server_4,39.25,47.90537869813936,146.5,155,1.785,running,0,0
2026-04-23 04:13:33.224808,server_1,38.6,69.13640427587873,163.6,212,1.772,running,0,0
2026-04-23 04:14:33.224808,server_4,46.25,60.77270194207626,188.5,295,1.925,running,0,0
2026-04-23 04:15:33.224808,server_1,42.2,75.06455927169563,185.2,284,1.844,running,0,0
2026-04-23 04:16:33.224808,server_2,48.4,73.13255653219277,180.4,268,1.968,running,0,0
2026-04-23 04:17:33.224808,server_2,45.15,56.79651358209542,160.9,203,1.903,running,0,0
2026-04-23 04:18:33.224808,server_3,52.2,62.720748895904215,161.2,204,2.044,running,0,0
2026-04-23 04:19:33.224808,server_3,57.85,59.73662395134652,195.1,317,2.157,running,0,0
2026-04-23 04:20:33.224808,server_2,50.25,63.344739355699154,191.5,305,2.005,running,0,0
2026-04-23 04:21:33.224808,server_1,42.1,57.41498613775997,184.6,282,1.842,running,0,0
2026-04-23 04:22:33.224808,server_4,39.7,56.76864946012832,149.2,164,1.794,running,0,0
2026-04-23 04:23:33.224808,server_3,56.7,62.52589068653233,188.2,294,2.1340000000000003,running,0,0
2026-04-23 04:24:33.224808,server_4,48.85,72.78874683883161,204.1,347,1.977,running,0,0
2026-04-23 04:25:33.224808,server_3,59.0,78.90670160694083,202.0,340,2.18,running,0,0
2026-04-23 04:26:33.224808,server_1,43.15,45.32409294127791,190.9,303,1.863,running,0,0
2026-04-23 04:27:33.224808,server_4,41.75,50.80630868313069,161.5,205,1.835,running,0,0
2026-04-23 04:28:33.224808,server_2,43.5,68.69212753539554,151.0,170,1.87,running,0,0
2026-04-23 04:29:33.224808,server_4,42.35,51.55930202816048,165.1,217,1.847,running,0,0
2026-04-23 04:30:33.224808,server_3,50.05,51.93777747119029,148.3,161,2.001,running,0,0
2026-04-23 04:31:33.224808,server_2,52.1,63.21317342248801,202.6,342,2.042,running,0,0
2026-04-23 04:32:33.224808,server_1,40.25,68.6974881584571,173.5,245,1.805,running,0,0
2026-04-23 04:33:33.224808,server_2,48.4,57.50412704510734,180.4,268,1.968,running,0,0
2026-04-23 04:34:33.224808,server_3,55.75,70.84059449693325,182.5,275,2.115,running,0,0
2026-04-23 04:35:33.224808,server_3,51.65,52.47754794106,157.9,193,2.033,running,0,0
2026-04-23 04:36:33.224808,server_1,36.35,69.00863515661675,150.1,167,1.727,running,0,1
2026-04-23 04:37:33.224808,server_3,55.3,62.71435799942581,179.8,266,2.106,running,0,0
2026-04-23 04:38:33.224808,server_4,44.35,62.68255212984192,177.1,257,1.887,running,0,0
2026-04-23 04:39:33.224808,server_3,86.7,50.0574381227563,288.2,588,2.1340000000000003,running,1,1
2026-04-23 04:40:33.224808,server_3,50.95,51.33359915233473,153.7,179,2.019,running,0,0
2026-04-23 04:41:33.224808,server_1,39.6,79.7231701633949,169.6,232,1.792,running,0,0
2026-04-23 04:42:33.224808,server_4,42.2,65.63321430541178,164.2,214,1.844,running,0,0
2026-04-23 04:43:33.224808,server_4,44.5,64.64536493645683,178.0,260,1.89,running,0,0
2026-04-23 04:44:33.224808,server_2,51.2,72.55909804611196,197.2,324,2.024,running,0,0
2026-04-23 04:45:33.224808,server_4,40.25,62.36786080743133,152.5,175,1.805,running,0,0
2026-04-23 04:46:33.224808,server_3,54.6,64.83560631290325,175.6,252,2.092,running,0,0
2026-04-23 04:47:33.224808,server_2,48.9,53.20103280257347,183.4,278,1.978,running,0,0
2026-04-23 04:48:33.224808,server_3,54.35,55.83429006636796,174.1,247,2.087,running,0,0
2026-04-23 04:49:33.224808,server_3,54.6,55.187201611240205,175.6,252,2.092,running,0,0
2026-04-23 04:50:33.224808,server_3,54.1,49.73336919472401,172.6,242,2.082,running,0,0
2026-04-23 04:51:33.224808,server_3,50.85,66.60890813137108,153.1,177,2.0170000000000003,running,0,0
2026-04-23 04:52:33.224808,server_2,51.25,51.65009325029876,197.5,325,2.025,running,0,0
2026-04-23 04:53:33.224808,server_2,50.85,55.92700389855136,195.1,317,2.0170000000000003,running,0,0
2026-04-23 04:54:33.224808,server_1,45.35,47.42866223667066,204.1,347,1.907,running,0,0
2026-04-23 04:55:33.224808,server_1,39.95,50.76154211086949,171.7,239,1.799,running,0,0
2026-04-23 04:56:33.224808,server_3,57.1,53.966677098649576,190.6,302,2.1420000000000003,running,0,0
2026-04-23 04:57:33.224808,server_3,57.9,65.13205802474529,195.4,318,2.158,running,0,0
2026-04-23 04:58:33.224808,server_3,59.0,71.1375538999109,202.0,340,2.18,running,0,0
2026-04-23 04:59:33.224808,server_4,40.55,81.68224829747844,154.3,181,1.811,running,0,0
2026-04-23 05:00:33.224808,server_1,80.0,68.97554173191307,172.0,720,2.72,running,1,1
2026-04-23 05:01:33.224808,server_3,54.7,66.1350538128899,176.2,254,2.0940000000000003,running,0,0
2026-04-23 05:02:33.224808,server_1,40.95,59.39195129513208,177.7,259,1.819,running,0,0
2026-04-23 05:03:33.224808,server_3,58.1,56.629908861916086,196.6,322,2.162,running,0,0
2026-04-23 05:04:33.224808,server_1,38.0,58.83412197364955,160.0,200,1.76,running,0,0
2026-04-23 05:05:33.224808,server_2,46.85,43.80882970521884,171.1,237,1.937,running,0,0
2026-04-23 05:06:33.224808,server_2,51.650000000000006,68.51277954476976,199.9,333,2.0330000000000004,running,0,0
2026-04-23 05:07:33.224808,server_4,39.35,71.24348750369059,147.1,157,1.787,running,0,0
2026-04-23 05:08:33.224808,server_2,43.0,71.2838404415924,148.0,160,1.86,running,0,0
2026-04-23 05:09:33.224808,server_4,40.25,75.45597613972122,152.5,175,1.805,running,0,0
2026-04-23 05:10:33.224808,server_3,58.400000000000006,74.76339272935812,198.4,328,2.168,running,0,0
2026-04-23 05:11:33.224808,server_3,57.0,57.65261076344966,190.0,300,2.14,running,0,0
2026-04-23 05:12:33.224808,server_1,42.3,65.52720301314227,185.8,286,1.846,running,0,0
2026-04-23 05:13:33.224808,server_3,51.3,58.24894145264755,155.8,186,2.026,running,0,0
2026-04-23 05:14:33.224808,server_3,58.8,74.52430295770385,200.8,336,2.176,running,0,0
2026-04-23 05:15:33.224808,server_3,58.55,44.45761363673743,199.3,331,2.1710000000000003,running,0,0
2026-04-23 05:16:33.224808,server_2,47.05,56.77660969313765,172.3,241,1.941,running,0,0
2026-04-23 05:17:33.224808,server_2,51.75,56.81426681427994,200.5,335,2.035,running,0,0
2026-04-23 05:18:33.224808,server_3,58.7,65.7836526839548,200.2,334,2.1740000000000004,running,0,0
2026-04-23 05:19:33.224808,server_2,51.5,72.28449165237558,199.0,330,2.03,running,0,0
2026-04-23 05:20:33.224808,server_4,43.5,67.4724928219814,172.0,240,1.87,running,0,0
2026-04-23 05:21:33.224808,server_4,46.75,63.22704439889185,191.5,305,1.935,running,0,0
2026-04-23 05:22:33.224808,server_2,52.150000000000006,79.39280349734427,202.9,343,2.043,running,0,0
2026-04-23 05:23:33.224808,server_1,38.1,48.532863941938544,180.3,202,3.9048000000000003,running,1,1
2026-04-23 05:24:33.224808,server_2,42.35,69.17707872538091,144.1,147,1.847,running,0,0
2026-04-23 05:25:33.224808,server_3,51.2,65.15315532017215,155.2,184,2.024,running,0,0
2026-04-23 05:26:33.224808,server_3,57.5,73.74922753123907,193.0,310,2.15,running,0,0
2026-04-23 05:27:33.224808,server_1,42.9,61.010103422458414,189.4,298,1.858,running,0,0
2026-04-23 05:28:33.224808,server_2,51.7,60.3190449127281,200.2,334,2.034,running,0,0
2026-04-23 05:29:33.224808,server_1,35.1,63.9417109711566,142.6,142,1.702,running,0,1
2026-04-23 05:30:33.224808,server_1,41.05,42.94178370471219,178.3,261,1.821,running,0,0
2026-04-23 05:31:33.224808,server_4,48.7,52.40906829845606,203.2,344,1.974,running,0,0
2026-04-23 05:32:33.224808,server_2,42.9,50.163727657471455,147.4,158,1.858,running,0,0
2026-04-23 05:33:33.224808,server_4,45.2,49.61691311392862,182.2,274,1.904,running,0,0
2026-04-23 05:34:33.224808,server_1,39.9,59.81164572963566,171.39999999999998,238,1.798,running,0,0
2026-04-23 05:35:33.224808,server_4,40.4,71.42107859931855,176.7,178,3.9232,running,1,1
2026-04-23 05:36:33.224808,server_2,44.55,60.127778646937536,157.3,191,1.891,running,0,0
2026-04-23 05:37:33.224808,server_4,42.65,72.57646750641489,166.89999999999998,223,1.853,running,0,0
2026-04-23 05:38:33.224808,server_1,37.35,58.26916732215283,156.1,187,1.747,running,0,0
2026-04-23 05:39:33.224808,server_3,57.4,67.49852625758425,192.4,308,2.148,running,0,0
2026-04-23 05:40:33.224808,server_4,39.2,54.72759208827302,146.2,154,1.7839999999999998,running,0,0
2026-04-23 05:41:33.224808,server_2,47.4,68.27025013546893,174.39999999999998,248,1.948,running,0,0
2026-04-23 05:42:33.224808,server_4,42.65,70.45785824159726,166.89999999999998,223,1.853,running,0,0
2026-04-23 05:43:33.224808,server_4,45.0,43.19000934526439,181.0,270,1.9,running,0,0
2026-04-23 05:44:33.224808,server_4,39.85,63.51111639009111,150.1,167,1.797,running,0,0
2026-04-23 05:45:33.224808,server_4,44.05,49.61892063535341,175.3,251,1.881,running,0,0
2026-04-23 05:46:33.224808,server_1,36.5,49.87496796894603,151.0,170,1.73,running,0,0
2026-04-23 05:47:33.224808,server_3,54.0,73.95959458478399,172.0,240,2.08,running,0,0
2026-04-23 05:48:33.224808,server_2,45.45,49.39254696713142,162.7,209,1.909,running,0,0
2026-04-23 05:49:33.224808,server_3,59.1,54.57362411677045,202.6,342,2.182,running,0,0
2026-04-23 05:50:33.224808,server_2,47.15,51.12280378950169,172.89999999999998,243,1.943,running,0,0
2026-04-23 05:51:33.224808,server_4,41.3,65.15035639547635,158.8,196,1.826,running,0,0
2026-04-23 05:52:33.224808,server_3,55.15,68.1841176373934,178.89999999999998,263,2.103,running,0,0
2026-04-23 05:53:33.224808,server_4,45.0,70.56778951344646,181.0,270,1.9,running,0,0
2026-04-23 05:54:33.224808,server_1,40.95,81.4143156224705,177.7,259,1.819,running,0,0
2026-04-23 05:55:33.224808,server_1,36.1,69.6477058438846,148.6,162,1.722,running,0,1
2026-04-23 05:56:33.224808,server_2,42.45,61.66041036968588,144.7,149,1.849,running,0,0
2026-04-23 05:57:33.224808,server_3,54.45,58.65556466322708,174.7,249,2.089,running,0,0
2026-04-23 05:58:33.224808,server_1,38.85,75.18510719376027,165.1,217,1.777,running,0,0
2026-04-23 05:59:33.224808,server_2,45.4,84.10949476649049,162.4,208,1.908,running,0,0
2026-04-23 06:00:33.224808,server_2,55.32,62.86217993131868,203.2,1032,2.8176000000000005,running,1,1
2026-04-23 06:01:33.224808,server_3,58.7,55.53153866145537,200.2,334,2.1740000000000004,running,0,0
2026-04-23 06:02:33.224808,server_2,42.4,54.81547801909532,144.4,148,1.848,running,0,0
2026-04-23 06:03:33.224808,server_4,46.05,59.923626965911495,187.3,291,1.921,running,0,0
2026-04-23 06:04:33.224808,server_3,49.65,63.13846006034541,145.9,153,1.993,running,0,0
2026-04-23 06:05:33.224808,server_3,50.65,52.35965721132632,151.9,173,2.013,running,0,0
2026-04-23 06:06:33.224808,server_4,48.6,73.65948447239545,202.6,342,1.972,running,0,0
2026-04-23 06:07:33.224808,server_3,57.9,53.3084381928425,195.4,318,2.158,running,0,0
2026-04-23 06:08:33.224808,server_4,41.05,60.45597483914207,157.3,191,1.821,running,0,0
2026-04-23 06:09:33.224808,server_2,46.1,57.90813005743192,166.6,222,1.922,running,0,0
2026-04-23 06:10:33.224808,server_1,44.45,62.94603080214316,198.7,329,1.889,running,0,0
2026-04-23 06:11:33.224808,server_3,50.8,69.40292910489516,152.8,176,2.016,running,0,0
2026-04-23 06:12:33.224808,server_1,42.75,44.57138426397472,188.5,295,1.855,running,0,0
2026-04-23 06:13:33.224808,server_2,44.1,39.54460754848206,154.6,182,1.882,running,0,0
2026-04-23 06:14:33.224808,server_2,50.8,64.09620566267454,194.8,316,2.016,running,0,0
2026-04-23 06:15:33.224808,server_1,35.55,48.30292844307096,145.3,151,1.711,running,0,1
2026-04-23 06:16:33.224808,server_1,38.25,64.07993722477462,161.5,205,1.765,running,0,0
2026-04-23 06:17:33.224808,server_2,45.0,41.8696249698782,160.0,200,1.9,running,0,0
2026-04-23 06:18:33.224808,server_4,38.5,52.00468284950745,142.0,140,1.77,running,0,1
2026-04-23 06:19:33.224808,server_4,42.55,53.06083775215855,166.3,221,1.851,running,0,0
2026-04-23 06:20:33.224808,server_4,41.25,72.16137246011382,158.5,195,1.825,running,0,0
2026-04-23 06:21:33.224808,server_3,58.3,56.2757448293343,197.8,326,2.166,running,0,0
2026-04-23 06:22:33.224808,server_1,45.0,52.43960622295629,202.0,340,1.9,running,0,0
2026-04-23 06:23:33.224808,server_1,42.55,53.19374395748255,193.65,291,3.9404000000000003,running,1,1
2026-04-23 06:24:33.224808,server_1,38.6,41.88722491355807,181.8,212,3.9088000000000003,running,1,1
2026-04-23 06:25:33.224808,server_4,45.0,62.86787813989037,181.0,270,1.9,running,0,0
2026-04-23 06:26:33.224808,server_1,37.4,57.27929495423561,156.4,188,1.748,running,0,0
2026-04-23 06:27:33.224808,server_4,48.2,77.1362447840225,200.2,334,1.964,running,0,0
2026-04-23 06:28:33.224808,server_4,46.5,60.01579507358008,190.0,300,1.93,running,0,0
2026-04-23 06:29:33.224808,server_2,46.3,65.08685391363002,167.8,226,1.926,running,0,0
2026-04-23 06:30:33.224808,server_3,51.85,52.36034571720214,159.1,197,2.037,running,0,0
2026-04-23 06:31:33.224808,server_1,40.35,55.7012032912188,174.1,247,1.807,running,0,0
2026-04-23 06:32:33.224808,server_4,40.1,64.65478899108105,151.6,172,1.802,running,0,0
2026-04-23 06:33:33.224808,server_2,42.2,67.73549189403715,143.2,144,1.844,running,0,0
2026-04-23 06:34:33.224808,server_2,89.55,74.11035669631977,187.3,873,2.7964,running,1,1
2026-04-23 06:35:33.224808,server_3,54.95,76.3986503057881,177.7,259,2.099,running,0,0
2026-04-23 06:36:33.224808,server_3,50.4,65.50664420761719,150.4,168,2.008,running,0,0
2026-04-23 06:37:33.224808,server_2,89.55,55.29174506129587,187.3,873,2.7964,running,1,1
2026-04-23 06:38:33.224808,server_2,54.57,73.84797015763382,195.7,957,2.8076000000000003,running,1,1
2026-04-23 06:39:33.224808,server_1,35.3,67.99397179772751,143.8,146,1.706,running,0,1
2026-04-23 06:40:33.224808,server_4,44.7,64.29938708790108,179.2,264,1.894,running,0,0
2026-04-23 06:41:33.224808,server_3,52.85,75.74840361236633,165.1,217,2.057,running,0,0
2026-04-23 06:42:33.224808,server_3,59.35,69.59194460298518,204.1,347,2.1870000000000003,running,0,0
2026-04-23 06:43:33.224808,server_4,38.9,50.845014028809445,144.4,148,1.778,running,0,0
2026-04-23 06:44:33.224808,server_2,45.4,65.66930935007274,162.4,208,1.908,running,0,0
2026-04-23 06:45:33.224808,server_3,51.2,67.4223658672555,155.2,184,2.024,running,0,0
2026-04-23 06:46:33.224808,server_3,51.8,60.4299351729047,158.8,196,2.036,running,0,0
2026-04-23 06:47:33.224808,server_4,44.6,55.23890716416426,178.6,262,1.892,running,0,0
2026-04-23 06:48:33.224808,server_2,52.35,57.46148857639037,204.1,347,2.047,running,0,0
2026-04-23 06:49:33.224808,server_2,50.15,74.86720003057772,190.9,303,2.003,running,0,0
2026-04-23 06:50:33.224808,server_2,49.2,59.95583788600535,185.2,284,1.984,running,0,0
2026-04-23 06:51:33.224808,server_1,41.85,81.66127869123626,183.1,277,1.837,running,0,0
2026-04-23 06:52:33.224808,server_4,42.85,77.19698257798365,168.1,227,1.857,running,0,0
2026-04-23 06:53:33.224808,server_3,57.65,59.96709858444037,193.9,313,2.153,running,0,0
2026-04-23 06:54:33.224808,server_2,49.35,66.56602181894006,186.1,287,1.987,running,0,0
2026-04-23 06:55:33.224808,server_1,44.85,65.10469292914782,201.1,337,1.897,running,0,0
2026-04-23 06:56:33.224808,server_2,42.0,55.87614505000396,142.0,140,1.84,running,0,0
2026-04-23 06:57:33.224808,server_3,54.2,60.54461682501529,173.2,244,2.084,running,0,0
2026-04-23 06:58:33.224808,server_1,37.2,60.94789375542507,155.2,184,1.7440000000000002,running,0,0
2026-04-23 06:59:33.224808,server_1,36.55,46.52030214746195,151.3,171,1.731,running,0,0
2026-04-23 07:00:33.224808,server_2,51.55,53.84490436479406,199.3,331,2.031,running,0,0
2026-04-23 07:01:33.224808,server_3,53.0,77.01462413283951,166.0,220,2.06,running,0,0
2026-04-23 07:02:33.224808,server_1,39.0,64.31880406259015,166.0,220,1.78,running,0,0
2026-04-23 07:03:33.224808,server_2,50.75,65.51839630214704,194.5,315,2.015,running,0,0
2026-04-23 07:04:33.224808,server_2,50.55,51.36215030681794,193.3,311,2.011,running,0,0
2026-04-23 07:05:33.224808,server_3,55.5,70.28613318339842,181.0,270,2.1100000000000003,running,0,0
2026-04-23 07:06:33.224808,server_2,52.150000000000006,75.64988202998101,202.9,343,2.043,running,0,0
2026-04-23 07:07:33.224808,server_4,47.95,73.40324617882784,198.7,329,1.959,running,0,0
2026-04-23 07:08:33.224808,server_2,45.8,65.24476754919014,164.8,216,1.916,running,0,0
2026-04-23 07:09:33.224808,server_1,39.2,46.95054666954147,167.2,224,1.784,running,0,0
2026-04-23 07:10:33.224808,server_1,39.25,35.84151603774643,167.5,225,1.785,running,0,0
2026-04-23 07:11:33.224808,server_4,42.1,61.71806169071513,163.6,212,1.842,running,0,0
2026-04-23 07:12:33.224808,server_4,44.8,83.08946578861725,179.8,266,1.896,running,0,0
2026-04-23 07:13:33.224808,server_3,52.45,77.9173134346216,162.7,209,2.0490000000000004,running,0,0
2026-04-23 07:14:33.224808,server_2,47.8,73.71090020306048,176.8,256,1.956,running,0,0
2026-04-23 07:15:33.224808,server_4,41.85,64.8027421633397,162.1,207,1.837,running,0,0
2026-04-23 07:16:33.224808,server_2,51.55,62.29706288693303,199.3,331,2.031,running,0,0
2026-04-23 07:17:33.224808,server_3,57.95,60.885025171073686,195.7,319,2.159,running,0,0
2026-04-23 07:18:33.224808,server_4,46.85,64.96850971648372,192.1,307,1.937,running,0,0
2026-04-23 07:19:33.224808,server_3,56.75,65.55527104938221,188.5,295,2.135,running,0,0
2026-04-23 07:20:33.224808,server_3,51.45,50.55870811486734,156.7,189,2.029,running,0,0
2026-04-23 07:21:33.224808,server_2,48.6,60.76559275886749,181.6,272,1.972,running,0,0
2026-04-23 07:22:33.224808,server_1,39.65,48.62142909223673,169.89999999999998,233,1.793,running,0,0
2026-04-23 07:23:33.224808,server_1,35.45,54.23795040769869,144.7,149,1.709,running,0,1
2026-04-23 07:24:33.224808,server_4,46.15,54.82655078545668,187.9,293,1.923,running,0,0
2026-04-23 07:25:33.224808,server_2,45.5,43.774034583271785,163.0,210,1.91,running,0,0
2026-04-23 07:26:33.224808,server_1,38.25,49.07911265324157,161.5,205,1.765,running,0,0
2026-04-23 07:27:33.224808,server_1,42.7,54.9101132594477,188.2,294,1.854,running,0,0
2026-04-23 07:28:33.224808,server_1,43.15,60.57057582487058,190.9,303,1.863,running,0,0
2026-04-23 07:29:33.224808,server_1,39.6,44.30845586934198,169.6,232,1.792,running,0,0
2026-04-23 07:30:33.224808,server_3,52.7,71.69559827218984,164.2,214,2.0540000000000003,running,0,0
2026-04-23 07:31:33.224808,server_1,36.6,63.50170850399656,151.6,172,1.732,running,0,1
2026-04-23 07:32:33.224808,server_4,48.35,66.53158077423659,201.1,337,1.967,running,0,0
2026-04-23 07:33:33.224808,server_2,51.95,46.30865534948463,201.7,339,2.039,running,0,0
2026-04-23 07:34:33.224808,server_2,45.15,78.35057180639792,160.9,203,1.903,running,0,0
2026-04-23 07:35:33.224808,server_4,45.25,58.845698364514334,182.5,275,1.905,running,0,0
2026-04-23 07:36:33.224808,server_1,38.95,61.91133919420753,165.7,219,1.779,running,0,0
2026-04-23 07:37:33.224808,server_2,43.4,45.6354373445686,150.4,168,1.868,running,0,0
2026-04-23 07:38:33.224808,server_1,36.55,59.40307562839375,151.3,171,1.731,running,0,0
2026-04-23 07:39:33.224808,server_4,47.1,58.58294152278144,193.6,312,1.942,running,0,0
2026-04-23 07:40:33.224808,server_3,52.15,59.62983166632238,160.9,203,2.043,running,0,0
2026-04-23 07:41:33.224808,server_4,41.9,58.36890415348625,162.4,208,1.838,running,0,0
2026-04-23 07:42:33.224808,server_4,40.75,51.679504853223975,155.5,185,1.815,running,0,0
2026-04-23 07:43:33.224808,server_3,54.45,53.81001328505954,174.7,249,2.089,running,0,0
2026-04-23 07:44:33.224808,server_4,38.7,62.716989924282615,143.2,144,1.774,running,0,0
2026-04-23 07:45:33.224808,server_3,55.85,64.58988925012366,183.1,277,2.117,running,0,0
2026-04-23 07:46:33.224808,server_2,48.65,70.44889227098105,181.9,273,1.973,running,0,0
2026-04-23 07:47:33.224808,server_2,51.75,67.50496624321217,200.5,335,2.035,running,0,0
2026-04-23 07:48:33.224808,server_2,48.35,57.62610971816835,180.1,267,1.967,running,0,0
2026-04-23 07:49:33.224808,server_3,53.55,58.16812489810824,169.3,231,2.071,running,0,0
2026-04-23 07:50:33.224808,server_3,49.7,70.34773791410578,146.2,154,1.994,running,0,0
2026-04-23 07:51:33.224808,server_4,46.55,66.99635827101906,190.3,301,1.931,running,0,0
2026-04-23 07:52:33.224808,server_4,40.2,67.71935987041377,152.2,174,1.804,running,0,0
2026-04-23 07:53:33.224808,server_4,45.2,76.91135249832418,191.1,274,3.9616000000000002,running,1,1
2026-04-23 07:54:33.224808,server_1,39.55,56.31072774561809,169.3,231,1.791,running,0,0
2026-04-23 07:55:33.224808,server_4,39.8,42.81308055148148,149.8,166,1.7959999999999998,running,0,0
2026-04-23 07:56:33.224808,server_1,35.0,57.90164114823831,142.0,140,1.7,running,0,1
2026-04-23 07:57:33.224808,server_1,37.55,63.67339873524844,157.3,191,1.751,running,0,0
2026-04-23 07:58:33.224808,server_3,58.45,53.83275834037027,198.7,329,2.169,running,0,0
2026-04-23 07:59:33.224808,server_4,42.05,47.98778161608325,163.3,211,1.841,running,0,0
2026-04-23 08:00:33.224808,server_3,57.4,49.31860726745845,192.4,308,2.148,running,0,0
2026-04-23 08:01:33.224808,server_1,38.7,66.74380815718109,164.2,214,1.774,running,0,0
2026-04-23 08:02:33.224808,server_4,39.4,61.8387245503392,147.4,158,1.7879999999999998,running,0,0
2026-04-23 08:03:33.224808,server_3,51.3,57.81213501342478,155.8,186,2.026,running,0,0
2026-04-23 08:04:33.224808,server_2,43.0,66.81825463520006,148.0,160,1.86,running,0,0
2026-04-23 08:05:33.224808,server_3,52.75,55.48990810105873,164.5,215,2.055,running,0,0
2026-04-23 08:06:33.224808,server_3,54.8,64.72247083754033,176.8,256,2.096,running,0,0
2026-04-23 08:07:33.224808,server_3,51.05,52.659551774647,154.3,181,2.021,running,0,0
2026-04-23 08:08:33.224808,server_1,40.55,65.6436118274599,175.3,251,1.811,running,0,0
2026-04-23 08:09:33.224808,server_4,48.3,66.95417848907154,200.8,336,1.966,running,0,0
2026-04-23 08:10:33.224808,server_3,50.15,50.07079358962437,148.9,163,2.003,running,0,0
2026-04-23 08:11:33.224808,server_2,42.7,64.44548032759728,146.2,154,1.854,running,0,0
2026-04-23 08:12:33.224808,server_4,47.2,53.70267740761739,194.2,314,1.944,running,0,0
2026-04-23 08:13:33.224808,server_3,57.95,55.304493358016565,195.7,319,2.159,running,0,0
2026-04-23 08:14:33.224808,server_3,49.0,72.58542146428496,142.0,140,1.98,running,0,1
2026-04-23 08:15:33.224808,server_1,41.15,56.70598401507367,178.89999999999998,263,1.823,running,0,0
2026-04-23 08:16:33.224808,server_2,46.75,54.150795988405896,170.5,235,1.935,running,0,0
2026-04-23 08:17:33.224808,server_2,51.400000000000006,48.23198424070026,198.4,328,2.028,running,0,0
2026-04-23 08:18:33.224808,server_3,87.95,69.70784981955505,295.7,638,2.159,running,1,1
2026-04-23 08:19:33.224808,server_1,36.6,67.15049579764214,151.6,172,1.732,running,0,1
2026-04-23 08:20:33.224808,server_1,39.65,73.00150536422193,169.89999999999998,233,1.793,running,0,0
2026-04-23 08:21:33.224808,server_4,44.8,54.71609465743253,179.8,266,1.896,running,0,0
2026-04-23 08:22:33.224808,server_4,41.3,52.74738461591528,158.8,196,1.826,running,0,0
2026-04-23 08:23:33.224808,server_4,39.45,51.38668034745108,147.7,159,1.789,running,0,0
2026-04-23 08:24:33.224808,server_3,50.85,84.34549920812806,153.1,177,2.0170000000000003,running,0,0
2026-04-23 08:25:33.224808,server_4,41.5,57.69958115052147,160.0,200,1.83,running,0,0
2026-04-23 08:26:33.224808,server_2,51.95,44.1742745142167,201.7,339,2.039,running,0,0
2026-04-23 08:27:33.224808,server_3,57.8,63.76186985486175,194.8,316,2.156,running,0,0
2026-04-23 08:28:33.224808,server_3,51.45,64.49961184410266,156.7,189,2.029,running,0,0
2026-04-23 08:29:33.224808,server_4,44.0,59.34093615249978,175.0,250,1.88,running,0,0
2026-04-23 08:30:33.224808,server_2,44.85,59.45857626306238,159.1,197,1.897,running,0,0
2026-04-23 08:31:33.224808,server_1,40.15,56.28585694257284,172.89999999999998,243,1.803,running,0,0
2026-04-23 08:32:33.224808,server_3,49.45,81.20682451144205,144.7,149,1.989,running,0,0
2026-04-23 08:33:33.224808,server_4,38.7,60.53391131502063,143.2,144,1.774,running,0,0
2026-04-23 08:34:33.224808,server_2,46.4,52.37384157498949,168.39999999999998,228,1.928,running,0,0
2026-04-23 08:35:33.224808,server_2,43.85,51.85124644438601,153.1,177,1.877,running,0,0
2026-04-23 08:36:33.224808,server_3,57.35,56.09123289841916,192.1,307,2.147,running,0,0
2026-04-23 08:37:33.224808,server_1,44.55,43.59752768606013,199.3,331,1.891,running,0,0
2026-04-23 08:38:33.224808,server_3,51.25,54.42367471676124,155.5,185,2.025,running,0,0
2026-04-23 08:39:33.224808,server_3,52.7,71.46723163491639,164.2,214,2.0540000000000003,running,0,0
2026-04-23 08:40:33.224808,server_4,46.1,81.98242941005643,187.6,292,1.922,running,0,0
2026-04-23 08:41:33.224808,server_2,51.8,62.90516104688128,200.8,336,2.036,running,0,0
2026-04-23 08:42:33.224808,server_1,36.5,79.16714947244114,151.0,170,1.73,running,0,0
2026-04-23 08:43:33.224808,server_3,53.7,73.80504056996557,170.2,234,2.074,running,0,0
2026-04-23 08:44:33.224808,server_1,40.2,59.00210042373263,173.2,244,1.804,running,0,0
2026-04-23 08:45:33.224808,server_1,41.85,64.37154819949377,183.1,277,1.837,running,0,0
2026-04-23 08:46:33.224808,server_3,57.1,50.58334526275239,190.6,302,2.1420000000000003,running,0,0
2026-04-23 08:47:33.224808,server_4,45.3,48.89911406236661,182.8,276,1.906,running,0,0
2026-04-23 08:48:33.224808,server_2,45.35,64.85240500412193,162.1,207,1.907,running,0,0
2026-04-23 08:49:33.224808,server_4,39.55,53.53028723638877,148.3,161,1.791,running,0,0
2026-04-23 08:50:33.224808,server_3,50.85,58.17308323204799,153.1,177,2.0170000000000003,running,0,0
2026-04-23 08:51:33.224808,server_1,40.9,54.69832082916396,177.39999999999998,258,1.818,running,0,0
2026-04-23 08:52:33.224808,server_4,46.0,69.52052630193182,187.0,290,1.92,running,0,0
2026-04-23 08:53:33.224808,server_4,39.65,54.28937226997697,148.9,163,1.793,running,0,0
2026-04-23 08:54:33.224808,server_1,36.55,63.43575772972775,151.3,171,1.731,running,0,0
2026-04-23 08:55:33.224808,server_1,38.7,80.80854667450444,164.2,214,1.774,running,0,0
2026-04-23 08:56:33.224808,server_3,52.1,63.6789976226825,160.6,202,2.042,running,0,0
2026-04-23 08:57:33.224808,server_1,36.15,61.03144713164833,148.9,163,1.723,running,0,1
2026-04-23 08:58:33.224808,server_4,45.5,60.282667918210656,184.0,280,1.91,running,0,0
2026-04-23 08:59:33.224808,server_3,53.05,59.410637043225606,166.3,221,2.061,running,0,0
2026-04-23 09:00:33.224808,server_3,57.15,47.31266104841462,239.5,465,2.905,running,0,0
2026-04-23 09:01:33.224808,server_2,88.6,57.38334480339412,271.6,572,2.772,running,0,0
2026-04-23 09:02:33.224808,server_4,83.7,53.463969978682215,278.2,594,2.6740000000000004,running,0,0
2026-04-23 09:03:33.224808,server_3,58.349999999999994,49.503654480116914,251.5,505,2.9450000000000003,running,0,0
2026-04-23 09:04:33.224808,server_2,82.3,64.88309468763373,233.8,446,2.646,running,0,0
2026-04-23 09:05:33.224808,server_2,73.05,70.98490656625623,178.3,261,2.461,running,0,0
2026-04-23 09:06:33.224808,server_3,56.940000000000005,47.92446910853398,237.4,458,2.898,running,0,0
2026-04-23 09:07:33.224808,server_3,56.4,73.63372553053796,232.0,440,2.88,running,0,0
2026-04-23 09:08:33.224808,server_2,86.45,66.63080994371855,258.7,529,2.729,running,0,0
2026-04-23 09:09:33.224808,server_1,59.459999999999994,59.71106742647312,163.3,844,2.382,running,1,1
2026-04-23 09:10:33.224808,server_1,65.9,71.17223044699584,207.4,358,2.318,running,0,0
2026-04-23 09:11:33.224808,server_2,79.25,60.245415256119536,215.5,385,2.585,running,0,0
2026-04-23 09:12:33.224808,server_4,78.95,60.57495878406828,249.7,499,2.579,running,0,0
2026-04-23 09:13:33.224808,server_3,86.9,55.308000694639816,189.4,298,2.7380000000000004,running,0,0
2026-04-23 09:14:33.224808,server_4,74.2,72.07506292967012,221.2,404,2.484,running,0,0
2026-04-23 09:15:33.224808,server_3,89.0,55.626427994670784,202.0,340,2.78,running,0,0
2026-04-23 09:16:33.224808,server_3,59.04,72.4294531271807,258.4,528,2.968,running,0,0
2026-04-23 09:17:33.224808,server_4,66.1,66.45816980555793,172.6,242,2.322,running,0,1
2026-04-23 09:18:33.224808,server_4,77.55,52.68363883190084,241.3,471,2.551,running,0,0
2026-04-23 09:19:33.224808,server_4,71.3,47.53024862905808,203.8,346,2.426,running,0,0
2026-04-23 09:20:33.224808,server_1,72.65,53.98959419501149,247.9,493,2.4530000000000003,running,0,0
2026-04-23 09:21:33.224808,server_3,58.44,53.70998149623293,252.4,508,2.9480000000000004,running,0,0
2026-04-23 09:22:33.224808,server_2,86.2,65.16588639597269,257.2,524,2.724,running,0,0
2026-04-23 09:23:33.224808,server_1,62.5,61.52058640318752,187.0,290,2.25,running,0,0
2026-04-23 09:24:33.224808,server_4,79.2,57.77245080492818,251.2,504,2.584,running,0,0
2026-04-23 09:25:33.224808,server_4,82.95,32.221338021414105,273.7,579,2.659,running,0,0
2026-04-23 09:26:33.224808,server_1,73.5,61.18515830071087,226.5,510,4.188000000000001,running,1,1
2026-04-23 09:27:33.224808,server_4,71.5,59.43928302308831,205.0,350,2.43,running,0,0
2026-04-23 09:28:33.224808,server_1,60.2,67.75964977067811,173.2,244,2.204,running,0,0
2026-04-23 09:29:33.224808,server_4,66.0,75.3326040612948,172.0,240,2.3200000000000003,running,0,1
2026-04-23 09:30:33.224808,server_2,73.9,53.715674773534815,183.4,278,2.478,running,0,0
2026-04-23 09:31:33.224808,server_1,61.6,54.43899691576285,181.6,272,2.232,running,0,0
2026-04-23 09:32:33.224808,server_2,79.9,44.24146967487868,219.4,398,2.598,running,0,0
2026-04-23 09:33:33.224808,server_3,87.35,64.38172530401417,192.1,307,2.747,running,0,0
2026-04-23 09:34:33.224808,server_3,60.0,65.30888942011927,278.5,595,3.0,running,0,0
2026-04-23 09:35:33.224808,server_3,60.0,62.22212767542063,271.9,573,3.0,running,0,0
2026-04-23 09:36:33.224808,server_2,75.6,68.49288312443173,193.6,312,2.512,running,0,0
2026-04-23 09:37:33.224808,server_3,89.45,86.85340384418578,204.7,349,2.789,running,0,0
2026-04-23 09:38:33.224808,server_3,89.1,75.19523000271913,201.3,342,4.3128,running,1,1
2026-04-23 09:39:33.224808,server_4,73.35,81.00425233445456,216.1,387,2.467,running,0,0
2026-04-23 09:40:33.224808,server_4,78.45,72.31040165977868,246.7,489,2.569,running,0,0
2026-04-23 09:41:33.224808,server_1,65.4,73.20879771408161,204.4,348,2.308,running,0,0
2026-04-23 09:42:33.224808,server_3,60.0,65.68308643621602,275.79999999999995,586,3.0,running,0,0
2026-04-23 09:43:33.224808,server_3,57.42,59.1252996087841,242.2,474,2.914,running,0,0
2026-04-23 09:44:33.224808,server_2,89.55,58.099303933292845,277.29999999999995,591,2.791,running,0,0
2026-04-23 09:45:33.224808,server_1,61.3,53.1444201611311,179.8,266,2.226,running,0,0
2026-04-23 09:46:33.224808,server_4,71.25,63.726074523368325,203.5,345,2.425,running,0,0
2026-04-23 09:47:33.224808,server_3,59.459999999999994,60.23283133494068,262.6,542,2.982,running,0,0
2026-04-23 09:48:33.224808,server_3,59.22,45.629780144104416,260.2,534,2.974,running,0,0
2026-04-23 09:49:33.224808,server_1,71.7,63.18639632805488,242.2,474,2.434,running,0,0
2026-04-23 09:50:33.224808,server_1,67.1,62.04327510380629,214.6,382,2.342,running,0,0
2026-04-23 09:51:33.224808,server_2,74.5,58.00563344972583,187.0,290,2.49,running,0,0
2026-04-23 09:52:33.224808,server_3,59.64,65.81751052440946,264.4,548,2.9880000000000004,running,0,0
2026-04-23 09:53:33.224808,server_3,57.059999999999995,69.32412229314838,238.6,462,2.902,running,0,0
2026-04-23 09:54:33.224808,server_2,87.15,60.05931192176398,231.45,543,4.2972,running,1,1
2026-04-23 09:55:33.224808,server_1,71.0,57.558318961056415,238.0,460,2.42,running,0,0
2026-04-23 09:56:33.224808,server_1,68.2,58.22944801012478,221.2,404,2.364,running,0,0
2026-04-23 09:57:33.224808,server_2,73.8,54.97263753154869,182.8,276,2.476,running,0,0
2026-04-23 09:58:33.224808,server_4,74.55,57.561497430038,223.3,411,2.491,running,0,0
2026-04-23 09:59:33.224808,server_3,58.44,58.28159666419635,252.4,508,2.9480000000000004,running,0,0
2026-04-23 10:00:33.224808,server_4,68.85,63.9074004033675,189.1,297,2.377,running,0,0
2026-04-23 10:01:33.224808,server_3,56.4,49.86711118258261,232.0,440,2.88,running,0,0
2026-04-23 10:02:33.224808,server_3,57.809999999999995,63.42039707108458,246.1,487,2.927,running,0,0
2026-04-23 10:03:33.224808,server_4,73.5,53.6765179481061,217.0,390,2.47,running,0,0
2026-04-23 10:04:33.224808,server_4,74.45,53.31102120615568,222.7,409,2.489,running,0,0
2026-04-23 10:05:33.224808,server_2,72.15,80.38479168343,172.89999999999998,243,2.443,running,0,0
2026-04-23 10:06:33.224808,server_4,80.55,47.98318063965405,259.29999999999995,531,2.611,running,0,0
2026-04-23 10:07:33.224808,server_3,56.879999999999995,73.77807767965889,236.8,456,2.896,running,0,0
2026-04-23 10:08:33.224808,server_3,87.35,60.45669901384836,192.1,307,2.747,running,0,0
2026-04-23 10:09:33.224808,server_4,77.9,72.21750597957964,243.4,478,2.558,running,0,0
2026-04-23 10:10:33.224808,server_3,85.9,81.52886176118437,183.4,278,2.718,running,0,0
2026-04-23 10:11:33.224808,server_3,58.41,54.702484640734376,252.1,507,2.947,running,0,0
2026-04-23 10:12:33.224808,server_4,81.4,53.351176947673245,264.4,548,2.628,running,0,0
2026-04-23 10:13:33.224808,server_4,67.05,48.64451893312362,178.3,261,2.341,running,0,0
2026-04-23 10:14:33.224808,server_3,57.0,64.53948659321406,238.0,460,2.9,running,0,0
2026-04-23 10:15:33.224808,server_4,81.3,62.693344428911146,263.79999999999995,546,2.626,running,0,0
2026-04-23 10:16:33.224808,server_1,66.7,71.76588879726157,212.2,374,2.334,running,0,0
2026-04-23 10:17:33.224808,server_4,76.0,83.15735774604084,232.0,440,2.52,running,0,0
2026-04-23 10:18:33.224808,server_1,60.0,43.76237117083794,215.2,1152,2.9376,running,1,1
2026-04-23 10:19:33.224808,server_1,72.15,72.22873344919819,244.9,483,2.443,running,0,0
2026-04-23 10:20:33.224808,server_3,89.4,63.15944811434307,204.4,348,2.7880000000000003,running,0,0
2026-04-23 10:21:33.224808,server_3,55.98,51.161511564818106,227.8,426,2.866,running,0,0
2026-04-23 10:22:33.224808,server_1,66.45,63.348135731737074,210.7,369,2.329,running,0,0
2026-04-23 10:23:33.224808,server_2,80.25,61.91447228744585,221.5,405,2.605,running,0,0
2026-04-23 10:24:33.224808,server_4,80.2,59.19540788755936,257.2,524,2.604,running,0,0
2026-04-23 10:25:33.224808,server_4,66.2,47.16784471479393,173.2,244,2.324,running,0,1
2026-04-23 10:26:33.224808,server_1,75.75,54.36715284736168,266.5,555,2.515,running,0,0
2026-04-23 10:27:33.224808,server_2,76.95,56.72494750806559,201.7,339,2.539,running,0,0
2026-04-23 10:28:33.224808,server_4,73.7,60.31874590818475,218.2,394,2.474,running,0,0
2026-04-23 10:29:33.224808,server_2,76.3,74.10845442963426,197.8,326,2.526,running,0,0
2026-04-23 10:30:33.224808,server_3,85.4,68.3780653832237,180.4,268,2.708,running,0,0
2026-04-23 10:31:33.224808,server_4,79.8,68.64121171299136,254.8,516,2.596,running,0,0
2026-04-23 10:32:33.224808,server_2,88.35,79.54098695251498,270.1,567,2.767,running,0,0
2026-04-23 10:33:33.224808,server_3,88.35,77.50490739795241,198.1,327,2.767,running,0,0
2026-04-23 10:34:33.224808,server_2,78.45,60.58861258805481,210.7,369,2.569,running,0,0
2026-04-23 10:35:33.224808,server_2,84.15,62.63739666910688,244.9,483,2.683,running,0,0
2026-04-23 10:36:33.224808,server_4,66.1,54.17794351192059,172.6,242,2.322,running,0,1
2026-04-23 10:37:33.224808,server_1,76.5,78.46477306124359,271.0,570,2.53,running,0,0
2026-04-23 10:38:33.224808,server_1,77.4,69.81660108388945,276.4,588,2.548,running,0,0
2026-04-23 10:39:33.224808,server_3,55.14,59.690545593286366,219.4,398,2.838,running,0,0
2026-04-23 10:40:33.224808,server_2,77.9,59.24561711979519,207.4,358,2.558,running,0,0
2026-04-23 10:41:33.224808,server_2,81.35,32.7974146892112,228.1,427,2.627,running,0,0
2026-04-23 10:42:33.224808,server_3,56.07,66.05233730106472,228.7,429,2.869,running,0,0
2026-04-23 10:43:33.224808,server_1,72.9,57.892660212295496,249.4,498,2.458,running,0,0
2026-04-23 10:44:33.224808,server_2,84.3,59.87838903217421,245.8,486,2.686,running,0,0
2026-04-23 10:45:33.224808,server_4,67.95,55.172409795809344,183.7,279,2.359,running,0,0
2026-04-23 10:46:33.224808,server_4,70.9,75.78203174154936,201.4,338,2.418,running,0,0
2026-04-23 10:47:33.224808,server_1,67.2,69.72426807580034,215.2,384,2.3440000000000003,running,0,0
2026-04-23 10:48:33.224808,server_2,78.8,54.02792086847888,212.8,376,2.576,running,0,0
2026-04-23 10:49:33.224808,server_2,83.75,72.83886318990882,242.5,475,2.675,running,0,0
2026-04-23 10:50:33.224808,server_1,66.3,45.879292538693655,209.8,366,2.326,running,0,0
2026-04-23 10:51:33.224808,server_2,72.45,69.56939248234966,174.7,249,2.449,running,0,0
2026-04-23 10:52:33.224808,server_2,81.0,84.00313434166364,226.0,420,2.62,running,0,0
2026-04-23 10:53:33.224808,server_1,74.4,59.39675413762169,258.4,528,2.4880000000000004,running,0,0
2026-04-23 10:54:33.224808,server_1,67.6,60.07957171268899,217.6,392,2.352,running,0,0
2026-04-23 10:55:33.224808,server_1,77.7,51.499112752343706,278.2,594,2.5540000000000003,running,0,0
2026-04-23 10:56:33.224808,server_2,88.7,56.64391936687319,272.2,574,2.774,running,0,0
2026-04-23 10:57:33.224808,server_3,84.05,59.11942717824002,172.3,241,2.681,running,0,0
2026-04-23 10:58:33.224808,server_3,89.45,59.96604081263773,204.7,349,2.789,running,0,0
2026-04-23 10:59:33.224808,server_4,80.0,66.86976653511721,256.0,520,2.6,running,0,0
2026-04-23 11:00:33.224808,server_2,74.15,43.17333109728751,184.9,283,2.483,running,0,0
2026-04-23 11:01:33.224808,server_2,85.05,54.13699946156504,250.3,501,2.701,running,0,0
2026-04-23 11:02:33.224808,server_3,89.75,48.002801172548175,206.5,355,2.795,running,0,0
2026-04-23 11:03:33.224808,server_3,85.05,52.58127403783225,178.3,261,2.701,running,0,0
2026-04-23 11:04:33.224808,server_4,75.3,66.72356980178915,227.8,426,2.506,running,0,0
2026-04-23 11:05:33.224808,server_4,71.15,51.868389314608805,202.9,343,2.423,running,0,0
2026-04-23 11:06:33.224808,server_1,76.9,51.133948922397394,273.4,578,2.5380000000000003,running,0,0
2026-04-23 11:07:33.224808,server_1,70.4,65.28658322292281,217.2,448,4.1632,running,1,1
2026-04-23 11:08:33.224808,server_3,87.1,73.32339309461356,190.6,302,2.742,running,0,0
2026-04-23 11:09:33.224808,server_3,89.55,63.7139800637938,205.3,351,2.791,running,0,0
2026-04-23 11:10:33.224808,server_2,75.7,66.76013419639459,194.2,314,2.514,running,0,0
2026-04-23 11:11:33.224808,server_2,72.6,63.7466779806588,175.6,252,2.452,running,0,0
2026-04-23 11:12:33.224808,server_3,88.25,47.91038278147048,197.5,325,2.765,running,0,0
2026-04-23 11:13:33.224808,server_4,73.2,58.90203975778205,215.2,384,2.464,running,0,0
2026-04-23 11:14:33.224808,server_4,81.95,53.03556065610141,267.7,559,2.639,running,0,0
2026-04-23 11:15:33.224808,server_1,75.3,55.708774512060415,263.79999999999995,546,2.506,running,0,0
2026-04-23 11:16:33.224808,server_4,72.7,59.27983400916318,212.2,374,2.454,running,0,0
2026-04-23 11:17:33.224808,server_4,79.9,69.99449542063515,255.4,518,2.598,running,0,0
2026-04-23 11:18:33.224808,server_3,58.8,71.01410969283097,256.0,520,2.96,running,0,0
2026-04-23 11:19:33.224808,server_1,73.55,45.35760429862103,253.3,511,2.471,running,0,0
2026-04-23 11:20:33.224808,server_3,54.39,46.10675770027932,211.9,373,2.813,running,0,0
2026-04-23 11:21:33.224808,server_3,59.82,58.56380524141519,266.2,554,2.994,running,0,0
2026-04-23 11:22:33.224808,server_4,78.7,65.95148780163892,248.2,494,2.574,running,0,0
2026-04-23 11:23:33.224808,server_1,64.4,74.16654300969228,198.4,328,2.2880000000000003,running,0,0
2026-04-23 11:24:33.224808,server_1,64.3,67.05030677934687,197.8,326,2.286,running,0,0
2026-04-23 11:25:33.224808,server_3,87.65,51.28121224487798,193.9,313,2.753,running,0,0
2026-04-23 11:26:33.224808,server_2,86.8,36.97432325133036,260.79999999999995,536,2.736,running,0,0
2026-04-23 11:27:33.224808,server_1,74.15,72.9684230389302,256.9,523,2.483,running,0,0
2026-04-23 11:28:33.224808,server_2,80.3,42.48784665042352,221.8,406,2.606,running,0,0
2026-04-23 11:29:33.224808,server_1,73.8,58.62459041867799,254.8,516,2.476,running,0,0
2026-04-23 11:30:33.224808,server_4,74.15,56.76903187436825,220.9,403,2.483,running,0,0
2026-04-23 11:31:33.224808,server_1,60.3,58.46902254063428,173.8,246,2.206,running,0,0
2026-04-23 11:32:33.224808,server_2,79.9,48.049416082820095,219.4,398,2.598,running,0,0
2026-04-23 11:33:33.224808,server_2,86.9,63.53842230573061,261.4,538,2.7380000000000004,running,0,0
2026-04-23 11:34:33.224808,server_1,64.65,62.156071774196896,199.9,333,2.293,running,0,0
2026-04-23 11:35:33.224808,server_2,77.85,72.57348978003373,207.1,357,2.557,running,0,0
2026-04-23 11:36:33.224808,server_2,82.6,45.71808479006304,235.6,452,2.652,running,0,0
2026-04-23 11:37:33.224808,server_1,63.75,49.92278281815744,194.5,315,2.275,running,0,0
2026-04-23 11:38:33.224808,server_3,57.54,60.31057647407474,243.4,478,2.918,running,0,0
2026-04-23 11:39:33.224808,server_2,89.8,85.23735632388464,278.79999999999995,596,2.7960000000000003,running,0,0
2026-04-23 11:40:33.224808,server_2,87.15,49.262737545293504,262.9,543,2.7430000000000003,running,0,0
2026-04-23 11:41:33.224808,server_2,84.8,64.08193794088018,248.8,496,2.696,running,0,0
2026-04-23 11:42:33.224808,server_3,55.62,57.55887751329534,224.2,414,2.854,running,0,0
2026-04-23 11:43:33.224808,server_1,62.7,61.47911079102664,188.2,294,2.254,running,0,0
2026-04-23 11:44:33.224808,server_4,77.9,46.88614094204414,243.4,478,2.558,running,0,0
2026-04-23 11:45:33.224808,server_3,59.4,48.18947156293355,262.0,540,2.98,running,0,0
2026-04-23 11:46:33.224808,server_2,82.5,57.08584836027315,235.0,450,2.65,running,0,0
2026-04-23 11:47:33.224808,server_3,87.6,62.889945789749824,193.6,312,2.752,running,0,0
2026-04-23 11:48:33.224808,server_2,86.5,56.58653265745174,259.0,530,2.73,running,0,0
2026-04-23 11:49:33.224808,server_1,74.0,43.76764635386552,256.0,520,2.48,running,0,0
2026-04-23 11:50:33.224808,server_3,58.23,61.84680689015092,250.3,501,2.941,running,0,0
2026-04-23 11:51:33.224808,server_4,79.7,37.64750979225708,254.2,514,2.5940000000000003,running,0,0
2026-04-23 11:52:33.224808,server_1,68.7,58.60039718135297,224.2,414,2.374,running,0,0
2026-04-23 11:53:33.224808,server_1,73.65,57.546586297638925,253.9,513,2.473,running,0,0
2026-04-23 11:54:33.224808,server_3,60.0,53.87090038780365,247.9,1479,3.1732,running,1,1
2026-04-23 11:55:33.224808,server_3,89.2,44.40898709315822,203.2,344,2.784,running,0,0
2026-04-23 11:56:33.224808,server_4,74.4,64.15773851233918,222.4,408,2.4880000000000004,running,0,0
2026-04-23 11:57:33.224808,server_3,55.29,72.32304512741244,220.9,403,2.843,running,0,0
2026-04-23 11:58:33.224808,server_4,81.8,67.23040493134515,266.79999999999995,556,2.636,running,0,0
2026-04-23 11:59:33.224808,server_3,84.4,46.258382798543565,174.39999999999998,248,2.688,running,0,0
2026-04-23 12:00:33.224808,server_2,79.1,53.0901428763904,214.6,382,2.582,running,0,0
2026-04-23 12:01:33.224808,server_4,71.7,68.34782211249653,206.2,354,2.434,running,0,0
2026-04-23 12:02:33.224808,server_1,74.3,57.33943807808333,257.79999999999995,526,2.486,running,0,0
2026-04-23 12:03:33.224808,server_1,64.25,68.62163798168986,197.5,325,2.285,running,0,0
2026-04-23 12:04:33.224808,server_1,73.6,74.55816903548086,253.6,512,2.472,running,0,0
2026-04-23 12:05:33.224808,server_3,60.0,69.11588365971514,268.0,560,3.0,running,0,0
2026-04-23 12:06:33.224808,server_4,68.9,62.10146820812888,189.4,298,2.378,running,0,0
2026-04-23 12:07:33.224808,server_2,87.15,58.174974054602245,262.9,543,2.7430000000000003,running,0,0
2026-04-23 12:08:33.224808,server_2,73.85,50.60078044580609,183.1,277,2.477,running,0,0
2026-04-23 12:09:33.224808,server_1,76.95,55.62751445712498,273.7,579,2.539,running,0,0
2026-04-23 12:10:33.224808,server_1,70.35,41.50189558787922,234.1,447,2.407,running,0,0
2026-04-23 12:11:33.224808,server_3,54.449999999999996,63.58232792374723,212.5,375,2.815,running,0,0
2026-04-23 12:12:33.224808,server_1,64.3,76.32578243452845,197.8,326,2.286,running,0,0
2026-04-23 12:13:33.224808,server_2,84.45,72.17892437265871,246.7,489,2.689,running,0,0
2026-04-23 12:14:33.224808,server_4,76.9,72.4762604954493,237.4,458,2.5380000000000003,running,0,0
2026-04-23 12:15:33.224808,server_2,87.9,66.02154659810583,267.4,558,2.758,running,0,0
2026-04-23 12:16:33.224808,server_2,88.35,82.91529595568937,270.1,567,2.767,running,0,0
2026-04-23 12:17:33.224808,server_4,83.2,63.42749556046434,275.2,584,2.664,running,0,0
2026-04-23 12:18:33.224808,server_2,82.35,71.59380454739573,234.1,447,2.647,running,0,0
2026-04-23 12:19:33.224808,server_3,56.43,61.31920057007098,232.3,441,2.881,running,0,0
2026-04-23 12:20:33.224808,server_4,67.4,54.775512158105606,180.4,268,2.348,running,0,0
2026-04-23 12:21:33.224808,server_2,75.35,61.447441768069176,192.1,307,2.507,running,0,0
2026-04-23 12:22:33.224808,server_1,68.1,53.385801528397344,220.6,402,2.362,running,0,0
2026-04-23 12:23:33.224808,server_4,72.6,64.23231186603381,211.6,372,2.452,running,0,0
2026-04-23 12:24:33.224808,server_2,73.05,70.17967775462583,178.3,261,2.461,running,0,0
2026-04-23 12:25:33.224808,server_3,60.0,51.8136693926889,274.0,580,3.0,running,0,0
2026-04-23 12:26:33.224808,server_2,85.7,54.25302433871555,254.2,514,2.714,running,0,0
2026-04-23 12:27:33.224808,server_4,81.1,54.93655769265345,262.6,542,2.622,running,0,0
2026-04-23 12:28:33.224808,server_3,58.709999999999994,60.177566079081565,255.1,517,2.957,running,0,0
2026-04-23 12:29:33.224808,server_2,87.9,66.20521180166938,267.4,558,2.758,running,0,0
2026-04-23 12:30:33.224808,server_4,77.9,63.23281362646876,243.4,478,2.558,running,0,0
2026-04-23 12:31:33.224808,server_4,69.45,57.75831558187586,192.7,309,2.389,running,0,0
2026-04-23 12:32:33.224808,server_1,63.8,45.535191474906206,194.8,316,2.276,running,0,0
2026-04-23 12:33:33.224808,server_3,59.34,69.43857926434131,261.4,538,2.978,running,0,0
2026-04-23 12:34:33.224808,server_1,75.9,56.17656261506065,267.4,558,2.518,running,0,0
2026-04-23 12:35:33.224808,server_4,75.6,47.396348656087376,229.6,432,2.512,running,0,0
2026-04-23 12:36:33.224808,server_3,57.69,64.06722588456797,244.9,483,2.923,running,0,0
2026-04-23 12:37:33.224808,server_1,68.75,57.108009819927936,224.5,415,2.375,running,0,0
2026-04-23 12:38:33.224808,server_4,78.65,62.74095212878843,247.9,493,2.5730000000000004,running,0,0
2026-04-23 12:39:33.224808,server_3,84.3,80.21836992562154,173.8,246,2.686,running,0,0
2026-04-23 12:40:33.224808,server_4,77.15,49.36779113293306,238.9,463,2.543,running,0,0
2026-04-23 12:41:33.224808,server_1,67.1,63.5747125746945,214.6,382,2.342,running,0,0
2026-04-23 12:42:33.224808,server_4,67.65,64.18598033121769,181.9,273,2.353,running,0,0
2026-04-23 12:43:33.224808,server_3,60.0,53.91236798604814,211.6,1116,3.1248,running,1,1
2026-04-23 12:44:33.224808,server_3,84.7,56.24001506736512,176.2,254,2.694,running,0,0
2026-04-23 12:45:33.224808,server_4,70.85,64.97707971625204,201.1,337,2.417,running,0,0
2026-04-23 12:46:33.224808,server_4,71.15,48.466407366295066,202.9,343,2.423,running,0,0
2026-04-23 12:47:33.224808,server_2,88.4,57.77163527522214,270.4,568,2.768,running,0,0
2026-04-23 12:48:33.224808,server_3,87.0,68.11977680658383,190.0,300,2.74,running,0,0
2026-04-23 12:49:33.224808,server_1,60.0,61.14448696088439,214.0,1140,2.936,running,1,1
2026-04-23 12:50:33.224808,server_1,62.15,52.96630540898179,184.9,283,2.243,running,0,0
2026-04-23 12:51:33.224808,server_4,68.55,61.80519191039722,187.3,291,2.371,running,0,0
2026-04-23 12:52:33.224808,server_2,77.5,55.14924977758852,205.0,350,2.55,running,0,0
2026-04-23 12:53:33.224808,server_4,68.45,60.342715296347485,186.7,289,2.369,running,0,0
2026-04-23 12:54:33.224808,server_2,74.45,52.69735236836932,186.7,289,2.489,running,0,0
2026-04-23 12:55:33.224808,server_2,82.85,55.9117398980244,237.1,457,2.657,running,0,0
2026-04-23 12:56:33.224808,server_4,78.1,61.66208187357168,244.6,482,2.562,running,0,0
2026-04-23 12:57:33.224808,server_4,81.7,55.03588892616887,266.2,554,2.6340000000000003,running,0,0
2026-04-23 12:58:33.224808,server_4,77.55,48.12338195687062,241.3,471,2.551,running,0,0
2026-04-23 12:59:33.224808,server_2,88.35,58.693581877802025,270.1,567,2.767,running,0,0
2026-04-23 13:00:33.224808,server_1,83.7,48.82822468638403,242.2,474,2.6740000000000004,running,0,0
2026-04-23 13:01:33.224808,server_2,60.0,67.17742838034742,277.6,592,3.0,running,0,0
2026-04-23 13:02:33.224808,server_1,56.82,60.07613849823534,154.1,694,2.894,running,0,1
2026-04-23 13:03:33.224808,server_4,86.15,50.253916480421424,211.9,373,2.723,running,0,0
2026-04-23 13:04:33.224808,server_2,60.0,44.16252041299106,162.2,748,3.0,running,0,1
2026-04-23 13:05:33.224808,server_3,60.0,56.80637221568898,206.5,355,3.0,running,0,0
2026-04-23 13:06:33.224808,server_1,85.35,68.49632555780809,252.1,507,2.707,running,0,0
2026-04-23 13:07:33.224808,server_4,54.84,69.20062033592627,243.4,478,2.8280000000000003,running,0,0
2026-04-23 13:08:33.224808,server_2,59.04,64.83905950282333,240.4,468,2.968,running,0,0
2026-04-23 13:09:33.224808,server_3,60.0,63.03521986560229,288.4,628,3.0,running,0,0
2026-04-23 13:10:33.224808,server_1,82.65,67.09100347517686,235.9,453,2.653,running,0,0
2026-04-23 13:11:33.224808,server_2,60.0,60.60216335353615,267.7,559,3.0,running,0,0
2026-04-23 13:12:33.224808,server_2,57.87,56.31169488585709,228.7,429,2.9290000000000003,running,0,0
2026-04-23 13:13:33.224808,server_3,60.0,53.36869120677005,150.8,672,3.0,running,0,0
2026-04-23 13:14:33.224808,server_1,89.4,49.28956710328795,276.4,588,2.7880000000000003,running,0,0
2026-04-23 13:15:33.224808,server_3,60.0,62.52596675693197,217.0,390,3.0,running,0,0
2026-04-23 13:16:33.224808,server_3,60.0,67.91762839287895,283.0,610,3.0,running,0,0
2026-04-23 13:17:33.224808,server_3,60.0,67.78546963364626,192.7,309,3.0,running,0,1
2026-04-23 13:18:33.224808,server_1,56.190000000000005,71.77124812221842,150.95,673,2.873,running,0,1
2026-04-23 13:19:33.224808,server_2,55.709999999999994,60.57269966917158,207.1,357,2.857,running,0,0
2026-04-23 13:20:33.224808,server_3,60.0,53.41147594761453,216.1,387,3.0,running,0,0
2026-04-23 13:21:33.224808,server_2,57.27,60.30620364071168,222.7,409,2.909,running,0,0
2026-04-23 13:22:33.224808,server_1,57.959999999999994,58.94337205134018,159.8,732,2.932,running,0,1
2026-04-23 13:23:33.224808,server_2,57.33,53.18560324680968,223.3,411,2.911,running,0,0
2026-04-23 13:24:33.224808,server_1,84.35,70.19294611912785,246.1,487,2.687,running,0,0
2026-04-23 13:25:33.224808,server_1,56.07,67.16420379337606,150.35,669,2.869,running,0,1
2026-04-23 13:26:33.224808,server_1,75.65,55.923575776153776,193.9,313,2.513,running,0,0
2026-04-23 13:27:33.224808,server_2,60.0,75.77812163039619,150.35,669,3.0,running,0,0
2026-04-23 13:28:33.224808,server_4,60.0,73.76373385842378,159.05,727,3.0,running,0,0
2026-04-23 13:29:33.224808,server_4,59.42999999999999,75.02123003904808,289.29999999999995,631,2.981,running,0,0
2026-04-23 13:30:33.224808,server_1,88.7,66.02333806244944,272.2,574,2.774,running,0,0
2026-04-23 13:31:33.224808,server_3,60.0,55.06511929579672,288.1,627,3.0,running,0,0
2026-04-23 13:32:33.224808,server_4,87.2,44.33880996322429,218.2,394,2.744,running,0,0
2026-04-23 13:33:33.224808,server_3,60.0,66.57341136786768,234.4,448,3.0,running,0,0
2026-04-23 13:34:33.224808,server_4,59.849999999999994,65.77248685665005,293.5,645,2.995,running,0,0
2026-04-23 13:35:33.224808,server_2,60.0,52.56839638253685,273.7,579,3.0,running,0,0
2026-04-23 13:36:33.224808,server_3,60.0,48.16172064623588,248.5,495,3.0,running,0,0
2026-04-23 13:37:33.224808,server_4,54.809999999999995,54.82170038976038,243.1,477,2.827,running,0,0
2026-04-23 13:38:33.224808,server_3,60.0,37.50318189649509,273.7,579,3.0,running,0,0
2026-04-23 13:39:33.224808,server_1,76.35,62.35719073051764,198.1,327,2.527,running,0,0
2026-04-23 13:40:33.224808,server_4,57.87,74.32320743546511,273.7,579,2.9290000000000003,running,0,0
2026-04-23 13:41:33.224808,server_1,78.05,56.62520535214829,208.3,361,2.561,running,0,0
2026-04-23 13:42:33.224808,server_1,76.55,43.84170007423026,199.3,331,2.531,running,0,0
2026-04-23 13:43:33.224808,server_4,84.75,73.12220460626028,203.5,345,2.6950000000000003,running,0,0
2026-04-23 13:44:33.224808,server_4,54.57,57.33813020269714,240.7,469,2.819,running,0,0
2026-04-23 13:45:33.224808,server_4,60.0,61.43111001477492,158.0,720,3.0,running,0,0
2026-04-23 13:46:33.224808,server_3,60.0,49.61458900863497,213.7,379,3.0,running,0,0
2026-04-23 13:47:33.224808,server_3,60.0,51.307560460390505,292.0,640,3.0,running,0,0
2026-04-23 13:48:33.224808,server_2,54.029999999999994,72.07176233553162,190.3,301,2.801,running,0,0
2026-04-23 13:49:33.224808,server_2,56.73,81.87339084262277,217.3,391,2.891,running,0,0
2026-04-23 13:50:33.224808,server_3,60.0,68.12303570201777,226.3,421,3.0,running,0,0
2026-04-23 13:51:33.224808,server_2,60.0,57.91533410480789,292.9,643,3.0,running,0,0
2026-04-23 13:52:33.224808,server_3,60.0,61.36250080744092,253.0,510,3.0,running,0,0
2026-04-23 13:53:33.224808,server_2,60.0,72.99675034370168,261.15,741,4.4,running,1,1
2026-04-23 13:54:33.224808,server_4,87.5,58.33598571809577,220.0,400,2.75,running,0,0
2026-04-23 13:55:33.224808,server_2,60.0,67.81787203590531,251.2,504,3.0,running,0,0
2026-04-23 13:56:33.224808,server_2,60.0,47.21324476361353,298.9,663,3.0,running,0,0
2026-04-23 13:57:33.224808,server_1,80.75,77.45972009178807,224.5,415,2.615,running,0,0
2026-04-23 13:58:33.224808,server_3,60.0,41.17768403575775,160.7,738,3.0,running,0,1
2026-04-23 13:59:33.224808,server_3,60.0,55.996918356793095,256.0,520,3.0,running,0,0
2026-04-23 14:00:33.224808,server_4,56.699999999999996,43.919461690551366,262.0,540,2.89,running,0,0
2026-04-23 14:01:33.224808,server_4,56.52,43.30262020280634,260.2,534,2.8840000000000003,running,0,0
2026-04-23 14:02:33.224808,server_3,60.0,60.396164734625806,232.6,442,3.0,running,0,0
2026-04-23 14:03:33.224808,server_4,90.0,49.823676805464565,217.5,450,4.32,running,1,1
2026-04-23 14:04:33.224808,server_1,87.05,63.25754575291268,262.29999999999995,541,2.741,running,0,0
2026-04-23 14:05:33.224808,server_4,60.0,52.99337784404528,153.05,687,3.0,running,0,0
2026-04-23 14:06:33.224808,server_2,60.0,50.5334910302633,280.29999999999995,601,3.0,running,0,0
2026-04-23 14:07:33.224808,server_1,84.8,59.6001672807026,248.8,496,2.696,running,0,0
2026-04-23 14:08:33.224808,server_1,54.54,50.00176183523765,285.4,618,2.818,running,0,0
2026-04-23 14:09:33.224808,server_2,58.17,51.179045122453125,231.7,439,2.939,running,0,0
2026-04-23 14:10:33.224808,server_1,54.93,65.23434691996785,289.29999999999995,631,2.831,running,0,1
2026-04-23 14:11:33.224808,server_3,60.0,53.477919035891794,153.95,693,3.0,running,0,0
2026-04-23 14:12:33.224808,server_4,54.9,60.09069651548768,244.0,480,2.83,running,0,0
2026-04-23 14:13:33.224808,server_1,87.3,52.83969929907711,263.79999999999995,546,2.746,running,0,0
2026-04-23 14:14:33.224808,server_2,60.0,67.23574387454197,294.7,649,3.0,running,0,0
2026-04-23 14:15:33.224808,server_4,60.0,65.38376536324407,154.55,697,3.0,running,0,0
2026-04-23 14:16:33.224808,server_4,89.85,59.44331889921441,234.1,447,2.797,running,0,0
2026-04-23 14:17:33.224808,server_4,54.629999999999995,59.300595433453374,241.3,471,2.821,running,0,0
2026-04-23 14:18:33.224808,server_4,56.279999999999994,59.91251907205258,257.79999999999995,526,2.876,running,0,0
2026-04-23 14:19:33.224808,server_2,60.0,51.18217351167873,263.2,544,3.0,running,0,0
2026-04-23 14:20:33.224808,server_2,56.699999999999996,66.98795875188777,217.0,390,2.89,running,0,0
2026-04-23 14:21:33.224808,server_2,58.14,67.77848317386879,231.4,438,2.938,running,0,0
2026-04-23 14:22:33.224808,server_4,55.26,84.29819477654476,247.6,492,2.842,running,0,0
2026-04-23 14:23:33.224808,server_4,59.129999999999995,56.58457904572713,286.29999999999995,621,2.971,running,0,0
2026-04-23 14:24:33.224808,server_1,55.83,44.075012922854086,298.29999999999995,661,2.861,running,0,1
2026-04-23 14:25:33.224808,server_3,60.0,62.49166416097946,216.4,388,3.0,running,0,0
2026-04-23 14:26:33.224808,server_3,60.0,50.24061285153034,225.1,417,3.0,running,0,0
2026-04-23 14:27:33.224808,server_4,83.55,62.67436550397244,196.3,321,2.6710000000000003,running,0,0
2026-04-23 14:28:33.224808,server_3,60.0,45.56913766918548,247.9,493,3.0,running,0,0
2026-04-23 14:29:33.224808,server_1,85.2,68.54056253395778,251.2,504,2.704,running,0,0
2026-04-23 14:30:33.224808,server_1,54.12,61.77084565346198,281.2,604,2.8040000000000003,running,0,0
2026-04-23 14:31:33.224808,server_4,59.25,63.33105019738692,287.5,625,2.975,running,0,0
2026-04-23 14:32:33.224808,server_1,56.879999999999995,53.85781059701282,154.39999999999998,696,2.896,running,0,1
2026-04-23 14:33:33.224808,server_2,54.09,47.96577249490406,190.9,303,2.803,running,0,0
2026-04-23 14:34:33.224808,server_3,60.0,75.62754970202703,287.2,624,3.0,running,0,0
2026-04-23 14:35:33.224808,server_3,60.0,58.98476197840332,296.2,654,3.0,running,0,0
2026-04-23 14:36:33.224808,server_3,60.0,69.95414571938706,290.2,634,3.0,running,0,0
2026-04-23 14:37:33.224808,server_3,60.0,48.13961632678352,267.7,559,3.0,running,0,0
2026-04-23 14:38:33.224808,server_4,83.7,75.36877161474939,197.2,324,2.6740000000000004,running,0,0
2026-04-23 14:39:33.224808,server_3,60.0,44.12006530167301,155.3,702,3.0,running,0,0
2026-04-23 14:40:33.224808,server_4,88.95,59.50229934619328,228.7,429,2.779,running,0,0
2026-04-23 14:41:33.224808,server_1,56.55,59.27791427688892,152.75,685,2.885,running,0,1
2026-04-23 14:42:33.224808,server_3,60.0,58.63765286841299,272.79999999999995,1728,3.2,running,1,1
2026-04-23 14:43:33.224808,server_4,82.7,58.57403600838876,191.2,304,2.654,running,0,0
2026-04-23 14:44:33.224808,server_1,60.0,44.57870901762867,217.3,1173,3.0364000000000004,running,1,1
2026-04-23 14:45:33.224808,server_4,56.1,59.69298656390289,256.0,520,2.87,running,0,0
2026-04-23 14:46:33.224808,server_1,77.3,64.34834791176226,203.8,346,2.5460000000000003,running,0,0
2026-04-23 14:47:33.224808,server_3,60.0,74.73864782372203,160.39999999999998,736,3.0,running,0,1
2026-04-23 14:48:33.224808,server_2,60.0,48.268556641584695,295.6,652,3.0,running,0,0
2026-04-23 14:49:33.224808,server_3,60.0,59.1899612485546,237.1,457,3.0,running,0,0
2026-04-23 14:50:33.224808,server_1,60.0,46.23541110157812,217.0,1170,3.036,running,1,1
2026-04-23 14:51:33.224808,server_2,60.0,83.09214765767847,278.5,595,3.0,running,0,0
2026-04-23 14:52:33.224808,server_2,60.0,63.6624759342711,285.7,619,3.0,running,0,0
2026-04-23 14:53:33.224808,server_2,60.0,46.29666878995583,153.64999999999998,691,3.0,running,0,0
2026-04-23 14:54:33.224808,server_2,60.0,38.49149860825186,198.25,1310,3.0,running,1,1
2026-04-23 14:55:33.224808,server_3,60.0,59.64408608766409,292.9,643,3.0,running,0,0
2026-04-23 14:56:33.224808,server_4,60.0,61.34259098861752,159.5,730,3.0,running,0,1
2026-04-23 14:57:33.224808,server_4,60.0,50.85969943718709,160.25,735,3.0,running,0,1
2026-04-23 14:58:33.224808,server_2,60.0,58.96807424142955,268.6,562,3.0,running,0,0
2026-04-23 14:59:33.224808,server_2,57.35999999999999,60.45349100826158,223.6,412,2.912,running,0,0
2026-04-23 15:00:33.224808,server_4,56.55,73.94457496296985,260.5,535,2.885,running,0,0
2026-04-23 15:01:33.224808,server_1,78.35,66.58854913947218,210.1,367,2.567,running,0,0
2026-04-23 15:02:33.224808,server_1,76.35,53.963174745460016,198.1,327,2.527,running,0,0
2026-04-23 15:03:33.224808,server_2,55.709999999999994,59.82091372839943,207.1,357,2.857,running,0,0
2026-04-23 15:04:33.224808,server_4,60.0,64.49509143961158,155.3,702,3.0,running,0,0
2026-04-23 15:05:33.224808,server_4,85.5,64.69360580732794,208.0,360,2.71,running,0,0
2026-04-23 15:06:33.224808,server_2,60.0,32.30544423036926,298.0,660,3.0,running,0,0
2026-04-23 15:07:33.224808,server_4,89.7,39.208667747930704,233.2,444,2.794,running,0,0
2026-04-23 15:08:33.224808,server_1,54.629999999999995,60.99779065088039,286.29999999999995,621,2.821,running,0,0
2026-04-23 15:09:33.224808,server_1,55.559999999999995,60.79823946976304,295.6,652,2.852,running,0,1
2026-04-23 15:10:33.224808,server_3,60.0,66.985484020093,239.5,465,3.0,running,0,0
2026-04-23 15:11:33.224808,server_3,60.0,52.40364027572387,253.3,511,3.0,running,0,0
2026-04-23 15:12:33.224808,server_1,57.99,66.77438821506864,159.95,733,2.933,running,0,1
2026-04-23 15:13:33.224808,server_4,60.0,50.97559168093872,159.35,729,3.0,running,0,0
2026-04-23 15:14:33.224808,server_4,60.0,52.00309154752812,158.0,720,3.0,running,0,0
2026-04-23 15:15:33.224808,server_4,57.69,68.33053339299263,271.9,573,2.923,running,0,0
2026-04-23 15:16:33.224808,server_2,57.599999999999994,64.95807795929564,226.0,420,2.92,running,0,0
2026-04-23 15:17:33.224808,server_3,60.0,61.029479260170845,281.2,604,3.0,running,0,0
2026-04-23 15:18:33.224808,server_4,60.0,75.25799979913761,154.55,697,3.0,running,0,0
2026-04-23 15:19:33.224808,server_1,77.55,65.64019591307172,205.3,351,2.551,running,0,0
2026-04-23 15:20:33.224808,server_2,56.91,59.00909790171003,219.1,397,2.897,running,0,0
2026-04-23 15:21:33.224808,server_4,57.51,62.54191094898228,270.1,567,2.917,running,0,0
2026-04-23 15:22:33.224808,server_1,80.25,88.53458570774139,221.5,405,2.605,running,0,0
2026-04-23 15:23:33.224808,server_1,82.05,56.947229941955534,232.3,441,2.641,running,0,0
2026-04-23 15:24:33.224808,server_2,57.27,65.9937834100541,222.7,409,2.909,running,0,0
2026-04-23 15:25:33.224808,server_4,60.0,52.31893903424951,299.2,664,3.0,running,0,0
2026-04-23 15:26:33.224808,server_3,60.0,59.13775102723185,198.4,328,3.0,running,0,1
2026-04-23 15:27:33.224808,server_4,84.0,52.8165722976655,199.0,330,2.68,running,0,0
2026-04-23 15:28:33.224808,server_2,60.0,69.47885784943604,150.05,667,3.0,running,0,0
2026-04-23 15:29:33.224808,server_3,60.0,74.952867410728,229.6,432,3.0,running,0,0
2026-04-23 15:30:33.224808,server_2,60.0,53.6703036628686,161.6,744,3.0,running,0,1
2026-04-23 15:31:33.224808,server_4,89.3,52.421048289664704,230.8,436,2.786,running,0,0
2026-04-23 15:32:33.224808,server_3,60.0,53.62012711755226,194.8,316,3.0,running,0,1
2026-04-23 15:33:33.224808,server_3,60.0,52.06363182494825,296.5,655,3.0,running,0,0
2026-04-23 15:34:33.224808,server_2,56.190000000000005,67.56714603429614,211.9,373,2.873,running,0,0
2026-04-23 15:35:33.224808,server_4,54.99,62.90405064784761,244.9,483,2.833,running,0,0
2026-04-23 15:36:33.224808,server_1,56.64,48.22920481644178,153.2,688,2.888,running,0,1
2026-04-23 15:37:33.224808,server_3,60.0,66.9076525325996,154.39999999999998,696,3.0,running,0,0
2026-04-23 15:38:33.224808,server_1,54.27,79.16964290111963,282.7,609,2.809,running,0,0
2026-04-23 15:39:33.224808,server_1,81.75,56.95186045129152,230.5,435,2.635,running,0,0
2026-04-23 15:40:33.224808,server_2,60.0,60.4917926913283,151.39999999999998,676,3.0,running,0,0
2026-04-23 15:41:33.224808,server_3,60.0,68.32920183722986,217.0,390,3.0,running,0,0
2026-04-23 15:42:33.224808,server_4,60.0,44.708466085926815,244.9,1449,3.1332000000000004,running,1,1
2026-04-23 15:43:33.224808,server_3,60.0,62.85239666595678,294.4,648,3.0,running,0,0
2026-04-23 15:44:33.224808,server_2,60.0,76.96382380269135,256.0,520,3.0,running,0,0
2026-04-23 15:45:33.224808,server_1,58.14,49.92914226403166,160.7,738,2.938,running,0,1
2026-04-23 15:46:33.224808,server_2,55.47,55.370258209020726,204.7,349,2.849,running,0,0
2026-04-23 15:47:33.224808,server_2,60.0,32.32612152509397,153.5,690,3.0,running,0,0
2026-04-23 15:48:33.224808,server_1,55.379999999999995,68.2230802553285,293.79999999999995,646,2.846,running,0,1
2026-04-23 15:49:33.224808,server_3,60.0,49.14396327959897,277.6,592,3.0,running,0,0
2026-04-23 15:50:33.224808,server_3,60.0,61.88415942480217,213.4,378,3.0,running,0,0
2026-04-23 15:51:33.224808,server_2,60.0,56.839935125914906,280.29999999999995,601,3.0,running,0,0
2026-04-23 15:52:33.224808,server_3,60.0,59.55300354496395,298.29999999999995,661,3.0,running,0,0
2026-04-23 15:53:33.224808,server_1,78.45,71.7879935316703,210.7,369,2.569,running,0,0
2026-04-23 15:54:33.224808,server_3,60.0,70.75600431785827,223.6,412,3.0,running,0,0
2026-04-23 15:55:33.224808,server_3,60.0,74.47463361063414,191.8,306,3.0,running,0,1
2026-04-23 15:56:33.224808,server_1,85.4,53.70590428787841,252.4,508,2.708,running,0,0
2026-04-23 15:57:33.224808,server_2,60.0,51.10360599025478,150.8,672,3.0,running,0,0
2026-04-23 15:58:33.224808,server_1,76.85,48.32830288998463,201.1,337,2.537,running,0,0
2026-04-23 15:59:33.224808,server_3,60.0,66.51103892144899,273.1,577,3.0,running,0,0
2026-04-23 16:00:33.224808,server_2,90.0,66.79001343609401,195.0,300,4.32,running,1,1
2026-04-23 16:01:33.224808,server_4,60.0,72.10826265650263,150.05,667,3.0,running,0,0
2026-04-23 16:02:33.224808,server_4,54.72,57.666519394785176,242.2,474,2.824,running,0,0
2026-04-23 16:03:33.224808,server_1,54.48,55.13547874705336,284.79999999999995,616,2.816,running,0,0
2026-04-23 16:04:33.224808,server_3,60.0,51.00040561918851,211.0,370,3.0,running,0,0
2026-04-23 16:05:33.224808,server_1,86.1,31.296114886760257,256.6,522,2.722,running,0,0
2026-04-23 16:06:33.224808,server_2,60.0,66.62958402548166,161.6,2232,3.2,running,1,1
2026-04-23 16:07:33.224808,server_4,58.25999999999999,47.50192890340608,277.6,592,2.942,running,0,0
2026-04-23 16:08:33.224808,server_4,60.0,53.313266228914486,154.85,699,3.0,running,0,0
2026-04-23 16:09:33.224808,server_2,60.0,53.415774564101234,292.6,642,3.0,running,0,0
2026-04-23 16:10:33.224808,server_4,56.459999999999994,38.76713802772079,259.6,532,2.882,running,0,0
2026-04-23 16:11:33.224808,server_3,60.0,52.975354217244416,195.4,318,3.0,running,0,1
2026-04-23 16:12:33.224808,server_1,80.85,78.01983771063192,225.1,417,2.617,running,0,0
2026-04-23 16:13:33.224808,server_4,83.25,65.96354075191402,194.5,315,2.665,running,0,0
2026-04-23 16:14:33.224808,server_2,56.459999999999994,75.90275804938409,214.6,382,2.882,running,0,0
2026-04-23 16:15:33.224808,server_3,60.0,62.818157298173816,211.6,372,3.0,running,0,0
2026-04-23 16:16:33.224808,server_4,58.89,52.71088325632461,283.9,613,2.963,running,0,0
2026-04-23 16:17:33.224808,server_2,58.14,76.8639853385572,231.4,438,2.938,running,0,0
2026-04-23 16:18:33.224808,server_1,78.0,65.451253341151,208.0,360,2.56,running,0,0
2026-04-23 16:19:33.224808,server_4,60.0,63.70416820226878,159.35,729,3.0,running,0,0
2026-04-23 16:20:33.224808,server_4,58.44,54.82952164524767,279.4,598,2.9480000000000004,running,0,0
2026-04-23 16:21:33.224808,server_4,59.04,64.69534702458886,285.4,618,2.968,running,0,0
2026-04-23 16:22:33.224808,server_1,79.85,68.89686334738037,219.1,397,2.597,running,0,0
2026-04-23 16:23:33.224808,server_1,80.4,58.98238957239563,222.4,408,2.608,running,0,0
2026-04-23 16:24:33.224808,server_1,75.3,52.38486654582606,191.8,306,2.506,running,0,0
2026-04-23 16:25:33.224808,server_4,82.5,64.80257645902512,190.0,300,2.65,running,0,0
2026-04-23 16:26:33.224808,server_2,60.0,83.55511352419651,261.1,537,3.0,running,0,0
2026-04-23 16:27:33.224808,server_2,60.0,53.60186401554257,276.4,588,3.0,running,0,0
2026-04-23 16:28:33.224808,server_1,82.8,39.32691527894064,236.8,456,2.656,running,0,0
2026-04-23 16:29:33.224808,server_2,60.0,59.23463151446383,297.4,658,3.0,running,0,0
2026-04-23 16:30:33.224808,server_2,58.23,66.30604126990276,232.3,441,2.941,running,0,0
2026-04-23 16:31:33.224808,server_2,60.0,56.158870943928704,282.1,607,3.0,running,0,0
2026-04-23 16:32:33.224808,server_3,60.0,56.731098952087386,247.0,490,3.0,running,0,0
2026-04-23 16:33:33.224808,server_2,60.0,52.64874682643443,274.0,580,3.0,running,0,0
2026-04-23 16:34:33.224808,server_4,59.94,59.01621308872909,294.4,648,2.998,running,0,0
2026-04-23 16:35:33.224808,server_3,60.0,56.944499989218,202.0,340,3.0,running,0,1
2026-04-23 16:36:33.224808,server_2,56.60999999999999,55.006468513427855,216.1,387,2.887,running,0,0
2026-04-23 16:37:33.224808,server_4,85.5,55.3713643593912,208.0,360,2.71,running,0,0
2026-04-23 16:38:33.224808,server_3,60.0,50.113738681077365,232.95,553,4.4,running,1,1
2026-04-23 16:39:33.224808,server_1,81.65,53.64873920838042,229.9,433,2.633,running,0,0
2026-04-23 16:40:33.224808,server_4,86.9,55.3863963719428,216.4,388,2.7380000000000004,running,0,0
2026-04-23 16:41:33.224808,server_3,60.0,69.42839065743149,202.6,342,3.0,running,0,1
2026-04-23 16:42:33.224808,server_2,55.65,73.27262214997141,206.5,355,2.855,running,0,0
2026-04-23 16:43:33.224808,server_2,60.0,62.5566705724977,260.5,535,3.0,running,0,0
2026-04-23 16:44:33.224808,server_3,60.0,51.96007884933034,257.79999999999995,526,3.0,running,0,0
2026-04-23 16:45:33.224808,server_4,55.29,50.802499743927925,247.9,493,2.843,running,0,0
2026-04-23 16:46:33.224808,server_3,60.0,77.58323679596595,263.79999999999995,546,3.0,running,0,0
2026-04-23 16:47:33.224808,server_2,60.0,61.93029717273103,158.14999999999998,721,3.0,running,0,0
2026-04-23 16:48:33.224808,server_4,59.58,66.09310425790511,290.79999999999995,636,2.986,running,0,0
2026-04-23 16:49:33.224808,server_1,78.9,48.38058429137974,213.4,378,2.5780000000000003,running,0,0
2026-04-23 16:50:33.224808,server_4,85.95,46.21478895194425,210.7,369,2.7190000000000003,running,0,0
2026-04-23 16:51:33.224808,server_1,56.37,65.28087161148049,151.85,679,2.879,running,0,1
2026-04-23 16:52:33.224808,server_3,60.0,64.89246522372328,256.6,522,3.0,running,0,0
2026-04-23 16:53:33.224808,server_4,60.0,72.23167063170958,298.9,663,3.0,running,0,0
2026-04-23 16:54:33.224808,server_2,60.0,84.99716444215548,298.29999999999995,661,3.0,running,0,0
2026-04-23 16:55:33.224808,server_1,76.55,55.04200356935141,199.3,331,2.531,running,0,0
2026-04-23 16:56:33.224808,server_2,90.0,63.52615350942201,190.0,300,2.8,running,0,0
2026-04-23 16:57:33.224808,server_3,60.0,60.32845135880615,151.85,679,3.0,running,0,0
2026-04-23 16:58:33.224808,server_2,60.0,62.543401892247104,265.6,552,3.0,running,0,0
2026-04-23 16:59:33.224808,server_2,60.0,63.06741191812677,233.2,1332,3.1776,running,1,1
2026-04-23 17:00:33.224808,server_3,60.0,54.97878893074639,264.4,548,3.0,running,0,0
2026-04-23 17:01:33.224808,server_4,79.0,42.85575772175053,223.0,410,2.58,running,0,0
2026-04-23 17:02:33.224808,server_2,87.1,63.949941795135615,232.6,442,2.742,running,0,0
2026-04-23 17:03:33.224808,server_1,72.4,43.99481321230735,222.4,408,2.4480000000000004,running,0,0
2026-04-23 17:04:33.224808,server_1,84.15,57.150083353661806,292.9,643,2.683,running,0,1
2026-04-23 17:05:33.224808,server_3,55.17,55.785939245855566,183.7,279,2.839,running,0,1
2026-04-23 17:06:33.224808,server_3,60.0,51.09958168386873,275.5,585,3.0,running,0,0
2026-04-23 17:07:33.224808,server_4,86.75,31.680134357734087,269.5,565,2.7350000000000003,running,0,0
2026-04-23 17:08:33.224808,server_1,79.6,63.43091311162428,265.6,552,2.592,running,0,0
2026-04-23 17:09:33.224808,server_4,88.85,54.548363295812806,282.1,607,2.777,running,0,0
2026-04-23 17:10:33.224808,server_2,60.0,68.79471391563334,177.7,1036,2.818,running,1,1
2026-04-23 17:11:33.224808,server_1,74.25,66.7876433773626,233.5,445,2.4850000000000003,running,0,0
2026-04-23 17:12:33.224808,server_4,89.35,53.08914828779781,285.1,617,2.787,running,0,0
2026-04-23 17:13:33.224808,server_3,60.0,60.43836061980087,287.79999999999995,626,3.0,running,0,0
2026-04-23 17:14:33.224808,server_4,85.85,58.921762406244895,264.1,547,2.717,running,0,0
2026-04-23 17:15:33.224808,server_2,89.6,39.56409983625706,247.6,492,2.792,running,0,0
2026-04-23 17:16:33.224808,server_4,73.05,60.35215497115087,187.3,291,2.461,running,0,0
2026-04-23 17:17:33.224808,server_1,67.3,51.16420514649512,191.8,306,2.346,running,0,0
2026-04-23 17:18:33.224808,server_3,60.0,59.06060457050079,238.3,461,3.0,running,0,0
2026-04-23 17:19:33.224808,server_1,80.45,58.40287261994127,270.7,569,2.609,running,0,0
2026-04-23 17:20:33.224808,server_1,67.95,50.79906150053856,195.7,319,2.359,running,0,0
2026-04-23 17:21:33.224808,server_2,79.45,74.90667360903797,186.7,289,2.589,running,0,0
2026-04-23 17:22:33.224808,server_2,80.0,66.89571393065314,190.0,300,2.6,running,0,0
2026-04-23 17:23:33.224808,server_3,60.0,58.01401702356277,244.6,482,3.0,running,0,0
2026-04-23 17:24:33.224808,server_1,68.35,54.900708406558245,198.1,327,2.367,running,0,0
2026-04-23 17:25:33.224808,server_4,83.95,80.02725610611719,252.7,509,2.6790000000000003,running,0,0
2026-04-23 17:26:33.224808,server_2,56.43,71.50327207454806,274.29999999999995,581,2.881,running,0,0
2026-04-23 17:27:33.224808,server_2,86.95,65.85315858101254,231.7,439,2.739,running,0,0
2026-04-23 17:28:33.224808,server_4,72.25,52.10884253058816,182.5,275,2.4450000000000003,running,0,0
2026-04-23 17:29:33.224808,server_4,77.85,59.43572209833047,216.1,387,2.557,running,0,0
2026-04-23 17:30:33.224808,server_1,76.7,55.63496903525385,248.2,494,2.534,running,0,0
2026-04-23 17:31:33.224808,server_4,76.8,50.32006745854718,209.8,366,2.536,running,0,0
2026-04-23 17:32:33.224808,server_3,60.0,61.13385961706999,235.3,451,3.0,running,0,0
2026-04-23 17:33:33.224808,server_1,69.2,62.29502192723817,203.2,344,2.3840000000000003,running,0,0
2026-04-23 17:34:33.224808,server_4,74.8,59.6872460029729,197.8,326,2.496,running,0,0
2026-04-23 17:35:33.224808,server_4,71.75,47.2525399455328,179.5,265,2.435,running,0,0
2026-04-23 17:36:33.224808,server_2,54.27,63.441522195616365,252.7,509,2.809,running,0,0
2026-04-23 17:37:33.224808,server_2,55.199999999999996,55.2836514036789,262.0,540,2.84,running,0,0
2026-04-23 17:38:33.224808,server_1,75.25,63.798322497754654,239.5,465,2.505,running,0,0
2026-04-23 17:39:33.224808,server_2,86.05,62.05295231656035,226.3,421,2.721,running,0,0
2026-04-23 17:40:33.224808,server_1,68.15,54.33116147501076,196.9,323,2.3630000000000004,running,0,0
2026-04-23 17:41:33.224808,server_1,65.25,58.49502609784992,179.5,265,2.305,running,0,0
2026-04-23 17:42:33.224808,server_3,55.47,63.19135556859796,186.7,289,2.849,running,0,1
2026-04-23 17:43:33.224808,server_3,55.41,71.59889359608313,186.1,287,2.847,running,0,1
2026-04-23 17:44:33.224808,server_4,72.3,46.53510452741875,182.8,276,2.446,running,0,0
2026-04-23 17:45:33.224808,server_4,78.35,55.14404373284714,219.1,397,2.567,running,0,0
2026-04-23 17:46:33.224808,server_4,79.0,75.83970311626595,223.0,410,2.58,running,0,0
2026-04-23 17:47:33.224808,server_3,60.0,56.31482129564939,271.0,570,3.0,running,0,0
2026-04-23 17:48:33.224808,server_2,54.15,66.11448755257445,251.5,505,2.805,running,0,0
2026-04-23 17:49:33.224808,server_1,72.65,51.97294066098638,223.9,413,2.4530000000000003,running,0,0
2026-04-23 17:50:33.224808,server_4,85.6,51.01461582737687,262.6,542,2.712,running,0,0
2026-04-23 17:51:33.224808,server_3,58.65,69.35068847815097,218.5,395,2.955,running,0,0
2026-04-23 17:52:33.224808,server_3,60.0,80.97956602931207,239.2,464,3.0,running,0,0
2026-04-23 17:53:33.224808,server_4,72.2,71.77444939688831,182.2,274,2.444,running,0,0
2026-04-23 17:54:33.224808,server_3,60.0,71.89900229679235,259.9,533,3.0,running,0,0
2026-04-23 17:55:33.224808,server_2,57.779999999999994,44.82391157641474,287.79999999999995,626,2.926,running,0,0
2026-04-23 17:56:33.224808,server_1,67.9,79.63390169850575,195.4,318,2.358,running,0,0
2026-04-23 17:57:33.224808,server_1,83.1,49.148361684029474,286.6,622,2.662,running,0,0
2026-04-23 17:58:33.224808,server_1,80.6,62.65470960575949,271.6,572,2.612,running,0,0
2026-04-23 17:59:33.224808,server_1,80.25,61.84422329568497,269.5,565,2.605,running,0,0
2026-04-23 18:00:33.224808,server_4,54.15,62.53914460415042,290.5,635,2.805,running,0,1
2026-04-23 18:01:33.224808,server_1,79.1,68.32025775183573,262.6,542,2.582,running,0,0
2026-04-23 18:02:33.224808,server_4,85.95,67.45070578233322,264.7,549,2.7190000000000003,running,0,0
2026-04-23 18:03:33.224808,server_3,60.0,65.76900128058965,281.2,604,3.0,running,0,0
2026-04-23 18:04:33.224808,server_4,74.1,59.68205140892717,193.6,312,2.482,running,0,0
2026-04-23 18:05:33.224808,server_2,79.8,48.490100591314494,188.8,296,2.596,running,0,0
2026-04-23 18:06:33.224808,server_4,84.85,88.0423983816932,258.1,527,2.697,running,0,0
2026-04-23 18:07:33.224808,server_4,88.25,74.00262755792397,278.5,595,2.765,running,0,0
2026-04-23 18:08:33.224808,server_2,54.9,59.32633965278414,259.0,530,2.83,running,0,0
2026-04-23 18:09:33.224808,server_2,85.15,64.88955216515366,220.9,403,2.7030000000000003,running,0,0
2026-04-23 18:10:33.224808,server_4,78.45,54.42502123079022,219.7,399,2.569,running,0,0
2026-04-23 18:11:33.224808,server_1,79.1,66.60923174265783,262.6,542,2.582,running,0,0
2026-04-23 18:12:33.224808,server_3,60.0,50.95546367889256,292.4,616,2.8680000000000003,running,1,0
2026-04-23 18:13:33.224808,server_1,74.0,53.59955435492802,232.0,440,2.48,running,0,0
2026-04-23 18:14:33.224808,server_4,84.85,53.76970985466655,258.1,527,2.697,running,0,0
2026-04-23 18:15:33.224808,server_2,60.0,57.7324746279903,203.2,1032,3.0576000000000003,running,1,1
2026-04-23 18:16:33.224808,server_2,78.8,75.12238352902854,182.8,276,2.576,running,0,0
2026-04-23 18:17:33.224808,server_4,88.45,68.04401407628077,279.7,599,2.769,running,0,0
2026-04-23 18:18:33.224808,server_4,87.45,60.84857189402822,273.7,579,2.749,running,0,0
2026-04-23 18:19:33.224808,server_1,80.65,49.24210197779536,271.9,573,2.6130000000000004,running,0,0
2026-04-23 18:20:33.224808,server_1,70.95,71.56382891876721,213.7,379,2.419,running,0,0
2026-04-23 18:21:33.224808,server_1,83.55,49.28225566330383,289.29999999999995,631,2.6710000000000003,running,0,0
2026-04-23 18:22:33.224808,server_4,84.75,53.2817183723588,257.5,525,2.6950000000000003,running,0,0
2026-04-23 18:23:33.224808,server_1,76.1,63.89454437578948,244.6,482,2.522,running,0,0
2026-04-23 18:24:33.224808,server_1,73.15,60.7680771283031,226.9,423,2.463,running,0,0
2026-04-23 18:25:33.224808,server_1,80.3,73.63430419607111,269.79999999999995,566,2.606,running,0,0
2026-04-23 18:26:33.224808,server_4,74.15,55.321760794672535,193.9,313,2.483,running,0,0
2026-04-23 18:27:33.224808,server_4,60.0,50.2720020510441,237.1,1371,3.0508,running,1,1
2026-04-23 18:28:33.224808,server_4,73.95,56.88263557483,192.7,309,2.479,running,0,0
2026-04-23 18:29:33.224808,server_1,72.15,59.27255853716687,220.9,403,2.443,running,0,0
2026-04-23 18:30:33.224808,server_4,76.2,57.23933466040381,206.2,354,2.524,running,0,0
2026-04-23 18:31:33.224808,server_3,58.44,71.47140492340682,216.4,388,2.9480000000000004,running,0,0
2026-04-23 18:32:33.224808,server_1,76.85,42.65913732799687,249.1,497,2.537,running,0,0
2026-04-23 18:33:33.224808,server_1,66.6,56.9834546474196,187.6,292,2.332,running,0,0
2026-04-23 18:34:33.224808,server_2,54.66,62.78133365672762,256.6,522,2.822,running,0,0
2026-04-23 18:35:33.224808,server_4,82.55,53.674326862543815,244.3,481,2.651,running,0,0
2026-04-23 18:36:33.224808,server_4,81.05,44.431570783060046,235.3,451,2.621,running,0,0
2026-04-23 18:37:33.224808,server_1,75.7,73.6383263818622,242.2,474,2.514,running,0,0
2026-04-23 18:38:33.224808,server_2,60.0,54.56127763317004,195.1,951,3.0468,running,1,1
2026-04-23 18:39:33.224808,server_3,58.14,59.10736058538796,213.4,378,2.938,running,0,0
2026-04-23 18:40:33.224808,server_2,82.85,59.05499569948429,207.1,357,2.657,running,0,0
2026-04-23 18:41:33.224808,server_1,83.35,63.20004623437959,288.1,627,2.667,running,0,0
2026-04-23 18:42:33.224808,server_2,55.29,60.59039399340617,262.9,543,2.843,running,0,0
2026-04-23 18:43:33.224808,server_1,76.6,67.90429621550237,247.6,492,2.532,running,0,0
2026-04-23 18:44:33.224808,server_3,60.0,67.57709107439032,281.2,604,3.0,running,0,0
2026-04-23 18:45:33.224808,server_4,76.95,69.27131342482816,210.7,369,2.539,running,0,0
2026-04-23 18:46:33.224808,server_3,59.58,54.92968795274909,227.8,426,2.986,running,0,0
2026-04-23 18:47:33.224808,server_1,70.7,64.59364229257756,212.2,374,2.414,running,0,0
2026-04-23 18:48:33.224808,server_4,73.6,56.24056330187971,190.6,302,2.472,running,0,0
2026-04-23 18:49:33.224808,server_4,84.95,69.88046268797682,258.7,529,2.699,running,0,0
2026-04-23 18:50:33.224808,server_2,85.9,61.82890291408904,225.4,418,2.718,running,0,0
2026-04-23 18:51:33.224808,server_3,60.0,67.76954998561466,269.2,564,3.0,running,0,0
2026-04-23 18:52:33.224808,server_1,84.15,47.95879966193169,292.9,643,2.683,running,0,1
2026-04-23 18:53:33.224808,server_2,57.629999999999995,65.33712173313127,286.29999999999995,621,2.9210000000000003,running,0,0
2026-04-23 18:54:33.224808,server_4,77.6,62.54422541903457,214.6,382,2.552,running,0,0
2026-04-23 18:55:33.224808,server_4,81.05,64.51488531547591,235.3,451,2.621,running,0,0
2026-04-23 18:56:33.224808,server_2,54.48,63.04470421564102,254.8,516,2.816,running,0,0
2026-04-23 18:57:33.224808,server_1,74.0,58.525901923986886,232.0,440,2.48,running,0,0
2026-04-23 18:58:33.224808,server_4,71.85,54.30093950610291,180.1,267,2.437,running,0,0
2026-04-23 18:59:33.224808,server_4,54.209999999999994,65.7242048070337,291.1,637,2.807,running,0,1
2026-04-23 19:00:33.224808,server_3,56.58,72.16917914667698,197.8,326,2.886,running,0,0
2026-04-23 19:01:33.224808,server_4,80.05,62.05548330116687,229.3,431,2.601,running,0,0
2026-04-23 19:02:33.224808,server_1,80.7,46.253960396446,272.2,574,2.614,running,0,0
2026-04-23 19:03:33.224808,server_3,60.0,57.39717293252951,234.1,447,3.0,running,0,0
2026-04-23 19:04:33.224808,server_1,81.5,53.03054638262308,277.0,590,2.63,running,0,0
2026-04-23 19:05:33.224808,server_1,73.8,70.35269239779869,230.8,436,2.476,running,0,0
2026-04-23 19:06:33.224808,server_4,60.0,50.84749118345422,293.79999999999995,1938,3.1264000000000003,running,1,1
2026-04-23 19:07:33.224808,server_1,66.1,59.19086032682289,184.6,282,2.322,running,0,0
2026-04-23 19:08:33.224808,server_4,87.0,68.20992487550313,271.0,570,2.74,running,0,0
2026-04-23 19:09:33.224808,server_1,65.15,65.82935131301015,178.89999999999998,263,2.303,running,0,0
2026-04-23 19:10:33.224808,server_4,86.7,57.43043612996223,269.2,564,2.734,running,0,0
2026-04-23 19:11:33.224808,server_4,83.2,59.445589617797125,248.2,494,2.664,running,0,0
2026-04-23 19:12:33.224808,server_4,73.05,51.602465587654834,187.3,291,2.461,running,0,0
2026-04-23 19:13:33.224808,server_1,65.1,42.6147589631142,189.3,262,4.1208,running,1,1
2026-04-23 19:14:33.224808,server_4,71.6,69.79634782912612,178.6,262,2.432,running,0,0
2026-04-23 19:15:33.224808,server_3,60.0,63.62970836650909,246.4,488,3.0,running,0,0
2026-04-23 19:16:33.224808,server_1,70.5,73.8547900087376,211.0,370,2.41,running,0,0
2026-04-23 19:17:33.224808,server_4,81.55,65.44157877157487,238.3,461,2.631,running,0,0
2026-04-23 19:18:33.224808,server_3,57.72,52.68741932523322,209.2,364,2.9240000000000004,running,0,0
2026-04-23 19:19:33.224808,server_2,81.1,71.29276367262992,196.6,322,2.622,running,0,0
2026-04-23 19:20:33.224808,server_2,85.45,74.45656772331071,222.7,409,2.709,running,0,0
2026-04-23 19:21:33.224808,server_3,57.12,71.43934194082433,203.2,344,2.904,running,0,0
2026-04-23 19:22:33.224808,server_2,83.9,59.40873780571567,213.4,378,2.678,running,0,0
2026-04-23 19:23:33.224808,server_4,71.75,76.51465445368353,179.5,265,2.435,running,0,0
2026-04-23 19:24:33.224808,server_3,56.190000000000005,58.94415421553052,193.9,313,2.873,running,0,1
2026-04-23 19:25:33.224808,server_1,81.8,59.58890660315641,278.79999999999995,596,2.636,running,0,0
2026-04-23 19:26:33.224808,server_4,85.6,49.05553320457632,262.6,542,2.712,running,0,0
2026-04-23 19:27:33.224808,server_1,80.85,37.01182727378398,273.1,577,2.617,running,0,0
2026-04-23 19:28:33.224808,server_2,56.16,69.51797167336574,271.6,572,2.872,running,0,0
2026-04-23 19:29:33.224808,server_4,74.55,60.406116206692666,196.3,321,2.491,running,0,0
2026-04-23 19:30:33.224808,server_2,54.48,42.967574948485776,254.8,516,2.816,running,0,0
2026-04-23 19:31:33.224808,server_4,72.65,71.4840480833393,184.9,283,2.4530000000000003,running,0,0
2026-04-23 19:32:33.224808,server_3,57.15,53.75521231901848,203.5,345,2.905,running,0,0
2026-04-23 19:33:33.224808,server_3,60.0,53.03901545173828,278.6,524,2.822,running,1,0
2026-04-23 19:34:33.224808,server_3,60.0,67.8119585520623,275.79999999999995,586,3.0,running,0,0
2026-04-23 19:35:33.224808,server_4,89.6,52.02938277823794,286.6,622,2.792,running,0,0
2026-04-23 19:36:33.224808,server_2,85.0,68.55403916270551,220.0,400,2.7,running,0,0
2026-04-23 19:37:33.224808,server_3,60.0,71.3086680833544,264.4,548,3.0,running,0,0
2026-04-23 19:38:33.224808,server_2,56.940000000000005,54.378697398963496,279.4,598,2.898,running,0,0
2026-04-23 19:39:33.224808,server_3,60.0,71.62887143429853,236.8,456,3.0,running,0,0
2026-04-23 19:40:33.224808,server_2,89.35,50.455888334524346,246.1,487,2.787,running,0,0
2026-04-23 19:41:33.224808,server_1,71.65,46.67484889283349,217.9,393,2.433,running,0,0
2026-04-23 19:42:33.224808,server_1,66.8,72.91672690534628,188.8,296,2.336,running,0,0
2026-04-23 19:43:33.224808,server_4,75.75,71.75542387458924,203.5,345,2.515,running,0,0
2026-04-23 19:44:33.224808,server_1,79.3,63.25549072689898,263.79999999999995,546,2.586,running,0,0
2026-04-23 19:45:33.224808,server_3,59.82,66.49613536506084,230.2,434,2.994,running,0,0
2026-04-23 19:46:33.224808,server_3,60.0,47.0346204583731,251.5,505,3.0,running,0,0
2026-04-23 19:47:33.224808,server_2,78.7,56.16027600219815,182.2,274,2.574,running,0,0
2026-04-23 19:48:33.224808,server_4,72.2,64.38052994961753,182.2,274,2.444,running,0,0
2026-04-23 19:49:33.224808,server_1,67.6,46.93624934479808,193.6,312,2.352,running,0,0
2026-04-23 19:50:33.224808,server_3,60.0,59.97608183354418,238.3,461,3.0,running,0,0
2026-04-23 19:51:33.224808,server_1,78.1,61.216053126202375,256.6,522,2.562,running,0,0
2026-04-23 19:52:33.224808,server_3,60.0,63.481887993187215,253.0,510,3.0,running,0,0
2026-04-23 19:53:33.224808,server_3,55.559999999999995,54.64067218666712,187.6,292,2.852,running,0,1
2026-04-23 19:54:33.224808,server_4,80.5,62.49448694030451,232.0,440,2.6100000000000003,running,0,0
2026-04-23 19:55:33.224808,server_4,88.7,47.57692867836849,281.2,604,2.774,running,0,0
2026-04-23 19:56:33.224808,server_1,74.55,43.61345870301332,217.65,451,4.1964,running,1,1
2026-04-23 19:57:33.224808,server_3,55.529999999999994,49.63357128585284,187.3,291,2.851,running,0,1
2026-04-23 19:58:33.224808,server_4,74.6,72.46153208232826,196.6,322,2.492,running,0,0
2026-04-23 19:59:33.224808,server_1,76.85,62.63155713718887,249.1,497,2.537,running,0,0
2026-04-23 20:00:33.224808,server_4,77.85,55.72557127818038,216.1,387,2.557,running,0,0
2026-04-23 20:01:33.224808,server_4,73.25,55.896128418066176,188.5,295,2.465,running,0,0
2026-04-23 20:02:33.224808,server_3,56.73,63.33314618334194,199.3,331,2.891,running,0,0
2026-04-23 20:03:33.224808,server_4,81.7,73.30626152906709,239.2,464,2.6340000000000003,running,0,0
2026-04-23 20:04:33.224808,server_4,60.0,69.96576341210545,177.7,1036,2.688,running,1,1
2026-04-23 20:05:33.224808,server_3,56.04,66.70696246356371,192.4,308,2.8680000000000003,running,0,1
2026-04-23 20:06:33.224808,server_1,71.3,44.47950838281639,215.8,386,2.426,running,0,0
2026-04-23 20:07:33.224808,server_2,89.2,41.896492407356185,245.2,484,2.784,running,0,0
2026-04-23 20:08:33.224808,server_2,54.029999999999994,53.25599580740948,250.3,501,2.801,running,0,0
2026-04-23 20:09:33.224808,server_4,82.05,55.06481967583039,241.3,471,2.641,running,0,0
2026-04-23 20:10:33.224808,server_3,60.0,59.81659202443542,257.5,525,3.0,running,0,0
2026-04-23 20:11:33.224808,server_2,57.33,45.83286671413068,283.29999999999995,611,2.911,running,0,0
2026-04-23 20:12:33.224808,server_1,67.3,60.24036475512803,191.8,306,2.346,running,0,0
2026-04-23 20:13:33.224808,server_2,55.02,65.61953876734842,260.2,534,2.834,running,0,0
2026-04-23 20:14:33.224808,server_1,83.3,72.16615941903939,287.79999999999995,626,2.666,running,0,0
2026-04-23 20:15:33.224808,server_4,60.0,74.64820053733868,262.6,1626,3.0848,running,1,1
2026-04-23 20:16:33.224808,server_3,60.0,54.59444431446278,284.79999999999995,616,3.0,running,0,0
2026-04-23 20:17:33.224808,server_3,57.54,57.042544748841394,207.4,358,2.918,running,0,0
2026-04-23 20:18:33.224808,server_4,82.55,56.73076707587354,244.3,481,2.651,running,0,0
2026-04-23 20:19:33.224808,server_3,56.190000000000005,49.96289137320369,193.9,313,2.873,running,0,1
2026-04-23 20:20:33.224808,server_4,85.5,74.03320493578423,262.0,540,2.71,running,0,0
2026-04-23 20:21:33.224808,server_1,76.4,49.36616570667631,246.4,488,2.528,running,0,0
2026-04-23 20:22:33.224808,server_3,60.0,60.93974129350587,150.85,678,2.899,running,1,0
2026-04-23 20:23:33.224808,server_1,66.75,86.13198755905606,188.5,295,2.335,running,0,0
2026-04-23 20:24:33.224808,server_1,81.15,74.8722333850146,274.9,583,2.623,running,0,0
2026-04-23 20:25:33.224808,server_2,78.65,71.78544689347002,181.9,273,2.5730000000000004,running,0,0
2026-04-23 20:26:33.224808,server_4,73.75,49.23515868198157,191.5,305,2.475,running,0,0
2026-04-23 20:27:33.224808,server_2,88.7,59.65059730424072,242.2,474,2.774,running,0,0
2026-04-23 20:28:33.224808,server_1,71.65,63.74750090263169,217.9,393,2.433,running,0,0
2026-04-23 20:29:33.224808,server_3,55.98,67.60281461407429,191.8,306,2.866,running,0,1
2026-04-23 20:30:33.224808,server_3,56.1,69.42775109591774,193.0,310,2.87,running,0,1
2026-04-23 20:31:33.224808,server_4,89.95,70.45651014995208,244.35,629,4.3196,running,1,1
2026-04-23 20:32:33.224808,server_2,56.879999999999995,46.11847942281946,278.79999999999995,596,2.896,running,0,0
2026-04-23 20:33:33.224808,server_2,86.75,76.22786446061298,230.5,435,2.7350000000000003,running,0,0
2026-04-23 20:34:33.224808,server_1,77.25,39.74522867282337,251.5,505,2.545,running,0,0
2026-04-23 20:35:33.224808,server_2,81.7,65.82721057047522,200.2,334,2.6340000000000003,running,0,0
2026-04-23 20:36:33.224808,server_3,60.0,78.56749151512109,269.79999999999995,566,3.0,running,0,0
2026-04-23 20:37:33.224808,server_4,87.6,56.634373360418245,274.6,582,2.752,running,0,0
2026-04-23 20:38:33.224808,server_4,81.4,46.68907135260923,237.4,458,2.628,running,0,0
2026-04-23 20:39:33.224808,server_4,54.209999999999994,65.8823123141464,291.1,637,2.807,running,0,1
2026-04-23 20:40:33.224808,server_2,88.95,59.37699669022834,243.7,479,2.779,running,0,0
2026-04-23 20:41:33.224808,server_3,57.629999999999995,49.21947612407057,208.3,361,2.9210000000000003,running,0,0
2026-04-23 20:42:33.224808,server_1,76.35,50.533932558870646,246.1,487,2.527,running,0,0
2026-04-23 20:43:33.224808,server_2,79.45,45.33868565962196,186.7,289,2.589,running,0,0
2026-04-23 20:44:33.224808,server_2,89.15,67.60225316980105,244.9,483,2.7830000000000004,running,0,0
2026-04-23 20:45:33.224808,server_4,82.25,62.82681986768,242.5,475,2.645,running,0,0
2026-04-23 20:46:33.224808,server_2,60.0,56.062317049643866,242.5,1425,3.1100000000000003,running,1,1
2026-04-23 20:47:33.224808,server_2,86.55,70.56100984120437,229.3,431,2.731,running,0,0
2026-04-23 20:48:33.224808,server_2,82.8,68.79167950208526,206.8,356,2.656,running,0,0
2026-04-23 20:49:33.224808,server_3,56.76,63.31279255724205,199.6,332,2.892,running,0,0
2026-04-23 20:50:33.224808,server_4,75.0,53.50985643781326,199.5,330,4.2,running,1,1
2026-04-23 20:51:33.224808,server_1,82.0,58.723800063879565,280.0,600,2.64,running,0,0
2026-04-23 20:52:33.224808,server_3,60.0,68.63648304786197,198.1,981,3.1548,running,1,1
2026-04-23 20:53:33.224808,server_4,54.3,68.64379699897874,292.0,640,2.81,running,0,1
2026-04-23 20:54:33.224808,server_3,60.0,93.89482241367315,248.8,496,3.0,running,0,0
2026-04-23 20:55:33.224808,server_3,60.0,43.79791289555684,275.5,585,3.0,running,0,0
2026-04-23 20:56:33.224808,server_1,71.5,38.10991975335431,217.0,390,2.43,running,0,0
2026-04-23 20:57:33.224808,server_2,86.9,62.38145351476281,231.4,438,2.7380000000000004,running,0,0
2026-04-23 20:58:33.224808,server_2,80.4,57.69095142625386,192.4,308,2.608,running,0,0
2026-04-23 20:59:33.224808,server_2,55.68,71.02335999422633,266.79999999999995,556,2.856,running,0,0
2026-04-23 21:00:33.224808,server_3,50.5,55.983411665520286,151.0,170,2.01,running,0,0
2026-04-23 21:01:33.224808,server_4,40.5,61.63836140249474,154.0,180,1.81,running,0,0
2026-04-23 21:02:33.224808,server_4,41.95,66.75246341827835,162.7,209,1.839,running,0,0
2026-04-23 21:03:33.224808,server_2,50.75,59.90987117775568,194.5,315,2.015,running,0,0
2026-04-23 21:04:33.224808,server_3,58.35,81.01276784728812,198.1,327,2.167,running,0,0
2026-04-23 21:05:33.224808,server_3,57.25,63.300647493250935,191.5,305,2.145,running,0,0
2026-04-23 21:06:33.224808,server_3,49.3,61.37810001534573,143.8,146,1.986,running,0,0
2026-04-23 21:07:33.224808,server_3,57.6,56.60759453195873,193.6,312,2.152,running,0,0
2026-04-23 21:08:33.224808,server_2,47.45,64.60898116297591,174.7,249,1.949,running,0,0
2026-04-23 21:09:33.224808,server_4,38.9,43.27443516451013,144.4,148,1.778,running,0,0
2026-04-23 21:10:33.224808,server_1,77.6,53.22517865596815,157.6,576,2.7008,running,1,1
2026-04-23 21:11:33.224808,server_3,55.0,63.33656546907992,178.0,260,2.1,running,0,0
2026-04-23 21:12:33.224808,server_1,37.35,69.8472652682348,156.1,187,1.747,running,0,0
2026-04-23 21:13:33.224808,server_3,56.7,52.653757156532464,188.2,294,2.1340000000000003,running,0,0
2026-04-23 21:14:33.224808,server_3,50.65,58.58895453097323,151.9,173,2.013,running,0,0
2026-04-23 21:15:33.224808,server_3,57.65,53.11538264767472,193.9,313,2.153,running,0,0
2026-04-23 21:16:33.224808,server_2,51.400000000000006,69.20219275236774,198.4,328,2.028,running,0,0
2026-04-23 21:17:33.224808,server_1,43.05,65.32175109305238,190.3,301,1.861,running,0,0
2026-04-23 21:18:33.224808,server_3,49.9,51.96145648554354,147.4,158,1.998,running,0,0
2026-04-23 21:19:33.224808,server_3,54.55,67.16729696151411,175.3,251,2.091,running,0,0
2026-04-23 21:20:33.224808,server_2,44.5,58.51702721430826,157.0,190,1.89,running,0,0
2026-04-23 21:21:33.224808,server_3,49.8,59.955611696806415,146.8,156,1.996,running,0,0
2026-04-23 21:22:33.224808,server_2,51.5,72.47163694603972,199.0,330,2.03,running,0,0
2026-04-23 21:23:33.224808,server_3,49.0,59.86321594020478,142.0,140,1.98,running,0,1
2026-04-23 21:24:33.224808,server_4,48.0,61.7427853124882,199.0,330,1.96,running,0,0
2026-04-23 21:25:33.224808,server_3,59.150000000000006,63.03196392852749,202.9,343,2.183,running,0,0
2026-04-23 21:26:33.224808,server_1,41.65,58.63644516023469,181.9,273,1.833,running,0,0
2026-04-23 21:27:33.224808,server_1,35.8,72.60420372211135,146.8,156,1.716,running,0,1
2026-04-23 21:28:33.224808,server_4,41.85,62.82810894614786,162.1,207,1.837,running,0,0
2026-04-23 21:29:33.224808,server_3,52.55,62.89524005253541,163.3,211,2.051,running,0,0
2026-04-23 21:30:33.224808,server_4,39.25,62.919726580200525,146.5,155,1.785,running,0,0
2026-04-23 21:31:33.224808,server_4,44.5,77.56983969377967,178.0,260,1.89,running,0,0
2026-04-23 21:32:33.224808,server_1,39.5,69.39291458999703,169.0,230,1.79,running,0,0
2026-04-23 21:33:33.224808,server_3,53.65,66.04506877897151,169.89999999999998,233,2.073,running,0,0
2026-04-23 21:34:33.224808,server_1,40.15,77.0806785974276,172.89999999999998,243,1.803,running,0,0
2026-04-23 21:35:33.224808,server_4,48.8,66.55079823931695,203.8,346,1.976,running,0,0
2026-04-23 21:36:33.224808,server_4,38.7,64.59405740145992,143.2,144,1.774,running,0,0
2026-04-23 21:37:33.224808,server_3,49.2,58.770697726608674,143.2,144,1.984,running,0,0
2026-04-23 21:38:33.224808,server_1,40.25,53.84614957435288,173.5,245,1.805,running,0,0
2026-04-23 21:39:33.224808,server_3,53.8,67.76072356209157,170.8,236,2.076,running,0,0
2026-04-23 21:40:33.224808,server_4,45.65,52.48516123184975,184.9,283,1.913,running,0,0
2026-04-23 21:41:33.224808,server_2,50.05,39.71426639862232,190.3,301,2.001,running,0,0
2026-04-23 21:42:33.224808,server_2,46.95,64.56672946213662,171.7,239,1.939,running,0,0
2026-04-23 21:43:33.224808,server_4,44.85,74.30354775880507,180.1,267,1.897,running,0,0
2026-04-23 21:44:33.224808,server_2,50.6,63.30832240115188,193.6,312,2.012,running,0,0
2026-04-23 21:45:33.224808,server_4,42.9,53.253751390635365,168.39999999999998,228,1.858,running,0,0
2026-04-23 21:46:33.224808,server_4,48.7,40.53443313493348,203.2,344,1.974,running,0,0
2026-04-23 21:47:33.224808,server_3,57.65,73.47282076923153,193.9,313,2.153,running,0,0
2026-04-23 21:48:33.224808,server_4,45.65,68.01666471812322,184.9,283,1.913,running,0,0
2026-04-23 21:49:33.224808,server_4,39.3,50.00583715977883,146.8,156,1.786,running,0,0
2026-04-23 21:50:33.224808,server_1,41.75,87.66844394030053,182.5,275,1.835,running,0,0
2026-04-23 21:51:33.224808,server_1,42.9,56.9121426077588,189.4,298,1.858,running,0,0
2026-04-23 21:52:33.224808,server_4,45.95,62.87814016623884,186.7,289,1.919,running,0,0
2026-04-23 21:53:33.224808,server_1,36.45,71.92086750987843,150.7,169,1.729,running,0,1
2026-04-23 21:54:33.224808,server_2,51.7,45.92052341741056,200.2,334,2.034,running,0,0
2026-04-23 21:55:33.224808,server_3,53.85,61.05989558612842,171.1,237,2.077,running,0,0
2026-04-23 21:56:33.224808,server_2,48.2,64.34480915317889,179.2,264,1.964,running,0,0
2026-04-23 21:57:33.224808,server_3,55.7,65.07870063201749,182.2,274,2.114,running,0,0
2026-04-23 21:58:33.224808,server_2,49.3,59.35539036216815,185.8,286,1.986,running,0,0
2026-04-23 21:59:33.224808,server_4,48.85,61.67670658908917,204.1,347,1.977,running,0,0
2026-04-23 22:00:33.224808,server_1,36.5,54.26605569187347,151.0,170,1.73,running,0,0
2026-04-23 22:01:33.224808,server_4,44.9,56.48870594053301,180.4,268,1.898,running,0,0
2026-04-23 22:02:33.224808,server_4,43.65,72.26078119176582,172.89999999999998,243,1.873,running,0,0
2026-04-23 22:03:33.224808,server_4,76.85,62.4162553038927,292.1,614,1.937,running,1,1
2026-04-23 22:04:33.224808,server_3,57.4,64.03848432921531,192.4,308,2.148,running,0,0
2026-04-23 22:05:33.224808,server_2,44.9,60.74622021196609,179.7,198,3.9592,running,1,1
2026-04-23 22:06:33.224808,server_1,43.95,60.99955618661142,195.7,319,1.879,running,0,0
2026-04-23 22:07:33.224808,server_3,54.7,75.36513597979652,176.2,254,2.0940000000000003,running,0,0
2026-04-23 22:08:33.224808,server_2,42.0,40.78360241678568,142.0,140,1.84,running,0,0
2026-04-23 22:09:33.224808,server_4,46.45,59.03787232938205,189.7,299,1.929,running,0,0
2026-04-23 22:10:33.224808,server_1,37.9,44.28826286365328,159.4,198,1.758,running,0,0
2026-04-23 22:11:33.224808,server_3,51.9,73.21229097299295,179.7,198,4.0152,running,1,1
2026-04-23 22:12:33.224808,server_4,39.3,54.85385880849353,146.8,156,1.786,running,0,0
2026-04-23 22:13:33.224808,server_4,39.4,56.88764563525302,147.4,158,1.7879999999999998,running,0,0
2026-04-23 22:14:33.224808,server_4,42.45,56.01237121283463,165.7,219,1.849,running,0,0
2026-04-23 22:15:33.224808,server_3,55.55,74.86076274246632,181.3,271,2.111,running,0,0
2026-04-23 22:16:33.224808,server_4,45.05,51.37214544796679,181.3,271,1.901,running,0,0
2026-04-23 22:17:33.224808,server_3,57.5,75.18923975943554,193.0,310,2.15,running,0,0
2026-04-23 22:18:33.224808,server_4,45.9,45.02531448754678,186.4,288,1.918,running,0,0
2026-04-23 22:19:33.224808,server_1,38.2,73.56967687197256,161.2,204,1.764,running,0,0
2026-04-23 22:20:33.224808,server_3,59.25,57.54426489420293,203.5,345,2.185,running,0,0
2026-04-23 22:21:33.224808,server_4,48.55,71.33983798380937,202.3,341,1.971,running,0,0
2026-04-23 22:22:33.224808,server_1,42.1,51.83379122358191,184.6,282,1.842,running,0,0
2026-04-23 22:23:33.224808,server_3,52.6,48.66413194452954,163.6,212,2.052,running,0,0
2026-04-23 22:24:33.224808,server_3,49.45,56.70585331074563,144.7,149,1.989,running,0,0
2026-04-23 22:25:33.224808,server_3,52.35,56.509542160273945,162.1,207,2.047,running,0,0
2026-04-23 22:26:33.224808,server_2,46.75,58.32579046135152,170.5,235,1.935,running,0,0
2026-04-23 22:27:33.224808,server_4,44.65,43.84932811090212,178.89999999999998,263,1.893,running,0,0
2026-04-23 22:28:33.224808,server_1,40.7,38.72126003818336,176.2,254,1.814,running,0,0
2026-04-23 22:29:33.224808,server_1,35.0,70.80997182529357,142.0,140,1.7,running,0,1
2026-04-23 22:30:33.224808,server_4,40.45,63.335059884925904,153.7,179,1.809,running,0,0
2026-04-23 22:31:33.224808,server_4,42.7,60.64565672278241,167.2,224,1.854,running,0,0
2026-04-23 22:32:33.224808,server_3,49.15,54.269039820842586,142.9,143,1.983,running,0,0
2026-04-23 22:33:33.224808,server_2,51.35,71.4100220871465,198.1,327,2.027,running,0,0
2026-04-23 22:34:33.224808,server_3,56.45,58.67184581568151,186.7,289,2.129,running,0,0
2026-04-23 22:35:33.224808,server_2,42.7,57.85349694446499,146.2,154,1.854,running,0,0
2026-04-23 22:36:33.224808,server_4,43.6,61.34940094386922,172.6,242,1.872,running,0,0
2026-04-23 22:37:33.224808,server_4,41.6,66.4970977425526,160.6,202,1.832,running,0,0
2026-04-23 22:38:33.224808,server_2,49.35,59.89283428894786,186.1,287,1.987,running,0,0
2026-04-23 22:39:33.224808,server_3,54.15,49.75438253346217,172.89999999999998,243,2.083,running,0,0
2026-04-23 22:40:33.224808,server_2,42.55,85.25370149745797,145.3,151,1.851,running,0,0
2026-04-23 22:41:33.224808,server_3,50.6,67.88067427195266,151.6,172,2.012,running,0,0
2026-04-23 22:42:33.224808,server_3,56.3,64.4456737139219,185.8,286,2.126,running,0,0
2026-04-23 22:43:33.224808,server_3,55.65,54.78072476374216,181.9,273,2.113,running,0,0
2026-04-23 22:44:33.224808,server_3,52.8,68.64703305245877,164.8,216,2.056,running,0,0
2026-04-23 22:45:33.224808,server_4,39.7,71.34862834799625,149.2,164,1.794,running,0,0
2026-04-23 22:46:33.224808,server_3,56.45,53.188397399557104,186.7,289,2.129,running,0,0
2026-04-23 22:47:33.224808,server_3,53.2,50.584447534131854,167.2,224,2.064,running,0,0
2026-04-23 22:48:33.224808,server_3,54.95,59.64299733674237,177.7,259,2.099,running,0,0
2026-04-23 22:49:33.224808,server_1,40.2,55.10700415041108,173.2,244,1.804,running,0,0
2026-04-23 22:50:33.224808,server_1,35.4,69.4013928240606,144.4,148,1.708,running,0,1
2026-04-23 22:51:33.224808,server_2,42.65,48.75484025505078,145.9,153,1.853,running,0,0
2026-04-23 22:52:33.224808,server_2,44.4,50.87245149294444,156.4,188,1.888,running,0,0
2026-04-23 22:53:33.224808,server_2,47.9,34.44734142970873,177.39999999999998,258,1.958,running,0,0
2026-04-23 22:54:33.224808,server_2,50.15,75.95149622111794,190.9,303,2.003,running,0,0
2026-04-23 22:55:33.224808,server_4,46.85,64.66328332896607,192.1,307,1.937,running,0,0
2026-04-23 22:56:33.224808,server_1,40.35,57.42584002941621,174.1,247,1.807,running,0,0
2026-04-23 22:57:33.224808,server_4,40.65,64.07823000747183,154.9,183,1.813,running,0,0
2026-04-23 22:58:33.224808,server_3,58.2,49.90421925666056,197.2,324,2.164,running,0,0
2026-04-23 22:59:33.224808,server_4,38.7,55.47355934015953,143.2,144,1.774,running,0,0
2026-04-23 23:00:33.224808,server_2,46.75,44.82408283544732,170.5,235,1.935,running,0,0
2026-04-23 23:01:33.224808,server_1,36.75,59.85654317165977,152.5,175,1.735,running,0,0
2026-04-23 23:02:33.224808,server_2,49.9,57.86929605522496,189.4,298,1.998,running,0,0
2026-04-23 23:03:33.224808,server_3,51.15,69.17194497570964,154.9,183,2.023,running,0,0
2026-04-23 23:04:33.224808,server_3,57.6,63.49359137231127,193.6,312,2.152,running,0,0
2026-04-23 23:05:33.224808,server_1,43.75,66.17804249692365,194.5,315,1.875,running,0,0
2026-04-23 23:06:33.224808,server_2,47.35,55.21772232812192,174.1,247,1.947,running,0,0
2026-04-23 23:07:33.224808,server_1,45.150000000000006,39.24040824452359,202.9,343,1.903,running,0,0
2026-04-23 23:08:33.224808,server_2,49.8,65.41358575370512,188.8,296,1.996,running,0,0
2026-04-23 23:09:33.224808,server_1,40.5,50.47376779121071,175.0,250,1.81,running,0,0
2026-04-23 23:10:33.224808,server_3,54.8,58.79050223968155,176.8,256,2.096,running,0,0
2026-04-23 23:11:33.224808,server_4,48.15,66.65027019896326,199.9,333,1.963,running,0,0
2026-04-23 23:12:33.224808,server_3,59.1,56.818742208304194,202.6,342,2.182,running,0,0
2026-04-23 23:13:33.224808,server_3,54.4,65.15412688337257,174.39999999999998,248,2.088,running,0,0
2026-04-23 23:14:33.224808,server_2,46.5,47.34737802409768,169.0,230,1.93,running,0,0
2026-04-23 23:15:33.224808,server_4,46.8,58.44274986459758,191.8,306,1.936,running,0,0
2026-04-23 23:16:33.224808,server_2,43.55,66.34805954343912,151.3,171,1.871,running,0,0
2026-04-23 23:17:33.224808,server_1,37.5,52.91365637994073,178.5,190,3.9000000000000004,running,1,1
2026-04-23 23:18:33.224808,server_4,48.05,53.070851570466345,199.3,331,1.961,running,0,0
2026-04-23 23:19:33.224808,server_4,39.75,54.02892592858804,149.5,165,1.795,running,0,0
2026-04-23 23:20:33.224808,server_2,52.0,64.70980483495923,202.0,340,2.04,running,0,0
2026-04-23 23:21:33.224808,server_2,43.2,64.35213640550177,149.2,164,1.864,running,0,0
2026-04-23 23:22:33.224808,server_2,73.35,43.26884332646618,250.1,334,1.867,running,1,1
2026-04-23 23:23:33.224808,server_2,43.35,58.380857264470414,150.1,167,1.867,running,0,0
2026-04-23 23:24:33.224808,server_4,45.5,57.15477009475343,184.0,280,1.91,running,0,0
2026-04-23 23:25:33.224808,server_1,39.5,61.23131859277496,169.0,230,1.79,running,0,0
2026-04-23 23:26:33.224808,server_2,44.2,56.99621768118069,155.2,184,1.884,running,0,0
2026-04-23 23:27:33.224808,server_1,39.5,63.5388757056482,169.0,230,1.79,running,0,0
2026-04-23 23:28:33.224808,server_4,48.9,71.54450096182634,204.4,348,1.978,running,0,0
2026-04-23 23:29:33.224808,server_3,53.4,46.2238338500954,168.39999999999998,228,2.068,running,0,0
2026-04-23 23:30:33.224808,server_2,49.7,59.16999341837537,188.2,294,1.994,running,0,0
2026-04-23 23:31:33.224808,server_3,57.4,62.65032423895866,192.4,308,2.148,running,0,0
2026-04-23 23:32:33.224808,server_2,51.05,63.56166226285182,196.3,321,2.021,running,0,0
2026-04-23 23:33:33.224808,server_2,51.2,47.92226863675538,197.2,324,2.024,running,0,0
2026-04-23 23:34:33.224808,server_4,44.55,73.10790430304266,178.3,261,1.891,running,0,0
2026-04-23 23:35:33.224808,server_1,41.05,51.76489662913154,178.3,261,1.821,running,0,0
2026-04-23 23:36:33.224808,server_1,44.8,71.76012591445021,200.4,336,3.9584000000000006,running,1,1
2026-04-23 23:37:33.224808,server_4,38.7,65.5407755351154,143.2,144,1.774,running,0,0
2026-04-23 23:38:33.224808,server_2,47.35,64.75310220266687,174.1,247,1.947,running,0,0
2026-04-23 23:39:33.224808,server_1,35.4,46.23387194123532,144.4,148,1.708,running,0,1
2026-04-23 23:40:33.224808,server_3,56.75,67.4511112496409,188.5,295,2.135,running,0,0
2026-04-23 23:41:33.224808,server_2,46.1,63.19490340925659,166.6,222,1.922,running,0,0
2026-04-23 23:42:33.224808,server_2,51.55,60.68332565980689,199.3,331,2.031,running,0,0
2026-04-23 23:43:33.224808,server_1,42.3,53.32354720822729,185.8,286,1.846,running,0,0
2026-04-23 23:44:33.224808,server_2,48.5,58.50181420459568,181.0,270,1.97,running,0,0
2026-04-23 23:45:33.224808,server_4,38.7,58.2125898652856,143.2,144,1.774,running,0,0
2026-04-23 23:46:33.224808,server_2,45.65,73.92590041846564,163.9,213,1.913,running,0,0
2026-04-23 23:47:33.224808,server_3,58.650000000000006,52.263003878799296,199.9,333,2.173,running,0,0
2026-04-23 23:48:33.224808,server_2,47.55,62.59402359019418,175.3,251,1.951,running,0,0
2026-04-23 23:49:33.224808,server_4,45.0,58.548192375624645,181.0,270,1.9,running,0,0
2026-04-23 23:50:33.224808,server_3,55.15,61.539232434284585,178.89999999999998,263,2.103,running,0,0
2026-04-23 23:51:33.224808,server_1,41.3,56.11857620703795,179.8,266,1.826,running,0,0
2026-04-23 23:52:33.224808,server_1,39.4,60.54048509887885,168.39999999999998,228,1.7879999999999998,running,0,0
2026-04-23 23:53:33.224808,server_4,39.35,60.13419002160919,147.1,157,1.787,running,0,0
2026-04-23 23:54:33.224808,server_3,55.5,59.01316270349426,181.0,270,2.1100000000000003,running,0,0
2026-04-23 23:55:33.224808,server_4,44.15,66.58276409219206,175.89999999999998,253,1.883,running,0,0
2026-04-23 23:56:33.224808,server_1,38.3,62.629869433996845,161.8,206,1.766,running,0,0
2026-04-23 23:57:33.224808,server_4,41.05,52.32162411922144,157.3,191,1.821,running,0,0
2026-04-23 23:58:33.224808,server_2,48.85,82.48320958890278,183.1,277,1.977,running,0,0
2026-04-23 23:59:33.224808,server_3,53.4,60.782313679972745,168.39999999999998,228,2.068,running,0,0
2026-04-24 00:00:33.224808,server_3,58.35,49.46575382621002,198.1,327,2.167,running,0,0
2026-04-24 00:01:33.224808,server_2,42.5,39.59781235706045,145.0,150,1.85,running,0,0
