timestamp,cpu_usage,api_latency,error_rate,disk_io
2026-04-24 17:50:12.486559,90,591,16.08096853626005,257
2026-04-24 17:51:12.486559,55,360,18.160093288820182,400
2026-04-24 17:52:12.486559,73,419,18.875954664151298,449
2026-04-24 17:53:12.486559,58,224,19.851330109457106,285
2026-04-24 17:54:12.486559,63,411,2.7172566679207244,481
2026-04-24 17:55:12.486559,78,458,15.550938966919514,424
2026-04-24 17:56:12.486559,81,561,6.19229392902624,402
2026-04-24 17:57:12.486559,52,249,19.31650656754058,157
2026-04-24 17:58:12.486559,58,588,10.619835755270131,147
2026-04-24 17:59:12.486559,52,580,19.352265102541175,328
2026-04-24 18:00:12.486559,72,405,8.972158832270296,398
2026-04-24 18:01:12.486559,80,273,10.67537452925135,261
2026-04-24 18:02:12.486559,64,184,5.396640735771117,317
2026-04-24 18:03:12.486559,77,490,14.175894791183392,437
2026-04-24 18:04:12.486559,95,272,16.29515000389943,450
2026-04-24 18:05:12.486559,41,441,2.3966992958830713,434
2026-04-24 18:06:12.486559,47,556,16.061879471321618,330
2026-04-24 18:07:12.486559,72,339,14.647812684673735,392
2026-04-24 18:08:12.486559,84,159,14.200068002138995,335
2026-04-24 18:09:12.486559,59,379,15.729697390613806,297
2026-04-24 18:10:12.486559,71,547,5.869451443264251,345
2026-04-24 18:11:12.486559,54,492,17.95995792681999,298
2026-04-24 18:12:12.486559,68,535,18.134554717649635,349
2026-04-24 18:13:12.486559,46,263,7.592054063513903,248
2026-04-24 18:14:12.486559,49,548,17.429358168784475,337
2026-04-24 18:15:12.486559,66,583,1.2998541461143631,179
2026-04-24 18:16:12.486559,92,495,19.74347789403028,438
2026-04-24 18:17:12.486559,48,297,7.263636698728353,176
2026-04-24 18:18:12.486559,72,409,19.27299693114023,367
2026-04-24 18:19:12.486559,69,248,12.205844723797824,435
2026-04-24 18:20:12.486559,81,388,9.592276014359882,244
2026-04-24 18:21:12.486559,84,545,10.184752313944344,253
2026-04-24 18:22:12.486559,84,589,5.4028362541268375,318
2026-04-24 18:23:12.486559,40,287,13.653535949726683,179
2026-04-24 18:24:12.486559,56,574,16.992474659440923,406
2026-04-24 18:25:12.486559,44,538,14.325560161675988,361
2026-04-24 18:26:12.486559,48,467,10.985652128922501,245
2026-04-24 18:27:12.486559,82,327,13.740945946984013,462
2026-04-24 18:28:12.486559,65,427,8.987757171793238,251
2026-04-24 18:29:12.486559,62,185,6.25924424900875,107
2026-04-24 18:30:12.486559,75,489,8.908606932303915,482
2026-04-24 18:31:12.486559,93,247,4.396385891344588,486
2026-04-24 18:32:12.486559,57,451,16.463236706820158,148
2026-04-24 18:33:12.486559,59,157,17.290423588111594,425
2026-04-24 18:34:12.486559,41,295,2.574522039677374,475
2026-04-24 18:35:12.486559,97,201,14.28808212251814,298
2026-04-24 18:36:12.486559,91,300,1.5313497479264693,273
2026-04-24 18:37:12.486559,78,555,12.683910171345659,371
2026-04-24 18:38:12.486559,93,252,1.0446947710263044,333
2026-04-24 18:39:12.486559,78,242,6.441756371759471,184
2026-04-24 18:40:12.486559,42,569,19.94427730752429,314
2026-04-24 18:41:12.486559,79,519,12.294762396929302,130
2026-04-24 18:42:12.486559,66,222,9.528647972690013,467
2026-04-24 18:43:12.486559,69,237,9.838011369449308,212
2026-04-24 18:44:12.486559,96,438,0.7628750037916276,475
2026-04-24 18:45:12.486559,40,379,18.936031877577488,302
2026-04-24 18:46:12.486559,47,440,8.05315803740095,299
2026-04-24 18:47:12.486559,62,563,18.6435816243726,376
2026-04-24 18:48:12.486559,82,287,17.619560991417693,227
2026-04-24 18:49:12.486559,50,293,1.918254557233705,298
2026-04-24 18:50:12.486559,97,366,18.091221649997166,193
2026-04-24 18:51:12.486559,70,236,12.884266052718623,117
2026-04-24 18:52:12.486559,82,214,3.6968721996842335,144
2026-04-24 18:53:12.486559,41,577,8.637950938263623,297
2026-04-24 18:54:12.486559,63,391,15.01624901247196,326
2026-04-24 18:55:12.486559,72,527,16.793009057670332,393
2026-04-24 18:56:12.486559,71,268,18.60535714242349,211
2026-04-24 18:57:12.486559,53,251,16.562752056818358,139
2026-04-24 18:58:12.486559,81,381,4.367082444598553,293
2026-04-24 18:59:12.486559,77,479,15.689930146198387,474
2026-04-24 19:00:12.486559,80,540,13.345485298505773,386
2026-04-24 19:01:12.486559,57,391,12.69174199017428,477
2026-04-24 19:02:12.486559,82,458,11.555396562775424,127
2026-04-24 19:03:12.486559,61,525,7.669705687255206,425
2026-04-24 19:04:12.486559,48,393,7.147028744181618,192
2026-04-24 19:05:12.486559,82,558,12.755290162106451,383
2026-04-24 19:06:12.486559,65,305,12.897430765774516,335
2026-04-24 19:07:12.486559,84,195,7.972119062443994,470
2026-04-24 19:08:12.486559,92,381,12.4742135417387,266
2026-04-24 19:09:12.486559,97,162,16.568769816009453,188
2026-04-24 19:10:12.486559,59,442,10.343570900115402,471
2026-04-24 19:11:12.486559,53,550,12.144098401349076,447
2026-04-24 19:12:12.486559,59,427,10.509710232329274,219
2026-04-24 19:13:12.486559,52,403,0.08007340693204412,243
2026-04-24 19:14:12.486559,54,499,1.4340608998250937,330
2026-04-24 19:15:12.486559,47,188,11.883029478486723,286
2026-04-24 19:16:12.486559,40,375,12.30771729423731,132
2026-04-24 19:17:12.486559,75,460,17.466199393374612,440
2026-04-24 19:18:12.486559,84,327,15.132404888989011,367
2026-04-24 19:19:12.486559,74,390,4.758140383107962,415
2026-04-24 19:20:12.486559,48,521,10.494725304675374,117
2026-04-24 19:21:12.486559,80,347,17.734823729309323,416
2026-04-24 19:22:12.486559,55,159,11.11033557825198,488
2026-04-24 19:23:12.486559,90,483,10.665669162316446,252
2026-04-24 19:24:12.486559,48,252,19.84623129935263,442
2026-04-24 19:25:12.486559,63,448,2.607641037759092,306
2026-04-24 19:26:12.486559,41,517,19.51503768811361,112
2026-04-24 19:27:12.486559,57,510,18.31389139465144,260
2026-04-24 19:28:12.486559,55,408,11.915675241908911,402
2026-04-24 19:29:12.486559,53,293,4.21038460002404,298
2026-04-24 19:30:12.486559,55,193,10.076589269056528,223
2026-04-24 19:31:12.486559,68,402,13.765637816732507,248
2026-04-24 19:32:12.486559,77,263,19.952355274314606,307
2026-04-24 19:33:12.486559,69,422,7.988849507133651,167
2026-04-24 19:34:12.486559,80,227,18.4513651364081,198
2026-04-24 19:35:12.486559,50,407,5.485652549719637,331
2026-04-24 19:36:12.486559,62,283,1.275723141427838,160
2026-04-24 19:37:12.486559,74,458,10.260894620214012,202
2026-04-24 19:38:12.486559,63,288,12.921497092367337,277
2026-04-24 19:39:12.486559,65,243,1.66818188628868,433
2026-04-24 19:40:12.486559,66,432,16.919333121640285,128
2026-04-24 19:41:12.486559,82,200,4.223419269763999,123
2026-04-24 19:42:12.486559,77,134,0.1912766843427094,169
2026-04-24 19:43:12.486559,56,509,2.979079700948948,206
2026-04-24 19:44:12.486559,71,256,17.970175021205407,293
2026-04-24 19:45:12.486559,62,117,19.082343661527737,497
2026-04-24 19:46:12.486559,42,207,3.609037494632239,382
2026-04-24 19:47:12.486559,61,297,15.040299730480957,360
2026-04-24 19:48:12.486559,57,564,2.32787439624057,477
2026-04-24 19:49:12.486559,55,511,18.6530335960831,108
2026-04-24 19:50:12.486559,62,381,5.082580725888349,259
2026-04-24 19:51:12.486559,48,564,16.375792326458217,392
2026-04-24 19:52:12.486559,66,105,12.312919587734822,238
2026-04-24 19:53:12.486559,73,362,8.54900733828557,359
2026-04-24 19:54:12.486559,73,461,2.1086329061927533,248
2026-04-24 19:55:12.486559,79,196,11.382600150173648,260
2026-04-24 19:56:12.486559,46,414,8.728079985101449,293
2026-04-24 19:57:12.486559,44,555,2.519676860394433,453
2026-04-24 19:58:12.486559,96,159,7.574195270588435,491
2026-04-24 19:59:12.486559,42,590,6.538675183658094,332
2026-04-24 20:00:12.486559,66,303,0.9180970841029334,171
2026-04-24 20:01:12.486559,71,161,9.09480220787591,492
2026-04-24 20:02:12.486559,78,159,6.875363642675795,203
2026-04-24 20:03:12.486559,46,401,18.073372232333035,216
2026-04-24 20:04:12.486559,47,533,17.23050670032953,403
2026-04-24 20:05:12.486559,46,391,18.301483244979497,172
2026-04-24 20:06:12.486559,62,434,19.464792750651213,266
2026-04-24 20:07:12.486559,60,444,17.89853038332611,429
2026-04-24 20:08:12.486559,60,194,6.171056324573298,191
2026-04-24 20:09:12.486559,70,165,5.958036111562124,120
2026-04-24 20:10:12.486559,77,238,5.115294988597114,245
2026-04-24 20:11:12.486559,62,591,6.993175205089457,129
2026-04-24 20:12:12.486559,62,277,11.759543872266105,284
2026-04-24 20:13:12.486559,92,225,18.00108407072853,226
2026-04-24 20:14:12.486559,80,568,9.791957601167681,251
2026-04-24 20:15:12.486559,63,379,11.111977170630396,158
2026-04-24 20:16:12.486559,47,281,2.003114894959266,425
2026-04-24 20:17:12.486559,62,359,12.981902615771396,145
2026-04-24 20:18:12.486559,72,535,16.21213357977005,350
2026-04-24 20:19:12.486559,47,516,6.899671003919082,477
2026-04-24 20:20:12.486559,69,361,8.773143446795903,471
2026-04-24 20:21:12.486559,66,410,7.453111946569266,265
2026-04-24 20:22:12.486559,96,119,18.976053380373223,454
2026-04-24 20:23:12.486559,60,508,14.25369284151017,210
2026-04-24 20:24:12.486559,66,252,11.77140186501985,187
2026-04-24 20:25:12.486559,64,446,18.829298173261346,309
2026-04-24 20:26:12.486559,70,178,8.96866930019517,269
2026-04-24 20:27:12.486559,72,253,11.814928289715528,429
2026-04-24 20:28:12.486559,63,448,3.782891471549852,430
2026-04-24 20:29:12.486559,90,305,7.619094257539416,210
2026-04-24 20:30:12.486559,74,155,18.680567210339834,137
2026-04-24 20:31:12.486559,58,472,14.780660869063041,135
2026-04-24 20:32:12.486559,83,562,13.274583191090661,454
2026-04-24 20:33:12.486559,63,136,2.9072270173858406,322
2026-04-24 20:34:12.486559,92,491,17.845953388618415,317
2026-04-24 20:35:12.486559,58,285,12.858849936602967,126
2026-04-24 20:36:12.486559,65,362,16.605179727382748,202
2026-04-24 20:37:12.486559,46,379,17.175493570112373,164
2026-04-24 20:38:12.486559,40,578,19.10841909077746,179
2026-04-24 20:39:12.486559,51,503,17.002207545211423,478
2026-04-24 20:40:12.486559,97,541,13.35217303895957,417
2026-04-24 20:41:12.486559,70,319,0.42323872462224577,148
2026-04-24 20:42:12.486559,76,441,17.31625660026147,257
2026-04-24 20:43:12.486559,71,433,19.15161051886831,257
2026-04-24 20:44:12.486559,48,572,0.7634390684624726,120
2026-04-24 20:45:12.486559,55,404,7.230091830655921,352
2026-04-24 20:46:12.486559,44,429,3.9320655511200076,130
2026-04-24 20:47:12.486559,46,528,4.981224249963391,113
2026-04-24 20:48:12.486559,62,377,17.480374184011495,461
2026-04-24 20:49:12.486559,95,260,19.252853182455247,400
2026-04-24 20:50:12.486559,50,236,0.7493411764708324,146
2026-04-24 20:51:12.486559,65,320,17.30229167367418,165
2026-04-24 20:52:12.486559,77,486,14.95717948686692,256
2026-04-24 20:53:12.486559,76,155,18.42520923423747,254
2026-04-24 20:54:12.486559,42,115,3.6054822437442358,254
2026-04-24 20:55:12.486559,49,420,0.2646838246697647,403
2026-04-24 20:56:12.486559,61,371,16.63041706791099,246
2026-04-24 20:57:12.486559,46,173,10.688143034558985,230
2026-04-24 20:58:12.486559,78,557,2.723823091018196,216
2026-04-24 20:59:12.486559,68,591,7.661163657492683,204
2026-04-24 21:00:12.486559,65,280,2.57826407491645,474
2026-04-24 21:01:12.486559,66,447,16.006805861373156,415
2026-04-24 21:02:12.486559,98,253,15.564292382328937,417
2026-04-24 21:03:12.486559,81,449,15.693027374502822,459
2026-04-24 21:04:12.486559,60,417,14.702425842009106,141
2026-04-24 21:05:12.486559,47,399,7.989475798544465,473
2026-04-24 21:06:12.486559,69,304,15.93079317698054,397
2026-04-24 21:07:12.486559,77,265,11.031783349536449,316
2026-04-24 21:08:12.486559,61,531,11.071787949235505,490
2026-04-24 21:09:12.486559,48,215,10.838542622739558,469
2026-04-24 21:10:12.486559,64,497,13.422786279750834,464
2026-04-24 21:11:12.486559,59,480,10.76555310266901,412
2026-04-24 21:12:12.486559,67,278,3.4637965630010448,226
2026-04-24 21:13:12.486559,63,423,19.090333907334298,108
2026-04-24 21:14:12.486559,69,303,13.17150044236209,210
2026-04-24 21:15:12.486559,75,359,8.234686091878684,485
2026-04-24 21:16:12.486559,57,310,3.702722609878235,146
2026-04-24 21:17:12.486559,79,422,4.609962907246603,238
2026-04-24 21:18:12.486559,64,105,12.761750207711213,329
2026-04-24 21:19:12.486559,69,352,12.068713947407264,237
2026-04-24 21:20:12.486559,70,192,1.5157580567557671,369
2026-04-24 21:21:12.486559,46,333,8.503171377313345,114
2026-04-24 21:22:12.486559,55,355,11.935140336571145,104
2026-04-24 21:23:12.486559,60,389,7.065618349849487,367
2026-04-24 21:24:12.486559,66,211,19.81591608284679,182
2026-04-24 21:25:12.486559,60,134,8.81865678666964,271
2026-04-24 21:26:12.486559,99,448,7.379205873038501,118
2026-04-24 21:27:12.486559,48,514,18.176352780962432,352
2026-04-24 21:28:12.486559,74,174,5.2282486136206945,317
2026-04-24 21:29:12.486559,84,233,15.007273186595466,365
2026-04-24 21:30:12.486559,43,271,1.1292534745590044,360
2026-04-24 21:31:12.486559,97,372,12.094719254651828,163
2026-04-24 21:32:12.486559,82,475,16.64650547553837,392
2026-04-24 21:33:12.486559,64,411,16.625484063370443,173
2026-04-24 21:34:12.486559,79,357,11.026126332290984,407
2026-04-24 21:35:12.486559,43,221,8.19920127450807,337
2026-04-24 21:36:12.486559,75,471,15.471934783593017,173
2026-04-24 21:37:12.486559,53,439,14.80471631647858,125
2026-04-24 21:38:12.486559,54,584,19.710407744267876,332
2026-04-24 21:39:12.486559,40,281,4.636015163096716,338
2026-04-24 21:40:12.486559,76,130,1.2343931712909728,189
2026-04-24 21:41:12.486559,71,254,11.54695352068212,128
2026-04-24 21:42:12.486559,80,488,2.331079726029057,480
2026-04-24 21:43:12.486559,47,430,8.744522302151626,133
2026-04-24 21:44:12.486559,65,282,2.337052969630742,122
2026-04-24 21:45:12.486559,47,428,15.109098048966434,304
2026-04-24 21:46:12.486559,58,506,13.176163622822916,242
2026-04-24 21:47:12.486559,75,406,5.069752036022804,220
2026-04-24 21:48:12.486559,62,210,0.20860925443442646,153
2026-04-24 21:49:12.486559,68,508,1.403910178593919,218
2026-04-24 21:50:12.486559,70,301,12.743811943932126,296
2026-04-24 21:51:12.486559,81,480,11.470941226342568,418
2026-04-24 21:52:12.486559,52,403,14.193643245735892,319
2026-04-24 21:53:12.486559,60,591,14.599273086938432,425
2026-04-24 21:54:12.486559,69,176,4.915221674600727,456
2026-04-24 21:55:12.486559,49,231,5.863426690638374,306
2026-04-24 21:56:12.486559,69,400,19.11487398934416,424
2026-04-24 21:57:12.486559,62,573,9.879875119525172,338
2026-04-24 21:58:12.486559,91,200,16.95001692911623,462
2026-04-24 21:59:12.486559,61,586,5.724075451846189,145
2026-04-24 22:00:12.486559,52,151,14.088146202220662,404
2026-04-24 22:01:12.486559,41,235,14.794353939204177,247
2026-04-24 22:02:12.486559,71,185,14.222681310791895,487
2026-04-24 22:03:12.486559,76,527,0.6779379797570506,423
2026-04-24 22:04:12.486559,73,457,13.585233605811801,480
2026-04-24 22:05:12.486559,76,385,11.235755275622735,417
2026-04-24 22:06:12.486559,71,394,6.695924439198668,104
2026-04-24 22:07:12.486559,70,529,17.299446869087863,367
2026-04-24 22:08:12.486559,96,161,2.6834689207557028,443
2026-04-24 22:09:12.486559,95,328,16.38457894976957,145
2026-04-24 22:10:12.486559,65,164,7.575982601274836,493
2026-04-24 22:11:12.486559,79,521,9.496958161751277,209
2026-04-24 22:12:12.486559,98,117,5.222285766929737,342
2026-04-24 22:13:12.486559,50,126,16.511114253524923,432
2026-04-24 22:14:12.486559,57,399,10.775084736269687,179
2026-04-24 22:15:12.486559,65,260,2.463358885361562,178
2026-04-24 22:16:12.486559,73,193,9.329294761468397,223
2026-04-24 22:17:12.486559,58,567,13.852037473924977,338
2026-04-24 22:18:12.486559,65,272,9.337395665014267,451
2026-04-24 22:19:12.486559,74,237,10.372934568214408,116
2026-04-24 22:20:12.486559,70,304,16.94250244533225,144
2026-04-24 22:21:12.486559,57,367,4.322891639120378,123
2026-04-24 22:22:12.486559,62,364,14.85796510871933,268
2026-04-24 22:23:12.486559,41,522,9.481318177301823,156
2026-04-24 22:24:12.486559,97,474,7.72838319116782,242
2026-04-24 22:25:12.486559,53,354,11.52347755884362,180
2026-04-24 22:26:12.486559,51,585,7.23163361431059,453
2026-04-24 22:27:12.486559,64,103,2.554272222863161,180
2026-04-24 22:28:12.486559,56,361,2.5865493556240904,176
2026-04-24 22:29:12.486559,43,498,5.4686705214914255,451
2026-04-24 22:30:12.486559,81,320,2.2688827223103325,309
2026-04-24 22:31:12.486559,41,258,14.843859089020954,278
2026-04-24 22:32:12.486559,60,463,18.357891163163064,140
2026-04-24 22:33:12.486559,57,496,7.402717479085997,235
2026-04-24 22:34:12.486559,72,457,12.915506466866107,104
2026-04-24 22:35:12.486559,94,126,13.708104227272369,228
2026-04-24 22:36:12.486559,68,574,7.160780672788856,432
2026-04-24 22:37:12.486559,62,509,14.670064580538236,291
2026-04-24 22:38:12.486559,48,526,0.10705733836265496,287
2026-04-24 22:39:12.486559,64,563,19.416540168038285,440
2026-04-24 22:40:12.486559,54,387,7.063752654710935,395
2026-04-24 22:41:12.486559,68,228,16.998027394390185,356
2026-04-24 22:42:12.486559,65,274,9.932259696323854,309
2026-04-24 22:43:12.486559,64,461,6.193456464351474,106
2026-04-24 22:44:12.486559,82,281,14.413914837605233,110
2026-04-24 22:45:12.486559,90,482,13.52005426262226,341
2026-04-24 22:46:12.486559,49,440,14.51499459684332,353
2026-04-24 22:47:12.486559,77,435,14.593779763263345,146
2026-04-24 22:48:12.486559,74,374,17.286400661285747,132
2026-04-24 22:49:12.486559,55,569,0.1730353549057595,245
2026-04-24 22:50:12.486559,47,341,17.597034047764165,252
2026-04-24 22:51:12.486559,74,157,14.1897526442268,457
2026-04-24 22:52:12.486559,80,520,17.738147905183702,443
2026-04-24 22:53:12.486559,57,272,0.5741853900452054,386
2026-04-24 22:54:12.486559,90,225,16.765924005419738,101
2026-04-24 22:55:12.486559,51,321,11.893928126834863,332
2026-04-24 22:56:12.486559,79,260,8.586620579528656,271
2026-04-24 22:57:12.486559,98,327,16.417277282137995,358
2026-04-24 22:58:12.486559,94,444,5.823317509051638,209
2026-04-24 22:59:12.486559,55,401,7.571929981416787,210
2026-04-24 23:00:12.486559,64,464,3.3438713913938845,297
2026-04-24 23:01:12.486559,46,561,17.8244034114103,482
2026-04-24 23:02:12.486559,67,104,13.404012241444681,371
2026-04-24 23:03:12.486559,58,357,17.661913045682358,198
2026-04-24 23:04:12.486559,50,117,11.942120786696606,485
2026-04-24 23:05:12.486559,62,329,15.448528769282339,430
2026-04-24 23:06:12.486559,72,417,1.391817765088943,409
2026-04-24 23:07:12.486559,60,358,16.07347630334573,392
2026-04-24 23:08:12.486559,51,341,1.5745884904564988,201
2026-04-24 23:09:12.486559,79,174,8.986510604713018,425
2026-04-24 23:10:12.486559,80,258,8.08822345665266,365
2026-04-24 23:11:12.486559,70,536,15.186689300716331,360
2026-04-24 23:12:12.486559,62,315,1.8844122019379372,226
2026-04-24 23:13:12.486559,62,170,8.028867117511949,141
2026-04-24 23:14:12.486559,47,434,8.505187528983347,124
2026-04-24 23:15:12.486559,99,366,0.18490443579354254,118
2026-04-24 23:16:12.486559,64,272,9.587535669508018,338
2026-04-24 23:17:12.486559,53,315,4.0128250824669625,330
2026-04-24 23:18:12.486559,51,208,7.1610255852384235,368
2026-04-24 23:19:12.486559,62,292,19.361839536257275,139
2026-04-24 23:20:12.486559,54,223,4.166777905572843,490
2026-04-24 23:21:12.486559,52,590,0.4261638017159841,474
2026-04-24 23:22:12.486559,72,111,15.327398978802263,207
2026-04-24 23:23:12.486559,81,141,4.686701907526018,310
2026-04-24 23:24:12.486559,41,314,17.132005283273656,116
2026-04-24 23:25:12.486559,45,455,10.536977737398196,373
2026-04-24 23:26:12.486559,72,531,16.340204056145705,199
2026-04-24 23:27:12.486559,65,531,15.927503393593256,390
2026-04-24 23:28:12.486559,99,187,18.488873056073288,140
2026-04-24 23:29:12.486559,54,415,18.895388735628952,265
2026-04-24 23:30:12.486559,81,543,2.6727674928723344,474
2026-04-24 23:31:12.486559,49,426,6.761626241294028,334
2026-04-24 23:32:12.486559,41,340,14.122565363594578,303
2026-04-24 23:33:12.486559,76,482,6.551195298634884,336
2026-04-24 23:34:12.486559,56,392,2.2221252345990616,366
2026-04-24 23:35:12.486559,44,405,18.112253871811927,115
2026-04-24 23:36:12.486559,66,215,19.05295943530866,116
2026-04-24 23:37:12.486559,54,446,0.9440871940276141,126
2026-04-24 23:38:12.486559,44,159,14.032968899187399,323
2026-04-24 23:39:12.486559,98,423,4.879181539501021,482
2026-04-24 23:40:12.486559,41,302,18.927694933879675,246
2026-04-24 23:41:12.486559,44,547,9.246528555748977,484
2026-04-24 23:42:12.486559,61,477,8.971596914321749,246
2026-04-24 23:43:12.486559,77,116,0.9083267521646676,288
2026-04-24 23:44:12.486559,96,522,6.118544913659236,133
2026-04-24 23:45:12.486559,79,367,5.117493639931297,162
2026-04-24 23:46:12.486559,67,484,3.5740706309261827,470
2026-04-24 23:47:12.486559,60,520,18.874127403964387,327
2026-04-24 23:48:12.486559,71,479,0.563668616131956,364
2026-04-24 23:49:12.486559,55,265,17.88959689706899,293
2026-04-24 23:50:12.486559,45,498,7.878722234525903,207
2026-04-24 23:51:12.486559,52,146,4.156132533331947,308
2026-04-24 23:52:12.486559,46,413,9.099314297025014,402
2026-04-24 23:53:12.486559,72,435,1.3020905714405262,190
2026-04-24 23:54:12.486559,62,335,7.63320966430747,242
2026-04-24 23:55:12.486559,40,584,13.125474525448437,467
2026-04-24 23:56:12.486559,63,434,6.406881121695465,498
2026-04-24 23:57:12.486559,67,302,5.583357631520752,398
2026-04-24 23:58:12.486559,59,544,3.069284181289198,362
2026-04-24 23:59:12.486559,74,431,19.60202028764374,347
2026-04-25 00:00:12.486559,50,438,18.776830023966458,270
2026-04-25 00:01:12.486559,44,365,11.104695692603386,418
2026-04-25 00:02:12.486559,79,100,7.427754704290761,272
2026-04-25 00:03:12.486559,92,172,13.038168582468026,240
2026-04-25 00:04:12.486559,82,156,6.816564202087678,438
2026-04-25 00:05:12.486559,59,484,18.73435044431185,418
2026-04-25 00:06:12.486559,63,124,14.895492411328439,118
2026-04-25 00:07:12.486559,79,204,1.3320431934946675,249
2026-04-25 00:08:12.486559,52,335,17.05825943626479,101
2026-04-25 00:09:12.486559,58,274,11.663798290824229,174
2026-04-25 00:10:12.486559,44,335,17.534279681290727,418
2026-04-25 00:11:12.486559,90,234,12.82386061653185,389
2026-04-25 00:12:12.486559,64,337,13.578418932606265,248
2026-04-25 00:13:12.486559,58,370,19.495948330433738,261
2026-04-25 00:14:12.486559,77,524,0.9136488345886318,217
2026-04-25 00:15:12.486559,62,139,17.572313161644924,367
2026-04-25 00:16:12.486559,71,504,3.9024349281854587,474
2026-04-25 00:17:12.486559,47,566,19.21628933109726,457
2026-04-25 00:18:12.486559,80,300,13.93463111679475,394
2026-04-25 00:19:12.486559,60,215,17.862563412860705,480
2026-04-25 00:20:12.486559,58,445,19.253507615661647,210
2026-04-25 00:21:12.486559,59,514,4.816459763381145,426
2026-04-25 00:22:12.486559,71,438,13.574752653912965,245
2026-04-25 00:23:12.486559,60,248,16.63849426522953,129
2026-04-25 00:24:12.486559,82,318,13.550368708733252,327
2026-04-25 00:25:12.486559,98,252,8.562227696935196,357
2026-04-25 00:26:12.486559,57,316,1.9045261118760104,474
2026-04-25 00:27:12.486559,43,145,14.922007084723104,321
2026-04-25 00:28:12.486559,83,203,18.08519707722265,470
2026-04-25 00:29:12.486559,51,365,9.261705720236382,413
2026-04-25 00:30:12.486559,64,187,9.128545077535993,159
2026-04-25 00:31:12.486559,73,494,13.44061427648623,454
2026-04-25 00:32:12.486559,83,462,17.873730722204723,466
2026-04-25 00:33:12.486559,48,418,10.20416699747374,329
2026-04-25 00:34:12.486559,82,463,16.097582448522125,474
2026-04-25 00:35:12.486559,91,477,13.174569982202026,329
2026-04-25 00:36:12.486559,44,155,18.433879249216318,103
2026-04-25 00:37:12.486559,70,531,8.386916043537294,296
2026-04-25 00:38:12.486559,69,173,5.501226258073155,386
2026-04-25 00:39:12.486559,62,205,0.47159363163908674,363
2026-04-25 00:40:12.486559,55,513,12.778109547690438,128
2026-04-25 00:41:12.486559,64,220,14.919112700638557,142
2026-04-25 00:42:12.486559,74,362,15.185291024985773,301
2026-04-25 00:43:12.486559,52,420,19.799202908092944,395
2026-04-25 00:44:12.486559,96,117,10.120267622730672,204
2026-04-25 00:45:12.486559,77,462,11.352976941499007,127
2026-04-25 00:46:12.486559,43,468,8.987556494666986,258
2026-04-25 00:47:12.486559,59,214,0.5624951564112934,112
2026-04-25 00:48:12.486559,67,584,14.326281541483594,413
2026-04-25 00:49:12.486559,45,328,13.61637179923666,375
2026-04-25 00:50:12.486559,46,494,13.291985871566933,192
2026-04-25 00:51:12.486559,67,368,15.23151260316294,227
2026-04-25 00:52:12.486559,59,530,14.131843708041822,408
2026-04-25 00:53:12.486559,52,549,12.399247269687674,198
2026-04-25 00:54:12.486559,65,546,11.742777843420244,228
2026-04-25 00:55:12.486559,47,482,13.944299811437944,445
2026-04-25 00:56:12.486559,73,334,9.791414095013886,364
2026-04-25 00:57:12.486559,82,445,17.082264442467398,419
2026-04-25 00:58:12.486559,48,491,6.648882140626808,267
2026-04-25 00:59:12.486559,45,329,7.752987669489366,186
2026-04-25 01:00:12.486559,62,462,11.500067959563525,193
2026-04-25 01:01:12.486559,99,342,6.414695454120767,138
2026-04-25 01:02:12.486559,52,576,15.553741905746389,203
2026-04-25 01:03:12.486559,61,437,6.619427852026146,371
2026-04-25 01:04:12.486559,84,526,11.523113380214244,408
2026-04-25 01:05:12.486559,98,487,18.748670585043506,118
2026-04-25 01:06:12.486559,78,524,3.239277778735987,295
2026-04-25 01:07:12.486559,98,214,3.8454321551248194,294
2026-04-25 01:08:12.486559,74,146,12.790559056609773,437
2026-04-25 01:09:12.486559,78,152,16.17772795489013,270
2026-04-25 01:10:12.486559,53,542,8.28027760954294,367
2026-04-25 01:11:12.486559,54,519,2.1964488918157477,318
2026-04-25 01:12:12.486559,91,460,2.469547996383603,145
2026-04-25 01:13:12.486559,94,142,13.402978258731842,310
2026-04-25 01:14:12.486559,75,437,13.483330992216938,360
2026-04-25 01:15:12.486559,95,412,1.8374678159609337,463
2026-04-25 01:16:12.486559,80,291,13.706006194634607,386
2026-04-25 01:17:12.486559,43,453,2.543513770552064,381
2026-04-25 01:18:12.486559,48,270,19.28676983012537,475
2026-04-25 01:19:12.486559,61,595,10.784767065745399,290
2026-04-25 01:20:12.486559,80,486,12.505867590612873,380
2026-04-25 01:21:12.486559,66,199,18.705702020070976,469
2026-04-25 01:22:12.486559,62,143,14.811329930635846,240
2026-04-25 01:23:12.486559,50,298,5.7645768903195,210
2026-04-25 01:24:12.486559,64,526,1.161307649459642,474
2026-04-25 01:25:12.486559,55,516,7.662178932166784,275
2026-04-25 01:26:12.486559,79,217,4.761327983673254,122
2026-04-25 01:27:12.486559,68,141,17.61444955458623,231
2026-04-25 01:28:12.486559,66,584,15.517414014164972,417
2026-04-25 01:29:12.486559,65,420,4.780331907962165,456
2026-04-25 01:30:12.486559,78,456,4.729510794956575,459
2026-04-25 01:31:12.486559,71,360,14.566013109785631,422
2026-04-25 01:32:12.486559,44,521,9.251011606975098,135
2026-04-25 01:33:12.486559,74,542,16.38030000122958,220
2026-04-25 01:34:12.486559,58,466,8.438877579476927,393
2026-04-25 01:35:12.486559,59,379,10.406812544022191,239
2026-04-25 01:36:12.486559,74,244,1.978565388248008,138
2026-04-25 01:37:12.486559,97,330,7.514605655322779,334
2026-04-25 01:38:12.486559,75,195,12.95134578140158,443
2026-04-25 01:39:12.486559,70,393,19.236148539058576,373
2026-04-25 01:40:12.486559,70,566,17.44396532056188,362
2026-04-25 01:41:12.486559,66,536,19.261643648121872,305
2026-04-25 01:42:12.486559,61,358,12.290292486948953,353
2026-04-25 01:43:12.486559,54,191,1.1116400897011869,237
2026-04-25 01:44:12.486559,95,194,13.132807936941948,157
2026-04-25 01:45:12.486559,43,575,8.109499814181866,108
2026-04-25 01:46:12.486559,84,447,3.3126693351623215,460
2026-04-25 01:47:12.486559,47,359,3.6973887458151156,429
2026-04-25 01:48:12.486559,83,446,14.588101901446802,121
2026-04-25 01:49:12.486559,72,205,19.03805139027505,429
2026-04-25 01:50:12.486559,49,263,8.26129866185195,432
2026-04-25 01:51:12.486559,65,419,13.220920273499424,346
2026-04-25 01:52:12.486559,56,406,15.657184464349731,332
2026-04-25 01:53:12.486559,47,328,0.2723153059154937,151
2026-04-25 01:54:12.486559,52,219,12.680782356164224,300
2026-04-25 01:55:12.486559,95,544,7.569541929924468,396
2026-04-25 01:56:12.486559,55,253,9.172305210432675,261
2026-04-25 01:57:12.486559,82,488,2.4282058932229877,376
2026-04-25 01:58:12.486559,40,475,7.53291784054208,329
2026-04-25 01:59:12.486559,44,230,0.26591095593051506,198
2026-04-25 02:00:12.486559,84,519,0.7225612456593278,497
2026-04-25 02:01:12.486559,43,441,17.596882240160483,268
2026-04-25 02:02:12.486559,46,560,13.221212922295436,447
2026-04-25 02:03:12.486559,53,545,3.278091966958079,304
2026-04-25 02:04:12.486559,93,233,2.2685597645507882,489
2026-04-25 02:05:12.486559,99,138,11.513291685377187,240
2026-04-25 02:06:12.486559,46,445,5.215670170012261,213
2026-04-25 02:07:12.486559,69,418,5.241180569100601,256
2026-04-25 02:08:12.486559,79,424,6.700876416509232,267
2026-04-25 02:09:12.486559,40,229,2.730639927408498,361
2026-04-25 02:10:12.486559,46,262,19.128409915713725,293
2026-04-25 02:11:12.486559,54,591,14.064879344539955,109
2026-04-25 02:12:12.486559,54,492,16.91467450722304,426
2026-04-25 02:13:12.486559,81,482,10.477111196526643,116
2026-04-25 02:14:12.486559,40,200,9.632975250874185,304
2026-04-25 02:15:12.486559,81,587,0.9789106869753605,184
2026-04-25 02:16:12.486559,50,575,18.257945825471722,110
2026-04-25 02:17:12.486559,53,528,6.239921456637592,177
2026-04-25 02:18:12.486559,68,416,19.87367180350221,226
2026-04-25 02:19:12.486559,59,583,3.752706539477828,451
2026-04-25 02:20:12.486559,54,457,12.027213581560893,467
2026-04-25 02:21:12.486559,72,370,17.1492265752197,223
2026-04-25 02:22:12.486559,55,146,15.095579553365976,464
2026-04-25 02:23:12.486559,84,229,2.2676168307249434,456
2026-04-25 02:24:12.486559,52,231,2.3373005855891438,232
2026-04-25 02:25:12.486559,56,424,6.918850921529538,260
2026-04-25 02:26:12.486559,46,455,12.881919009400622,130
2026-04-25 02:27:12.486559,67,145,18.2952732439551,330
2026-04-25 02:28:12.486559,71,443,17.182497663755573,407
2026-04-25 02:29:12.486559,71,276,1.7246199559923037,262
2026-04-25 02:30:12.486559,97,569,9.23784921982001,358
2026-04-25 02:31:12.486559,60,166,4.077632236346567,159
2026-04-25 02:32:12.486559,42,542,13.39724789662792,404
2026-04-25 02:33:12.486559,47,308,6.5419525713443205,331
2026-04-25 02:34:12.486559,42,115,12.642597830135527,220
2026-04-25 02:35:12.486559,70,563,7.067681486464421,412
2026-04-25 02:36:12.486559,77,437,0.5550669016856546,423
2026-04-25 02:37:12.486559,78,208,8.642494536611524,207
2026-04-25 02:38:12.486559,72,175,5.294075560449121,288
2026-04-25 02:39:12.486559,81,273,1.3933952905967817,241
2026-04-25 02:40:12.486559,64,571,5.5125051870998565,401
2026-04-25 02:41:12.486559,63,402,7.0049794250601805,473
2026-04-25 02:42:12.486559,80,550,8.357160543392979,423
2026-04-25 02:43:12.486559,59,150,5.327037683557978,369
2026-04-25 02:44:12.486559,48,434,14.834191647923898,297
2026-04-25 02:45:12.486559,54,421,5.1317101523898305,271
2026-04-25 02:46:12.486559,49,590,0.9462218549422241,184
2026-04-25 02:47:12.486559,50,519,12.916616013060501,367
2026-04-25 02:48:12.486559,49,511,5.061573629001033,107
2026-04-25 02:49:12.486559,76,519,8.3185173614246,430
2026-04-25 02:50:12.486559,62,503,15.02250079298414,404
2026-04-25 02:51:12.486559,54,134,13.434763007475238,347
2026-04-25 02:52:12.486559,68,354,19.283566887514375,275
2026-04-25 02:53:12.486559,42,537,13.748655018688316,219
2026-04-25 02:54:12.486559,59,448,4.213997591172538,185
2026-04-25 02:55:12.486559,56,550,0.14261611724733614,435
2026-04-25 02:56:12.486559,69,105,11.170546632889797,345
2026-04-25 02:57:12.486559,55,477,12.292441780461068,476
2026-04-25 02:58:12.486559,64,198,17.00638500116044,280
2026-04-25 02:59:12.486559,90,190,19.97354804600315,249
2026-04-25 03:00:12.486559,92,548,10.379093482177343,214
2026-04-25 03:01:12.486559,41,219,2.307523434149965,343
2026-04-25 03:02:12.486559,71,154,11.843585969490855,328
2026-04-25 03:03:12.486559,98,505,17.276839034720904,311
2026-04-25 03:04:12.486559,96,453,3.3183584680011036,430
2026-04-25 03:05:12.486559,50,350,16.194004607308436,243
2026-04-25 03:06:12.486559,72,553,3.579947488526176,250
2026-04-25 03:07:12.486559,71,291,15.61978540329369,256
2026-04-25 03:08:12.486559,57,518,8.089357921206004,369
2026-04-25 03:09:12.486559,44,500,3.1134011348445623,194
2026-04-25 03:10:12.486559,77,157,16.41220077335535,479
2026-04-25 03:11:12.486559,57,299,9.02394492338171,294
2026-04-25 03:12:12.486559,79,218,17.782585063696075,417
2026-04-25 03:13:12.486559,70,268,2.108777528772696,305
2026-04-25 03:14:12.486559,68,548,0.6209668980303396,430
2026-04-25 03:15:12.486559,79,493,18.260418914843136,333
2026-04-25 03:16:12.486559,40,505,16.865766139961963,274
2026-04-25 03:17:12.486559,74,306,10.816503472200683,403
2026-04-25 03:18:12.486559,59,396,6.313211453102596,360
2026-04-25 03:19:12.486559,51,438,16.34488493995362,112
2026-04-25 03:20:12.486559,51,188,7.40127915829839,266
2026-04-25 03:21:12.486559,60,159,12.858344038386837,200
2026-04-25 03:22:12.486559,75,376,6.61888806459711,318
2026-04-25 03:23:12.486559,52,510,16.18266424654316,362
2026-04-25 03:24:12.486559,51,589,12.872415552076381,314
2026-04-25 03:25:12.486559,51,522,10.463218362193711,239
2026-04-25 03:26:12.486559,41,146,1.5776067558401308,240
2026-04-25 03:27:12.486559,83,228,16.5445127569637,431
2026-04-25 03:28:12.486559,50,362,15.259109341588832,496
2026-04-25 03:29:12.486559,82,207,18.97253653139166,372
2026-04-25 03:30:12.486559,65,434,7.365250083017882,104
2026-04-25 03:31:12.486559,82,164,8.800250625083555,282
2026-04-25 03:32:12.486559,42,214,0.8033718429774805,397
2026-04-25 03:33:12.486559,91,572,17.813371552245364,398
2026-04-25 03:34:12.486559,42,526,1.9470414840259975,190
2026-04-25 03:35:12.486559,82,392,7.381254128188006,125
2026-04-25 03:36:12.486559,96,278,2.0209560618947586,351
2026-04-25 03:37:12.486559,66,448,9.932582496777883,389
2026-04-25 03:38:12.486559,82,246,4.465946147249298,248
2026-04-25 03:39:12.486559,97,462,4.729496828439885,417
2026-04-25 03:40:12.486559,84,207,16.778616389710844,452
2026-04-25 03:41:12.486559,58,144,12.890500851157727,180
2026-04-25 03:42:12.486559,47,355,3.2382283096673437,133
2026-04-25 03:43:12.486559,74,189,3.938603864207386,250
2026-04-25 03:44:12.486559,76,477,12.231946312901885,151
2026-04-25 03:45:12.486559,90,198,19.656438219417726,318
2026-04-25 03:46:12.486559,75,365,9.92704746605154,128
2026-04-25 03:47:12.486559,46,293,19.18289234625288,363
2026-04-25 03:48:12.486559,72,547,5.066898320561835,374
2026-04-25 03:49:12.486559,50,157,19.056250992913,307
2026-04-25 03:50:12.486559,69,167,16.399105592836342,371
2026-04-25 03:51:12.486559,72,351,18.879367774624317,321
2026-04-25 03:52:12.486559,67,247,13.066694234932466,295
2026-04-25 03:53:12.486559,54,419,14.637699471959325,115
2026-04-25 03:54:12.486559,99,167,5.3946602967380315,375
2026-04-25 03:55:12.486559,55,359,9.4449090359805,297
2026-04-25 03:56:12.486559,41,349,9.242931413843543,489
2026-04-25 03:57:12.486559,79,493,3.331785040626156,108
2026-04-25 03:58:12.486559,83,526,16.486344509280947,340
2026-04-25 03:59:12.486559,61,398,8.172767141888377,111
2026-04-25 04:00:12.486559,41,490,13.845699572644435,485
2026-04-25 04:01:12.486559,46,581,0.26921138060464367,218
2026-04-25 04:02:12.486559,40,465,3.560053904134961,301
2026-04-25 04:03:12.486559,79,272,19.618245024261466,285
2026-04-25 04:04:12.486559,79,509,16.910852834181018,346
2026-04-25 04:05:12.486559,65,431,12.093798552454672,202
2026-04-25 04:06:12.486559,90,459,14.544993189397392,482
2026-04-25 04:07:12.486559,61,491,6.898212630446309,435
2026-04-25 04:08:12.486559,60,227,4.203627804087599,334
2026-04-25 04:09:12.486559,52,123,13.866398664067852,247
2026-04-25 04:10:12.486559,45,424,2.7429255506137284,395
2026-04-25 04:11:12.486559,45,434,11.788572614377003,301
2026-04-25 04:12:12.486559,73,340,19.121400058590453,388
2026-04-25 04:13:12.486559,93,471,0.5894585548205233,251
2026-04-25 04:14:12.486559,49,203,11.618641509305224,113
2026-04-25 04:15:12.486559,92,225,5.079860618910573,446
2026-04-25 04:16:12.486559,53,144,7.967997122136379,382
2026-04-25 04:17:12.486559,60,257,10.352732788350377,294
2026-04-25 04:18:12.486559,40,373,12.9757564424369,128
2026-04-25 04:19:12.486559,47,380,11.495746749488116,288
2026-04-25 04:20:12.486559,69,367,2.0028522581603725,139
2026-04-25 04:21:12.486559,80,541,15.515727985232141,149
2026-04-25 04:22:12.486559,42,461,10.647288924612472,135
2026-04-25 04:23:12.486559,78,453,12.035034327548345,381
2026-04-25 04:24:12.486559,68,194,7.545361085170237,176
2026-04-25 04:25:12.486559,56,406,9.449874259629958,107
2026-04-25 04:26:12.486559,76,351,8.172507048978584,365
2026-04-25 04:27:12.486559,63,507,12.244975869716047,313
2026-04-25 04:28:12.486559,82,487,0.4082726840643991,477
2026-04-25 04:29:12.486559,71,574,19.910372428342498,241
2026-04-25 04:30:12.486559,40,529,11.605190540258496,221
2026-04-25 04:31:12.486559,66,120,6.131726383968379,366
2026-04-25 04:32:12.486559,53,569,11.027542776394942,125
2026-04-25 04:33:12.486559,81,403,19.313828727002626,443
2026-04-25 04:34:12.486559,72,138,13.056359379638316,379
2026-04-25 04:35:12.486559,56,545,11.43513582852658,426
2026-04-25 04:36:12.486559,42,197,18.416585098527353,428
2026-04-25 04:37:12.486559,67,510,1.273937472877129,402
2026-04-25 04:38:12.486559,71,219,16.597773601709005,227
2026-04-25 04:39:12.486559,48,452,1.4617061850824786,369
2026-04-25 04:40:12.486559,62,545,1.0751188098544695,406
2026-04-25 04:41:12.486559,60,507,13.47096257165974,194
2026-04-25 04:42:12.486559,78,562,3.9444489566309837,225
2026-04-25 04:43:12.486559,84,481,16.09453259340971,264
2026-04-25 04:44:12.486559,95,453,15.719822494637803,282
2026-04-25 04:45:12.486559,64,207,16.714993615854453,476
2026-04-25 04:46:12.486559,82,207,9.541222167288655,343
2026-04-25 04:47:12.486559,73,225,9.97378047739576,446
2026-04-25 04:48:12.486559,67,519,1.9227736992791655,241
2026-04-25 04:49:12.486559,81,369,9.74398602162674,372
2026-04-25 04:50:12.486559,91,181,1.503945901616972,179
2026-04-25 04:51:12.486559,48,566,2.0848716530736233,417
2026-04-25 04:52:12.486559,72,457,7.481142742024449,439
2026-04-25 04:53:12.486559,83,593,9.00270411998193,362
2026-04-25 04:54:12.486559,77,528,14.749085218081042,279
2026-04-25 04:55:12.486559,84,507,12.071696143377837,427
2026-04-25 04:56:12.486559,51,387,4.859973237778023,355
2026-04-25 04:57:12.486559,57,390,11.729307826918603,233
2026-04-25 04:58:12.486559,76,453,9.299498592090274,201
2026-04-25 04:59:12.486559,76,212,6.5219285918140235,455
2026-04-25 05:00:12.486559,79,344,6.886234158136164,492
2026-04-25 05:01:12.486559,47,471,1.3567076018149216,237
2026-04-25 05:02:12.486559,64,492,7.238042427332276,278
2026-04-25 05:03:12.486559,48,129,10.906598467137357,423
2026-04-25 05:04:12.486559,53,186,17.03697975193816,268
2026-04-25 05:05:12.486559,73,168,14.349585384115741,264
2026-04-25 05:06:12.486559,64,440,11.033317406848182,242
2026-04-25 05:07:12.486559,71,186,17.207496845440556,415
2026-04-25 05:08:12.486559,84,233,19.761771379102566,211
2026-04-25 05:09:12.486559,70,385,17.942495379547815,473
2026-04-25 05:10:12.486559,75,577,6.670338689411781,213
2026-04-25 05:11:12.486559,76,546,11.406876461709361,429
2026-04-25 05:12:12.486559,76,321,7.240834871259807,367
2026-04-25 05:13:12.486559,56,374,11.195051127411338,436
2026-04-25 05:14:12.486559,74,299,16.463044848052167,420
2026-04-25 05:15:12.486559,45,544,13.001317159149682,254
2026-04-25 05:16:12.486559,99,177,14.714794024593058,110
2026-04-25 05:17:12.486559,74,134,15.688484524080325,465
2026-04-25 05:18:12.486559,76,206,1.5805711197941963,436
2026-04-25 05:19:12.486559,77,570,19.8220155805131,284
2026-04-25 05:20:12.486559,84,123,9.494987376041571,243
2026-04-25 05:21:12.486559,68,154,9.256568428037122,139
2026-04-25 05:22:12.486559,48,599,0.2543016800795206,183
2026-04-25 05:23:12.486559,40,106,5.237056994883007,406
2026-04-25 05:24:12.486559,79,589,19.422921895931317,297
2026-04-25 05:25:12.486559,66,409,17.01285061619818,446
2026-04-25 05:26:12.486559,52,415,18.052967879091838,228
2026-04-25 05:27:12.486559,44,400,0.11324788614556214,458
2026-04-25 05:28:12.486559,73,576,16.459611446756654,481
2026-04-25 05:29:12.486559,66,109,13.991178951037337,337
2026-04-25 05:30:12.486559,92,445,4.037056495431123,156
2026-04-25 05:31:12.486559,72,224,1.3949024363843687,350
2026-04-25 05:32:12.486559,63,454,10.43444478749027,191
2026-04-25 05:33:12.486559,74,450,17.843506884184986,458
2026-04-25 05:34:12.486559,60,498,13.24946934975326,383
2026-04-25 05:35:12.486559,83,280,10.686020116471449,325
2026-04-25 05:36:12.486559,55,214,16.269260022667268,435
2026-04-25 05:37:12.486559,58,479,15.439682074698274,258
2026-04-25 05:38:12.486559,47,208,14.953484219144519,364
2026-04-25 05:39:12.486559,50,518,19.413972139609537,428
2026-04-25 05:40:12.486559,64,468,17.94784989501475,370
2026-04-25 05:41:12.486559,47,531,11.92021245592517,458
2026-04-25 05:42:12.486559,72,523,18.837329251072184,425
2026-04-25 05:43:12.486559,67,254,19.68082384265074,400
2026-04-25 05:44:12.486559,64,161,3.257727672277606,207
2026-04-25 05:45:12.486559,70,134,4.758120175807732,362
2026-04-25 05:46:12.486559,55,356,14.09229092374531,268
2026-04-25 05:47:12.486559,45,442,11.422072156297624,119
2026-04-25 05:48:12.486559,44,238,11.359734088437765,337
2026-04-25 05:49:12.486559,40,180,18.242531135064226,490
2026-04-25 05:50:12.486559,84,317,4.018045436534072,225
2026-04-25 05:51:12.486559,82,411,6.917742356797001,196
2026-04-25 05:52:12.486559,90,154,15.097369946949787,476
2026-04-25 05:53:12.486559,50,497,10.489406438930542,310
2026-04-25 05:54:12.486559,56,309,4.768085834689632,236
2026-04-25 05:55:12.486559,49,445,19.189804543789748,486
2026-04-25 05:56:12.486559,66,419,17.449873941403062,404
2026-04-25 05:57:12.486559,74,497,11.31358591897001,299
2026-04-25 05:58:12.486559,78,194,6.7884102679650145,386
2026-04-25 05:59:12.486559,70,521,16.165334236377394,442
2026-04-25 06:00:12.486559,70,113,2.5103700195396783,279
2026-04-25 06:01:12.486559,82,556,16.864793205643302,366
2026-04-25 06:02:12.486559,47,513,4.6690253822907195,453
2026-04-25 06:03:12.486559,64,383,3.418976410349406,186
2026-04-25 06:04:12.486559,57,420,3.2156287915828985,309
2026-04-25 06:05:12.486559,58,332,16.43414398120681,423
2026-04-25 06:06:12.486559,93,575,4.331556117319543,214
2026-04-25 06:07:12.486559,45,246,11.489599099665448,157
2026-04-25 06:08:12.486559,76,503,0.4795570163612961,494
2026-04-25 06:09:12.486559,97,594,17.637393527425683,182
2026-04-25 06:10:12.486559,66,435,1.7280424875483003,317
2026-04-25 06:11:12.486559,52,173,16.75380045622105,445
2026-04-25 06:12:12.486559,67,245,12.196407150747506,392
2026-04-25 06:13:12.486559,62,290,16.052515392528825,113
2026-04-25 06:14:12.486559,59,267,3.344755632695129,160
2026-04-25 06:15:12.486559,57,280,10.086447740098482,498
2026-04-25 06:16:12.486559,59,449,11.804539120372828,244
2026-04-25 06:17:12.486559,43,429,8.747891255665794,475
2026-04-25 06:18:12.486559,60,357,3.9556355640363083,220
2026-04-25 06:19:12.486559,44,522,2.6300810383134454,105
2026-04-25 06:20:12.486559,59,353,9.748633201853012,473
2026-04-25 06:21:12.486559,99,264,14.858578397562,126
2026-04-25 06:22:12.486559,92,469,6.65815155812701,421
2026-04-25 06:23:12.486559,73,114,11.283110499999772,231
2026-04-25 06:24:12.486559,57,108,18.916343737193017,238
2026-04-25 06:25:12.486559,65,174,4.422159188553884,303
2026-04-25 06:26:12.486559,57,258,17.692481085471787,392
2026-04-25 06:27:12.486559,84,308,16.06273006009793,474
2026-04-25 06:28:12.486559,49,409,6.366756706323285,363
2026-04-25 06:29:12.486559,99,336,11.909354081746233,315
2026-04-25 06:30:12.486559,51,227,2.09674126568951,145
2026-04-25 06:31:12.486559,44,425,2.8358850545752112,360
2026-04-25 06:32:12.486559,55,549,17.91683979599334,225
2026-04-25 06:33:12.486559,63,248,15.280987211450508,372
2026-04-25 06:34:12.486559,93,581,16.111655396955058,132
2026-04-25 06:35:12.486559,65,164,16.020831717318504,252
2026-04-25 06:36:12.486559,81,484,7.325719120519494,166
2026-04-25 06:37:12.486559,78,376,11.387826132500393,233
2026-04-25 06:38:12.486559,43,553,19.274295311352947,169
2026-04-25 06:39:12.486559,71,582,19.25094204529441,378
2026-04-25 06:40:12.486559,49,123,15.247811311158493,291
2026-04-25 06:41:12.486559,56,547,19.363290726368117,251
2026-04-25 06:42:12.486559,45,385,17.4506603321607,483
2026-04-25 06:43:12.486559,78,428,1.7145770593261456,260
2026-04-25 06:44:12.486559,46,275,14.619311932779768,355
2026-04-25 06:45:12.486559,79,533,13.954380445858947,274
2026-04-25 06:46:12.486559,97,426,17.2696714572067,309
2026-04-25 06:47:12.486559,70,587,15.566227551371142,102
2026-04-25 06:48:12.486559,45,412,4.981376628547776,265
2026-04-25 06:49:12.486559,70,194,7.951966613252546,401
2026-04-25 06:50:12.486559,53,109,3.781485971092997,412
2026-04-25 06:51:12.486559,79,422,15.825892062434324,499
2026-04-25 06:52:12.486559,83,400,14.996631309954564,432
2026-04-25 06:53:12.486559,49,591,9.748375747543749,225
2026-04-25 06:54:12.486559,53,421,11.985170964107411,410
2026-04-25 06:55:12.486559,83,413,2.22013263422562,420
2026-04-25 06:56:12.486559,94,376,8.140146866331827,107
2026-04-25 06:57:12.486559,48,218,13.912786132876336,143
2026-04-25 06:58:12.486559,83,556,15.002266611424815,405
2026-04-25 06:59:12.486559,48,534,15.295084523190333,310
2026-04-25 07:00:12.486559,66,286,4.660806069447199,468
2026-04-25 07:01:12.486559,55,452,1.8755604715368634,489
2026-04-25 07:02:12.486559,62,104,1.8120853846536011,273
2026-04-25 07:03:12.486559,41,262,14.132408135015726,478
2026-04-25 07:04:12.486559,44,349,12.553935999234103,375
2026-04-25 07:05:12.486559,80,262,0.020877816412472328,242
2026-04-25 07:06:12.486559,94,441,16.65369242257444,401
2026-04-25 07:07:12.486559,79,354,0.8580270899054132,483
2026-04-25 07:08:12.486559,52,338,1.4570113028934961,366
2026-04-25 07:09:12.486559,73,480,14.64364706679926,285
2026-04-25 07:10:12.486559,43,173,18.923602588703382,195
2026-04-25 07:11:12.486559,60,403,10.420501228244722,456
2026-04-25 07:12:12.486559,54,223,17.490049453830057,249
2026-04-25 07:13:12.486559,64,135,8.484202820832321,497
2026-04-25 07:14:12.486559,44,568,16.09325924332001,451
2026-04-25 07:15:12.486559,41,258,12.232237823044954,438
2026-04-25 07:16:12.486559,97,471,18.691033743474787,492
2026-04-25 07:17:12.486559,42,439,15.110834262522388,115
2026-04-25 07:18:12.486559,98,472,2.4988050147514818,408
2026-04-25 07:19:12.486559,57,557,10.942361322018268,279
2026-04-25 07:20:12.486559,56,198,3.956108594164238,423
2026-04-25 07:21:12.486559,77,438,13.388956096859019,317
2026-04-25 07:22:12.486559,92,598,15.290029777411204,289
2026-04-25 07:23:12.486559,45,401,6.027562597066634,332
2026-04-25 07:24:12.486559,93,292,3.9945350588847717,290
2026-04-25 07:25:12.486559,57,435,17.0114399484329,169
2026-04-25 07:26:12.486559,83,547,19.414282253746297,214
2026-04-25 07:27:12.486559,98,333,5.296841549116776,399
2026-04-25 07:28:12.486559,59,411,9.610431349707014,446
2026-04-25 07:29:12.486559,82,167,9.86678164772038,107
2026-04-25 07:30:12.486559,92,444,3.47766159256915,227
2026-04-25 07:31:12.486559,49,570,11.191951796866045,376
2026-04-25 07:32:12.486559,56,291,9.795502444104196,174
2026-04-25 07:33:12.486559,72,373,17.98280502726034,247
2026-04-25 07:34:12.486559,59,541,8.950273333729555,393
2026-04-25 07:35:12.486559,68,494,12.272584765561696,109
2026-04-25 07:36:12.486559,60,246,12.306283929864003,139
2026-04-25 07:37:12.486559,43,262,16.57581027771608,113
2026-04-25 07:38:12.486559,77,517,19.204346003653423,400
2026-04-25 07:39:12.486559,82,581,10.363017866358316,489
2026-04-25 07:40:12.486559,67,304,10.816047629863931,211
2026-04-25 07:41:12.486559,56,574,12.76744654707333,462
2026-04-25 07:42:12.486559,73,493,16.0644169258665,360
2026-04-25 07:43:12.486559,69,490,10.059401161886225,174
2026-04-25 07:44:12.486559,70,522,13.213458883980637,402
2026-04-25 07:45:12.486559,43,441,1.9617025145235933,486
2026-04-25 07:46:12.486559,77,118,5.33295321644133,238
2026-04-25 07:47:12.486559,97,126,17.71932453073606,269
2026-04-25 07:48:12.486559,72,426,19.140382231317346,463
2026-04-25 07:49:12.486559,67,513,2.7217176282665223,257
2026-04-25 07:50:12.486559,55,556,15.706678537975492,436
2026-04-25 07:51:12.486559,81,502,12.719411176884211,140
2026-04-25 07:52:12.486559,46,360,13.412399505499295,202
2026-04-25 07:53:12.486559,46,251,10.846248707483568,431
2026-04-25 07:54:12.486559,98,505,14.958270867699868,427
2026-04-25 07:55:12.486559,46,278,2.275076630291173,407
2026-04-25 07:56:12.486559,63,371,13.574790141537997,314
2026-04-25 07:57:12.486559,40,397,15.230874102721824,456
2026-04-25 07:58:12.486559,98,314,17.772058251965493,333
2026-04-25 07:59:12.486559,74,449,0.29708136026450394,135
2026-04-25 08:00:12.486559,49,210,11.299668745973152,455
2026-04-25 08:01:12.486559,69,546,13.410878125737018,398
2026-04-25 08:02:12.486559,76,572,8.52931286655332,447
2026-04-25 08:03:12.486559,46,454,1.358368736386848,126
2026-04-25 08:04:12.486559,56,485,6.215459996514269,144
2026-04-25 08:05:12.486559,77,501,8.075191585337429,477
2026-04-25 08:06:12.486559,42,218,18.255018221756213,152
2026-04-25 08:07:12.486559,63,463,13.033604086638475,299
2026-04-25 08:08:12.486559,74,445,6.665966090776418,385
2026-04-25 08:09:12.486559,67,303,16.11213602252672,385
2026-04-25 08:10:12.486559,80,359,2.6891918373243717,271
2026-04-25 08:11:12.486559,91,426,18.022299591166686,288
2026-04-25 08:12:12.486559,67,492,19.3644787077306,168
2026-04-25 08:13:12.486559,78,163,6.329459693008232,211
2026-04-25 08:14:12.486559,53,462,14.96212098466586,288
2026-04-25 08:15:12.486559,79,139,12.141099766784329,391
2026-04-25 08:16:12.486559,50,153,11.424444323020628,437
2026-04-25 08:17:12.486559,52,584,4.177038016501005,176
2026-04-25 08:18:12.486559,40,342,13.575298022597732,306
2026-04-25 08:19:12.486559,49,254,18.59299837790807,232
2026-04-25 08:20:12.486559,59,419,4.187475222874166,240
2026-04-25 08:21:12.486559,74,420,0.97656466356151,244
2026-04-25 08:22:12.486559,68,338,14.248086341217467,372
2026-04-25 08:23:12.486559,48,449,4.936023603972779,192
2026-04-25 08:24:12.486559,58,492,11.898355304599558,250
2026-04-25 08:25:12.486559,58,509,11.849295245430227,334
2026-04-25 08:26:12.486559,50,264,0.811063937013281,444
2026-04-25 08:27:12.486559,55,381,1.2717863650535954,423
2026-04-25 08:28:12.486559,63,300,9.297314865767403,315
2026-04-25 08:29:12.486559,45,520,11.199740518561727,151
2026-04-25 08:30:12.486559,78,265,19.362580825153486,300
2026-04-25 08:31:12.486559,63,445,0.4549044016330206,186
2026-04-25 08:32:12.486559,67,277,10.363883707889913,124
2026-04-25 08:33:12.486559,79,593,19.29861895141087,441
2026-04-25 08:34:12.486559,57,214,12.247140757532089,291
2026-04-25 08:35:12.486559,99,575,3.152778630497932,342
2026-04-25 08:36:12.486559,76,345,10.503884013483646,436
2026-04-25 08:37:12.486559,80,185,9.862529470713227,392
2026-04-25 08:38:12.486559,40,154,17.27823298386212,482
2026-04-25 08:39:12.486559,75,509,6.245894066654651,335
2026-04-25 08:40:12.486559,75,368,5.506406977443897,200
2026-04-25 08:41:12.486559,54,417,1.3481006195452494,350
2026-04-25 08:42:12.486559,45,108,1.9740807632710111,329
2026-04-25 08:43:12.486559,59,259,17.850456500862794,365
2026-04-25 08:44:12.486559,84,320,10.358993524636768,135
2026-04-25 08:45:12.486559,67,230,18.839677216468797,239
2026-04-25 08:46:12.486559,43,200,8.045433047134944,336
2026-04-25 08:47:12.486559,65,117,10.71854128944928,435
2026-04-25 08:48:12.486559,66,566,18.28039362307418,272
2026-04-25 08:49:12.486559,47,326,16.64166618687348,407
2026-04-25 08:50:12.486559,75,511,7.22014888460598,306
2026-04-25 08:51:12.486559,44,430,14.790926214821134,237
2026-04-25 08:52:12.486559,50,327,19.132471190464123,436
2026-04-25 08:53:12.486559,82,563,3.599351426654076,233
2026-04-25 08:54:12.486559,59,176,18.080477673351435,496
2026-04-25 08:55:12.486559,57,520,17.86920730892792,184
2026-04-25 08:56:12.486559,45,485,17.069942156828812,391
2026-04-25 08:57:12.486559,92,474,12.374511418292736,266
2026-04-25 08:58:12.486559,73,256,4.398241101913576,145
2026-04-25 08:59:12.486559,53,132,2.519887125020961,368
2026-04-25 09:00:12.486559,66,183,5.365984720592674,250
2026-04-25 09:01:12.486559,56,105,17.79738086316587,274
2026-04-25 09:02:12.486559,64,385,17.662224738572196,425
2026-04-25 09:03:12.486559,61,276,19.73525815908637,495
2026-04-25 09:04:12.486559,54,250,10.068139298771843,324
2026-04-25 09:05:12.486559,79,360,17.037885357067374,240
2026-04-25 09:06:12.486559,55,402,19.777057566680377,448
2026-04-25 09:07:12.486559,44,203,17.127945634505757,439
2026-04-25 09:08:12.486559,43,568,1.7601671067102598,431
2026-04-25 09:09:12.486559,67,258,10.859683243006675,379
2026-04-25 09:10:12.486559,50,551,11.13379215466267,409
2026-04-25 09:11:12.486559,91,562,6.647890854217886,248
2026-04-25 09:12:12.486559,49,569,5.966682555450669,395
2026-04-25 09:13:12.486559,56,364,5.134893291860219,151
2026-04-25 09:14:12.486559,72,546,15.52301002385442,172
2026-04-25 09:15:12.486559,48,486,11.693651851906521,390
2026-04-25 09:16:12.486559,51,453,10.313959764831548,207
2026-04-25 09:17:12.486559,80,504,11.585430718566519,271
2026-04-25 09:18:12.486559,76,497,9.190790752543217,454
2026-04-25 09:19:12.486559,57,592,19.896397538518517,174
2026-04-25 09:20:12.486559,58,575,19.502770009025475,431
2026-04-25 09:21:12.486559,44,109,2.815250384236556,432
2026-04-25 09:22:12.486559,62,331,5.388215317042373,377
2026-04-25 09:23:12.486559,53,539,6.045985604367239,257
2026-04-25 09:24:12.486559,61,210,14.824599045806448,356
2026-04-25 09:25:12.486559,79,274,0.27551759065393755,182
2026-04-25 09:26:12.486559,59,559,17.174438810045118,392
2026-04-25 09:27:12.486559,57,242,7.159694941861952,283
2026-04-25 09:28:12.486559,72,527,19.16610849373255,171
2026-04-25 09:29:12.486559,61,253,1.6940035826687083,300
2026-04-25 09:30:12.486559,45,469,3.7011214847476337,325
2026-04-25 09:31:12.486559,91,201,9.22708354429637,281
2026-04-25 09:32:12.486559,59,449,9.000977350481929,474
2026-04-25 09:33:12.486559,73,468,13.947498498484308,222
2026-04-25 09:34:12.486559,68,241,18.273960976997266,129
2026-04-25 09:35:12.486559,97,377,6.682037155114015,341
2026-04-25 09:36:12.486559,81,254,1.5912990952372774,237
2026-04-25 09:37:12.486559,94,394,18.151049774240526,219
2026-04-25 09:38:12.486559,81,304,14.90551690671201,118
2026-04-25 09:39:12.486559,51,208,11.498437609291166,186
2026-04-25 09:40:12.486559,66,250,0.20250583178714088,456
2026-04-25 09:41:12.486559,43,385,8.121549524775048,383
2026-04-25 09:42:12.486559,79,408,3.9482359904030195,395
2026-04-25 09:43:12.486559,57,478,12.081957080610337,401
2026-04-25 09:44:12.486559,41,555,8.327393671871127,141
2026-04-25 09:45:12.486559,70,296,0.833839118181785,468
2026-04-25 09:46:12.486559,72,194,10.66576124961082,243
2026-04-25 09:47:12.486559,69,500,8.168581527293044,200
2026-04-25 09:48:12.486559,93,552,4.3855377063250645,336
2026-04-25 09:49:12.486559,63,424,0.5262405467568754,242
2026-04-25 09:50:12.486559,67,397,6.9149449473644475,374
2026-04-25 09:51:12.486559,41,573,0.33837049786293205,365
2026-04-25 09:52:12.486559,56,545,5.217019914407642,145
2026-04-25 09:53:12.486559,61,342,13.961761522209411,425
2026-04-25 09:54:12.486559,64,514,2.6594164458083203,389
2026-04-25 09:55:12.486559,71,175,2.6063322172133296,249
2026-04-25 09:56:12.486559,74,257,15.162629266993754,494
2026-04-25 09:57:12.486559,64,556,14.521649446773818,218
2026-04-25 09:58:12.486559,59,395,0.26536793812381054,260
2026-04-25 09:59:12.486559,62,312,12.773001430847495,150
2026-04-25 10:00:12.486559,41,564,16.687183514849373,493
2026-04-25 10:01:12.486559,75,597,12.946392888148191,375
2026-04-25 10:02:12.486559,81,305,16.945619514811,453
2026-04-25 10:03:12.486559,64,552,8.094192647643814,386
2026-04-25 10:04:12.486559,78,212,19.80213790202444,264
2026-04-25 10:05:12.486559,80,544,16.758481325798535,354
2026-04-25 10:06:12.486559,49,195,11.260730341834485,272
2026-04-25 10:07:12.486559,44,415,19.674594569148297,322
2026-04-25 10:08:12.486559,82,147,4.203377075979315,411
2026-04-25 10:09:12.486559,43,542,5.304392849733484,353
2026-04-25 10:10:12.486559,65,479,1.7322973308641387,489
2026-04-25 10:11:12.486559,72,587,18.52865001928002,217
2026-04-25 10:12:12.486559,40,469,13.537997026477813,105
2026-04-25 10:13:12.486559,95,584,14.147959753494774,459
2026-04-25 10:14:12.486559,56,193,13.932998090538787,430
2026-04-25 10:15:12.486559,46,372,15.061778224964913,101
2026-04-25 10:16:12.486559,60,186,11.724777683705302,419
2026-04-25 10:17:12.486559,72,531,10.216431424997523,350
2026-04-25 10:18:12.486559,81,135,10.661015545980678,184
2026-04-25 10:19:12.486559,77,407,12.958106376876447,465
2026-04-25 10:20:12.486559,51,112,16.85304682701392,495
2026-04-25 10:21:12.486559,74,421,17.727633077187424,340
2026-04-25 10:22:12.486559,64,589,17.996887515816486,369
2026-04-25 10:23:12.486559,58,184,13.97777759181659,301
2026-04-25 10:24:12.486559,98,213,18.535995269864788,486
2026-04-25 10:25:12.486559,73,225,1.410356709083762,198
2026-04-25 10:26:12.486559,83,130,4.661694308977338,322
2026-04-25 10:27:12.486559,57,102,9.822741464957666,381
2026-04-25 10:28:12.486559,57,538,7.563718044148306,103
2026-04-25 10:29:12.486559,58,509,5.794922085743954,267
2026-04-25 10:30:12.486559,76,572,14.993377056227539,421
2026-04-25 10:31:12.486559,90,232,13.844344005937561,194
2026-04-25 10:32:12.486559,50,553,5.718732515752912,377
2026-04-25 10:33:12.486559,67,417,5.37468326396807,426
2026-04-25 10:34:12.486559,71,463,12.768983427390808,402
2026-04-25 10:35:12.486559,49,520,14.324839472766781,378
2026-04-25 10:36:12.486559,63,244,16.98856346097269,125
2026-04-25 10:37:12.486559,80,385,3.423289263716589,410
2026-04-25 10:38:12.486559,79,149,9.508682883765083,152
2026-04-25 10:39:12.486559,42,412,15.873027053155004,412
2026-04-25 10:40:12.486559,92,598,15.220678334241821,136
2026-04-25 10:41:12.486559,69,403,6.246214570593692,490
2026-04-25 10:42:12.486559,48,328,15.13753650556431,274
2026-04-25 10:43:12.486559,81,208,13.954062500125058,424
2026-04-25 10:44:12.486559,56,553,7.530026277136972,209
2026-04-25 10:45:12.486559,44,469,14.801164786088668,383
2026-04-25 10:46:12.486559,83,455,9.745697048322118,384
2026-04-25 10:47:12.486559,69,385,11.809221499352605,492
2026-04-25 10:48:12.486559,55,582,1.9561359618685614,106
2026-04-25 10:49:12.486559,63,465,7.731160801375053,124
2026-04-25 10:50:12.486559,66,392,5.490811374243987,111
2026-04-25 10:51:12.486559,73,178,14.071861007905584,374
2026-04-25 10:52:12.486559,49,569,13.866724066923402,197
2026-04-25 10:53:12.486559,46,420,5.047344320558123,456
2026-04-25 10:54:12.486559,70,497,16.929121877724306,265
2026-04-25 10:55:12.486559,48,499,17.760692705427907,220
2026-04-25 10:56:12.486559,92,319,0.037454437960544595,326
2026-04-25 10:57:12.486559,83,281,10.375053569945232,495
2026-04-25 10:58:12.486559,62,367,17.720134608808586,143
2026-04-25 10:59:12.486559,47,478,11.052821029536357,144
2026-04-25 11:00:12.486559,65,317,13.898571654451874,103
2026-04-25 11:01:12.486559,71,526,14.39640782891649,424
2026-04-25 11:02:12.486559,62,314,2.833548808294868,246
2026-04-25 11:03:12.486559,54,264,8.316786836602375,476
2026-04-25 11:04:12.486559,65,498,11.988829628680612,245
2026-04-25 11:05:12.486559,80,549,13.613853481897472,400
2026-04-25 11:06:12.486559,71,221,13.984072363155907,224
2026-04-25 11:07:12.486559,96,105,11.270722936287763,436
2026-04-25 11:08:12.486559,95,432,5.684901370318047,116
2026-04-25 11:09:12.486559,84,275,9.58929385844428,246
2026-04-25 11:10:12.486559,95,430,4.9343226519257914,126
2026-04-25 11:11:12.486559,95,440,9.490947425154392,479
2026-04-25 11:12:12.486559,83,463,19.71695016124614,325
2026-04-25 11:13:12.486559,50,271,8.43785248326575,247
2026-04-25 11:14:12.486559,77,200,4.737406353636846,400
2026-04-25 11:15:12.486559,83,242,5.0765489427944726,320
2026-04-25 11:16:12.486559,92,560,11.397558844748069,109
2026-04-25 11:17:12.486559,49,495,11.106420573066071,377
2026-04-25 11:18:12.486559,43,186,1.0866991313352758,224
2026-04-25 11:19:12.486559,43,475,18.818507144307922,151
2026-04-25 11:20:12.486559,66,545,3.7846140212526547,173
2026-04-25 11:21:12.486559,41,222,2.3048290437948227,469
2026-04-25 11:22:12.486559,48,521,11.322158073763246,482
2026-04-25 11:23:12.486559,59,572,6.271795093000911,316
2026-04-25 11:24:12.486559,96,170,4.256059989261951,281
2026-04-25 11:25:12.486559,40,172,10.979740819777188,460
2026-04-25 11:26:12.486559,82,239,2.5230296433911814,385
2026-04-25 11:27:12.486559,41,576,12.348415994380675,127
2026-04-25 11:28:12.486559,72,380,7.365812068847745,150
2026-04-25 11:29:12.486559,75,178,16.051741776698748,434
2026-04-25 11:30:12.486559,48,293,13.46571100005183,444
2026-04-25 11:31:12.486559,71,588,3.6066956996052646,282
2026-04-25 11:32:12.486559,83,386,1.4218197061274918,312
2026-04-25 11:33:12.486559,55,201,9.513948135873985,499
2026-04-25 11:34:12.486559,44,494,15.655776457834916,270
2026-04-25 11:35:12.486559,61,507,16.183283017480782,362
2026-04-25 11:36:12.486559,46,404,2.0584279023041807,375
2026-04-25 11:37:12.486559,83,259,19.25089307913484,287
2026-04-25 11:38:12.486559,65,253,10.366854797296725,273
2026-04-25 11:39:12.486559,74,503,10.927917796753885,442
2026-04-25 11:40:12.486559,96,512,10.083291325014658,122
2026-04-25 11:41:12.486559,46,137,19.99998990761204,391
2026-04-25 11:42:12.486559,97,373,5.301488186626255,354
2026-04-25 11:43:12.486559,63,226,6.359451821788382,272
2026-04-25 11:44:12.486559,54,314,17.53001377459119,373
2026-04-25 11:45:12.486559,91,334,15.451642376093304,434
2026-04-25 11:46:12.486559,76,475,3.679910679256224,235
2026-04-25 11:47:12.486559,77,427,9.955919197481835,430
2026-04-25 11:48:12.486559,71,396,16.877474648565826,395
2026-04-25 11:49:12.486559,70,161,19.258069514678795,337
2026-04-25 11:50:12.486559,40,195,8.234971709841673,439
2026-04-25 11:51:12.486559,66,464,2.924278621670895,189
2026-04-25 11:52:12.486559,68,442,5.0249970483207385,279
2026-04-25 11:53:12.486559,54,223,18.889458885066645,356
2026-04-25 11:54:12.486559,74,342,6.550466643034662,238
2026-04-25 11:55:12.486559,61,395,8.05552415142044,399
2026-04-25 11:56:12.486559,40,202,10.050673933353838,201
2026-04-25 11:57:12.486559,41,227,18.742231311502742,385
2026-04-25 11:58:12.486559,68,275,5.609523914913912,200
2026-04-25 11:59:12.486559,55,100,2.5535987212724964,193
2026-04-25 12:00:12.486559,66,358,19.074994617583027,401
2026-04-25 12:01:12.486559,77,406,17.0583371795694,491
2026-04-25 12:02:12.486559,65,246,5.575752771392748,323
2026-04-25 12:03:12.486559,55,195,5.074407377490012,203
2026-04-25 12:04:12.486559,51,123,2.4254857068675006,112
2026-04-25 12:05:12.486559,66,590,3.3939972443386868,256
2026-04-25 12:06:12.486559,40,231,3.2079558341174486,498
2026-04-25 12:07:12.486559,53,576,19.786383590660964,497
2026-04-25 12:08:12.486559,76,592,1.9115894230015584,472
2026-04-25 12:09:12.486559,40,548,18.609851646101742,308
2026-04-25 12:10:12.486559,93,486,1.5694787222090656,419
2026-04-25 12:11:12.486559,68,585,13.91856395836119,361
2026-04-25 12:12:12.486559,63,347,9.192056435675033,311
2026-04-25 12:13:12.486559,97,305,12.256651066667175,189
2026-04-25 12:14:12.486559,52,216,12.563328113461852,205
2026-04-25 12:15:12.486559,83,451,2.561552387248065,358
2026-04-25 12:16:12.486559,59,178,4.184445605424994,404
2026-04-25 12:17:12.486559,60,399,13.221556771581753,362
2026-04-25 12:18:12.486559,57,115,11.114708938999975,355
2026-04-25 12:19:12.486559,60,246,0.87803017776384,380
2026-04-25 12:20:12.486559,64,586,11.428225049597179,205
2026-04-25 12:21:12.486559,54,432,5.372213631196567,223
2026-04-25 12:22:12.486559,60,538,3.592265312089624,448
2026-04-25 12:23:12.486559,50,362,16.688819933291327,195
2026-04-25 12:24:12.486559,94,343,19.23473613000586,133
2026-04-25 12:25:12.486559,63,417,19.51763076967379,458
2026-04-25 12:26:12.486559,97,194,8.562625502279879,276
2026-04-25 12:27:12.486559,61,309,5.3862138669045105,344
2026-04-25 12:28:12.486559,73,213,18.563660278360533,347
2026-04-25 12:29:12.486559,60,579,13.885321661775777,127
2026-04-25 12:30:12.486559,75,477,2.8186276280472056,360
2026-04-25 12:31:12.486559,47,497,3.9400833025152004,223
2026-04-25 12:32:12.486559,59,213,15.790898139986492,449
2026-04-25 12:33:12.486559,77,458,0.7925298593258501,133
2026-04-25 12:34:12.486559,49,363,16.554600197748307,320
2026-04-25 12:35:12.486559,45,471,19.455296275339435,418
2026-04-25 12:36:12.486559,57,107,0.7639014746220196,445
2026-04-25 12:37:12.486559,50,437,15.890524583642982,351
2026-04-25 12:38:12.486559,80,236,5.347538026823058,114
2026-04-25 12:39:12.486559,40,512,14.97470427501174,451
2026-04-25 12:40:12.486559,78,483,0.7462308586111677,424
2026-04-25 12:41:12.486559,79,359,16.532811826429835,214
2026-04-25 12:42:12.486559,69,272,15.842293588831067,136
2026-04-25 12:43:12.486559,41,240,5.412799839462286,374
2026-04-25 12:44:12.486559,45,237,16.221042626194432,357
2026-04-25 12:45:12.486559,98,156,7.854166591186564,455
2026-04-25 12:46:12.486559,74,237,4.271204420536298,361
2026-04-25 12:47:12.486559,54,225,19.843933364785396,208
2026-04-25 12:48:12.486559,76,443,4.37406669461841,288
2026-04-25 12:49:12.486559,67,196,2.1537530376581593,269
2026-04-25 12:50:12.486559,63,426,14.970506881308982,315
2026-04-25 12:51:12.486559,47,478,14.500783286270078,137
2026-04-25 12:52:12.486559,41,461,0.5393205730917527,465
2026-04-25 12:53:12.486559,75,575,19.332488786978363,299
2026-04-25 12:54:12.486559,73,239,9.13420076241373,105
2026-04-25 12:55:12.486559,94,575,3.8422871104379253,469
2026-04-25 12:56:12.486559,58,199,15.487490930926132,197
2026-04-25 12:57:12.486559,97,468,12.919922373007957,107
2026-04-25 12:58:12.486559,71,591,2.985408743876581,234
2026-04-25 12:59:12.486559,77,496,2.3820005704750358,181
2026-04-25 13:00:12.486559,43,374,14.507866022349319,386
2026-04-25 13:01:12.486559,48,370,18.47385226262435,414
2026-04-25 13:02:12.486559,56,414,0.8397336531248967,184
2026-04-25 13:03:12.486559,72,226,2.695804581048662,345
2026-04-25 13:04:12.486559,72,271,8.044660727087638,157
2026-04-25 13:05:12.486559,51,498,19.12963249280196,311
2026-04-25 13:06:12.486559,47,224,19.862896903353658,391
2026-04-25 13:07:12.486559,66,392,19.186343199051382,379
2026-04-25 13:08:12.486559,56,404,12.837722233102937,296
2026-04-25 13:09:12.486559,66,128,5.922944071546434,364
2026-04-25 13:10:12.486559,84,243,10.359669144751324,432
2026-04-25 13:11:12.486559,40,265,17.64481153794316,295
2026-04-25 13:12:12.486559,53,578,13.744395345574695,311
2026-04-25 13:13:12.486559,79,430,8.349247856509255,499
2026-04-25 13:14:12.486559,62,402,5.418308730769395,457
2026-04-25 13:15:12.486559,68,491,16.44328395409876,435
2026-04-25 13:16:12.486559,42,120,9.295039438624894,247
2026-04-25 13:17:12.486559,61,275,16.004102260354344,132
2026-04-25 13:18:12.486559,51,389,2.990590975671281,161
2026-04-25 13:19:12.486559,79,594,17.229346565732882,156
2026-04-25 13:20:12.486559,80,562,13.846126985437653,106
2026-04-25 13:21:12.486559,42,246,19.25570452164651,174
2026-04-25 13:22:12.486559,63,567,16.201545668490972,471
2026-04-25 13:23:12.486559,69,432,2.7808907884367984,203
2026-04-25 13:24:12.486559,53,508,16.55130421015219,154
2026-04-25 13:25:12.486559,75,551,13.67042258551384,306
2026-04-25 13:26:12.486559,77,447,15.704404100547416,188
2026-04-25 13:27:12.486559,57,458,14.810221563060859,346
2026-04-25 13:28:12.486559,42,425,5.7335572951373015,280
2026-04-25 13:29:12.486559,59,267,8.778247119769532,278
2026-04-25 13:30:12.486559,72,170,2.939854820745844,436
2026-04-25 13:31:12.486559,80,507,15.91430341923134,114
2026-04-25 13:32:12.486559,56,286,4.002806371183619,361
2026-04-25 13:33:12.486559,71,327,5.691543322713808,472
2026-04-25 13:34:12.486559,81,322,16.340371366517573,356
2026-04-25 13:35:12.486559,74,405,14.473878441135405,442
2026-04-25 13:36:12.486559,48,138,16.505781870321698,272
2026-04-25 13:37:12.486559,65,565,16.696791587655394,466
2026-04-25 13:38:12.486559,50,435,11.05471702768609,125
2026-04-25 13:39:12.486559,65,200,11.011029333317419,183
2026-04-25 13:40:12.486559,66,445,2.956895011392253,305
2026-04-25 13:41:12.486559,53,236,2.310969595611647,148
2026-04-25 13:42:12.486559,59,472,11.132231999876582,429
2026-04-25 13:43:12.486559,60,162,13.286947704539001,285
2026-04-25 13:44:12.486559,53,191,11.638654725371822,353
2026-04-25 13:45:12.486559,41,505,18.76079599995902,356
2026-04-25 13:46:12.486559,64,251,8.267573494582408,446
2026-04-25 13:47:12.486559,83,467,1.4285074508136364,213
2026-04-25 13:48:12.486559,52,149,19.996153938361484,446
2026-04-25 13:49:12.486559,99,227,10.085641321346417,297
2026-04-25 13:50:12.486559,70,565,12.857882691830513,365
2026-04-25 13:51:12.486559,50,421,15.639215858346873,365
2026-04-25 13:52:12.486559,40,295,11.450564787696143,343
2026-04-25 13:53:12.486559,46,110,3.0785720643337267,177
2026-04-25 13:54:12.486559,78,114,5.972312092104255,373
2026-04-25 13:55:12.486559,82,442,4.815957346076565,166
2026-04-25 13:56:12.486559,57,143,13.784806231541772,453
2026-04-25 13:57:12.486559,81,324,7.907308623245131,431
2026-04-25 13:58:12.486559,40,486,0.26582105654593846,384
2026-04-25 13:59:12.486559,65,553,4.613664944958336,480
2026-04-25 14:00:12.486559,65,310,16.581077066533226,450
2026-04-25 14:01:12.486559,81,247,18.733500925210805,471
2026-04-25 14:02:12.486559,66,442,7.876684568362588,348
2026-04-25 14:03:12.486559,92,380,10.84491992257403,352
2026-04-25 14:04:12.486559,50,357,2.553974132844965,394
2026-04-25 14:05:12.486559,72,582,16.014105488236183,409
2026-04-25 14:06:12.486559,57,529,5.337601109233246,237
2026-04-25 14:07:12.486559,80,504,19.719829809072635,228
2026-04-25 14:08:12.486559,79,357,5.791080039149321,201
2026-04-25 14:09:12.486559,95,523,4.983012393383568,369
2026-04-25 14:10:12.486559,58,394,3.869596433073468,374
2026-04-25 14:11:12.486559,48,433,2.1886176695789805,154
2026-04-25 14:12:12.486559,63,499,5.787023158847293,117
2026-04-25 14:13:12.486559,79,221,16.13133298998327,382
2026-04-25 14:14:12.486559,98,246,14.798726637687308,406
2026-04-25 14:15:12.486559,70,547,4.954126583721141,286
2026-04-25 14:16:12.486559,95,263,0.9271211961575587,135
2026-04-25 14:17:12.486559,71,575,13.221815849487083,166
2026-04-25 14:18:12.486559,94,358,19.10124163523633,107
2026-04-25 14:19:12.486559,40,385,0.3156201899387212,194
2026-04-25 14:20:12.486559,73,255,19.217187133774708,252
2026-04-25 14:21:12.486559,40,486,1.239097088367489,171
2026-04-25 14:22:12.486559,65,534,10.2302605499991,462
2026-04-25 14:23:12.486559,61,385,3.1676227411616042,238
2026-04-25 14:24:12.486559,51,138,12.315496152596731,219
2026-04-25 14:25:12.486559,65,213,10.829520704786212,213
2026-04-25 14:26:12.486559,40,410,12.947502513998119,424
2026-04-25 14:27:12.486559,81,424,8.789509154860937,456
2026-04-25 14:28:12.486559,77,594,13.045890145491615,363
2026-04-25 14:29:12.486559,80,126,11.794886031484994,353
2026-04-25 14:30:12.486559,96,451,8.433527877157513,361
2026-04-25 14:31:12.486559,43,497,5.000217508428511,422
2026-04-25 14:32:12.486559,53,469,19.303953536635913,379
2026-04-25 14:33:12.486559,47,582,8.897067048920153,433
2026-04-25 14:34:12.486559,84,546,13.489912442328603,299
2026-04-25 14:35:12.486559,66,378,4.834464341028985,232
2026-04-25 14:36:12.486559,82,494,17.308353238356034,237
2026-04-25 14:37:12.486559,90,438,7.613423479086096,448
2026-04-25 14:38:12.486559,40,100,13.818850737173102,440
2026-04-25 14:39:12.486559,56,489,2.502052978516971,187
2026-04-25 14:40:12.486559,41,341,10.524250007975475,406
2026-04-25 14:41:12.486559,73,428,9.977617424360343,222
2026-04-25 14:42:12.486559,84,572,8.977570036916262,227
2026-04-25 14:43:12.486559,50,345,10.033982640008679,256
2026-04-25 14:44:12.486559,49,154,13.295870477570059,111
2026-04-25 14:45:12.486559,48,181,19.338281493311086,225
2026-04-25 14:46:12.486559,82,375,4.433740030766997,223
2026-04-25 14:47:12.486559,72,339,0.073645522175938,407
2026-04-25 14:48:12.486559,67,309,9.017824966197871,180
2026-04-25 14:49:12.486559,98,200,9.537579955474085,167
2026-04-25 14:50:12.486559,70,330,1.1966229496016911,213
2026-04-25 14:51:12.486559,57,517,14.22862532020499,324
2026-04-25 14:52:12.486559,57,567,14.328381698273876,392
2026-04-25 14:53:12.486559,44,485,19.70836116642078,360
2026-04-25 14:54:12.486559,44,529,9.101934468626114,361
2026-04-25 14:55:12.486559,71,187,6.304577771511988,477
2026-04-25 14:56:12.486559,53,266,0.4930866806676848,492
2026-04-25 14:57:12.486559,63,520,16.434588523296767,341
2026-04-25 14:58:12.486559,59,178,17.812867410064122,209
2026-04-25 14:59:12.486559,73,495,18.40740319764453,276
2026-04-25 15:00:12.486559,73,534,12.104547080635443,482
2026-04-25 15:01:12.486559,48,539,16.41542279003609,488
2026-04-25 15:02:12.486559,79,527,4.874704771650422,170
2026-04-25 15:03:12.486559,70,162,5.233786014466599,253
2026-04-25 15:04:12.486559,80,445,14.986895046679027,381
2026-04-25 15:05:12.486559,47,117,3.0756551269315913,346
2026-04-25 15:06:12.486559,81,516,11.525320767810495,236
2026-04-25 15:07:12.486559,93,246,15.690089662578941,397
2026-04-25 15:08:12.486559,55,516,13.407654575984884,391
2026-04-25 15:09:12.486559,47,123,13.514442176995408,144
2026-04-25 15:10:12.486559,91,557,12.292483525163643,125
2026-04-25 15:11:12.486559,49,225,5.15209674005654,256
2026-04-25 15:12:12.486559,70,155,16.60589075471791,196
2026-04-25 15:13:12.486559,82,520,2.479426434389007,156
2026-04-25 15:14:12.486559,67,441,18.46299078197376,201
2026-04-25 15:15:12.486559,78,219,6.578182815860609,292
2026-04-25 15:16:12.486559,64,191,5.554794008661419,459
2026-04-25 15:17:12.486559,81,455,18.961531793373638,180
2026-04-25 15:18:12.486559,51,574,14.625567113386836,253
2026-04-25 15:19:12.486559,65,234,10.942058183519908,312
2026-04-25 15:20:12.486559,50,362,19.541790109547524,362
2026-04-25 15:21:12.486559,90,304,1.2526498297041244,443
2026-04-25 15:22:12.486559,62,204,3.9782219931997975,119
2026-04-25 15:23:12.486559,81,229,18.277117915121593,348
2026-04-25 15:24:12.486559,69,476,8.719748121200494,468
2026-04-25 15:25:12.486559,52,377,7.512383969612064,480
2026-04-25 15:26:12.486559,46,357,16.032981528685067,188
2026-04-25 15:27:12.486559,52,133,12.274361543320346,415
2026-04-25 15:28:12.486559,58,490,8.582161460755955,339
2026-04-25 15:29:12.486559,71,357,4.986255679357745,120
2026-04-25 15:30:12.486559,42,194,4.930408327929818,424
2026-04-25 15:31:12.486559,81,409,15.717825383038617,298
2026-04-25 15:32:12.486559,73,350,16.339506379826478,390
2026-04-25 15:33:12.486559,54,516,16.912369052273778,165
2026-04-25 15:34:12.486559,68,309,4.767865850126385,189
2026-04-25 15:35:12.486559,77,249,7.681921855369794,215
2026-04-25 15:36:12.486559,65,383,8.492722464114227,234
2026-04-25 15:37:12.486559,94,151,3.021461474534608,220
2026-04-25 15:38:12.486559,78,530,11.934733930777455,232
2026-04-25 15:39:12.486559,90,416,15.393443894963836,422
2026-04-25 15:40:12.486559,84,117,11.874391923133981,377
2026-04-25 15:41:12.486559,81,364,0.21522665035989652,408
2026-04-25 15:42:12.486559,46,286,13.46607107474953,357
2026-04-25 15:43:12.486559,74,337,4.650266225758757,348
2026-04-25 15:44:12.486559,46,135,12.42698603843608,435
2026-04-25 15:45:12.486559,75,489,12.507429204482236,130
2026-04-25 15:46:12.486559,57,558,16.9900082858351,151
2026-04-25 15:47:12.486559,44,332,10.208682519882679,249
2026-04-25 15:48:12.486559,41,325,11.99693679246111,153
2026-04-25 15:49:12.486559,76,424,1.320877009368937,154
2026-04-25 15:50:12.486559,74,485,11.468100352128609,185
2026-04-25 15:51:12.486559,71,230,9.289671744846327,382
2026-04-25 15:52:12.486559,46,587,10.275239124283031,355
2026-04-25 15:53:12.486559,49,117,14.600755395207091,183
2026-04-25 15:54:12.486559,43,420,13.490780800542916,465
2026-04-25 15:55:12.486559,93,497,0.22284033093686428,362
2026-04-25 15:56:12.486559,76,288,16.587730924259546,130
2026-04-25 15:57:12.486559,63,419,9.293787957434724,413
2026-04-25 15:58:12.486559,42,542,17.298479837082308,405
2026-04-25 15:59:12.486559,63,123,12.035427396445055,112
2026-04-25 16:00:12.486559,76,489,5.367315687117966,274
2026-04-25 16:01:12.486559,66,342,11.01194602120409,417
2026-04-25 16:02:12.486559,54,495,7.58673035786124,472
2026-04-25 16:03:12.486559,40,434,17.45515289836441,305
2026-04-25 16:04:12.486559,96,507,9.554256521461813,447
2026-04-25 16:05:12.486559,60,263,14.188459242207458,290
2026-04-25 16:06:12.486559,68,564,2.7468339900354377,166
2026-04-25 16:07:12.486559,45,386,5.364972109860577,250
2026-04-25 16:08:12.486559,49,403,8.138152917756443,259
2026-04-25 16:09:12.486559,64,328,18.96642637275616,359
2026-04-25 16:10:12.486559,96,281,3.4025156719501415,259
2026-04-25 16:11:12.486559,47,590,5.890155134424518,483
2026-04-25 16:12:12.486559,70,579,2.5143658344665254,457
2026-04-25 16:13:12.486559,55,529,18.305038380964827,499
2026-04-25 16:14:12.486559,40,304,4.521041743179457,346
2026-04-25 16:15:12.486559,42,442,18.253669588117468,288
2026-04-25 16:16:12.486559,83,443,8.188260850657974,496
2026-04-25 16:17:12.486559,46,291,15.667108001086032,269
2026-04-25 16:18:12.486559,54,504,15.292880793187756,144
2026-04-25 16:19:12.486559,42,118,0.6276910980811579,226
2026-04-25 16:20:12.486559,97,260,1.2488210496738295,170
2026-04-25 16:21:12.486559,76,193,9.922683839139228,204
2026-04-25 16:22:12.486559,67,285,7.312327972074502,217
2026-04-25 16:23:12.486559,75,561,14.812003343824527,325
2026-04-25 16:24:12.486559,40,502,0.05675397056544851,145
2026-04-25 16:25:12.486559,66,260,11.170985423265158,293
2026-04-25 16:26:12.486559,40,112,4.073561320136818,131
2026-04-25 16:27:12.486559,68,478,5.095553539175142,434
2026-04-25 16:28:12.486559,63,244,11.813362526401164,389
2026-04-25 16:29:12.486559,69,194,0.665601498851951,292
2026-04-25 16:30:12.486559,76,360,6.870375802223654,431
2026-04-25 16:31:12.486559,56,196,9.973845409948598,436
2026-04-25 16:32:12.486559,58,255,7.333182132604135,335
2026-04-25 16:33:12.486559,99,328,3.1615952992013208,344
2026-04-25 16:34:12.486559,77,595,15.941251564914893,401
2026-04-25 16:35:12.486559,41,451,11.899784717924511,217
2026-04-25 16:36:12.486559,69,198,0.7590268661820465,174
2026-04-25 16:37:12.486559,83,510,17.168755267140472,273
2026-04-25 16:38:12.486559,47,585,10.450066114174218,169
2026-04-25 16:39:12.486559,61,430,19.527813417850748,339
2026-04-25 16:40:12.486559,42,154,10.535678679345857,454
2026-04-25 16:41:12.486559,43,308,4.79799858016813,157
2026-04-25 16:42:12.486559,81,269,19.024431607540002,335
2026-04-25 16:43:12.486559,53,114,11.618846502871174,284
2026-04-25 16:44:12.486559,65,592,4.442492637525106,335
2026-04-25 16:45:12.486559,76,256,16.914719450229846,491
2026-04-25 16:46:12.486559,98,290,5.753961869817939,188
2026-04-25 16:47:12.486559,54,223,19.235425605609812,236
2026-04-25 16:48:12.486559,44,202,4.64277975415087,100
2026-04-25 16:49:12.486559,75,460,12.935299767413245,457
2026-04-25 16:50:12.486559,47,454,11.011639590861698,173
2026-04-25 16:51:12.486559,44,537,2.1457142118494144,477
2026-04-25 16:52:12.486559,66,304,4.537786601053304,469
2026-04-25 16:53:12.486559,68,442,17.77966335018331,386
2026-04-25 16:54:12.486559,74,495,12.758640714600627,444
2026-04-25 16:55:12.486559,59,573,9.744314543782814,421
2026-04-25 16:56:12.486559,57,507,2.003282366565007,127
2026-04-25 16:57:12.486559,50,245,11.420739440608582,223
2026-04-25 16:58:12.486559,43,282,11.83500341446406,328
2026-04-25 16:59:12.486559,92,315,6.89885703453837,444
2026-04-25 17:00:12.486559,55,583,16.390757801345295,189
2026-04-25 17:01:12.486559,48,566,12.00053709004364,368
2026-04-25 17:02:12.486559,82,212,3.7421363738650215,124
2026-04-25 17:03:12.486559,41,483,16.921149491519543,132
2026-04-25 17:04:12.486559,66,491,15.837621571021373,350
2026-04-25 17:05:12.486559,75,175,12.500583131846446,345
2026-04-25 17:06:12.486559,59,453,5.29013722998654,237
2026-04-25 17:07:12.486559,83,248,14.748050461390111,269
2026-04-25 17:08:12.486559,50,491,8.2583786177125,283
2026-04-25 17:09:12.486559,60,262,8.233742152455521,422
2026-04-25 17:10:12.486559,48,180,11.727238505974784,392
2026-04-25 17:11:12.486559,68,533,10.32792410119228,276
2026-04-25 17:12:12.486559,45,133,11.903895558100242,149
2026-04-25 17:13:12.486559,51,120,6.952235765484462,450
2026-04-25 17:14:12.486559,50,546,18.737311161416446,293
2026-04-25 17:15:12.486559,77,593,5.333803188059687,390
2026-04-25 17:16:12.486559,60,328,18.751233672137428,220
2026-04-25 17:17:12.486559,73,522,18.970919642431838,250
2026-04-25 17:18:12.486559,53,462,5.7804037666611086,257
2026-04-25 17:19:12.486559,96,306,12.688251678010086,237
2026-04-25 17:20:12.486559,72,419,16.55793825511897,400
2026-04-25 17:21:12.486559,44,479,0.5056596332950791,490
2026-04-25 17:22:12.486559,64,220,4.574615678830371,486
2026-04-25 17:23:12.486559,70,192,3.817989524235561,351
2026-04-25 17:24:12.486559,52,582,8.326904814854617,188
2026-04-25 17:25:12.486559,54,516,2.54318749500277,214
2026-04-25 17:26:12.486559,64,527,3.5595189071525057,356
2026-04-25 17:27:12.486559,78,178,16.94651741189306,258
2026-04-25 17:28:12.486559,74,274,2.4531944164335573,444
2026-04-25 17:29:12.486559,61,306,10.88406739508435,308
2026-04-25 17:30:12.486559,80,409,7.924356608193708,475
2026-04-25 17:31:12.486559,66,505,14.281531579274642,429
2026-04-25 17:32:12.486559,63,405,10.48274897948039,425
2026-04-25 17:33:12.486559,56,545,16.084475658152645,178
2026-04-25 17:34:12.486559,58,122,13.73212942436223,261
2026-04-25 17:35:12.486559,55,444,12.622313490510367,276
2026-04-25 17:36:12.486559,65,398,3.3777535805841086,203
2026-04-25 17:37:12.486559,94,581,17.08456762735739,342
2026-04-25 17:38:12.486559,49,145,7.571049559331591,427
2026-04-25 17:39:12.486559,42,455,18.375730808080764,489
2026-04-25 17:40:12.486559,44,296,6.955286544845867,404
2026-04-25 17:41:12.486559,65,459,17.833745062261396,103
2026-04-25 17:42:12.486559,81,409,14.818930385970205,174
2026-04-25 17:43:12.486559,83,519,11.771957591303082,387
2026-04-25 17:44:12.486559,50,269,15.519012316477996,381
2026-04-25 17:45:12.486559,76,404,2.0617611896034327,360
2026-04-25 17:46:12.486559,69,449,9.20940678924945,143
2026-04-25 17:47:12.486559,42,564,17.503861961581283,422
2026-04-25 17:48:12.486559,65,509,3.3354023033655955,491
2026-04-25 17:49:12.486559,75,402,2.465261432461514,138
2026-04-25 17:50:12.486559,90,268,3.158855042345019,291
2026-04-25 17:51:12.486559,56,552,7.2614601764618865,489
2026-04-25 17:52:12.486559,76,240,4.78941021248088,466
2026-04-25 17:53:12.486559,92,404,10.86080568418776,332
2026-04-25 17:54:12.486559,76,589,1.4268796879242984,216
2026-04-25 17:55:12.486559,47,309,7.988266035427339,373
2026-04-25 17:56:12.486559,90,125,5.537629047399406,259
2026-04-25 17:57:12.486559,63,465,10.711076509250365,391
2026-04-25 17:58:12.486559,75,439,11.899281742259472,443
2026-04-25 17:59:12.486559,52,454,19.237224204846033,355
2026-04-25 18:00:12.486559,53,425,4.072010479238917,259
2026-04-25 18:01:12.486559,49,398,0.6700621393371975,413
2026-04-25 18:02:12.486559,50,564,14.977311504805,171
2026-04-25 18:03:12.486559,70,461,6.232984022509262,195
2026-04-25 18:04:12.486559,78,420,6.857764052372454,462
2026-04-25 18:05:12.486559,62,503,10.374509189608805,496
2026-04-25 18:06:12.486559,58,166,18.68997576048296,275
2026-04-25 18:07:12.486559,59,110,17.16334060839158,268
2026-04-25 18:08:12.486559,44,197,11.695433713454994,467
2026-04-25 18:09:12.486559,65,347,8.283681989134646,438
2026-04-25 18:10:12.486559,53,141,1.2568520134186656,218
2026-04-25 18:11:12.486559,95,586,10.141168931882653,191
2026-04-25 18:12:12.486559,43,481,13.532110959033375,362
2026-04-25 18:13:12.486559,78,368,15.626172628023944,152
2026-04-25 18:14:12.486559,47,171,19.2538031201954,371
2026-04-25 18:15:12.486559,93,320,3.715775127741079,274
2026-04-25 18:16:12.486559,92,478,19.243354349698627,411
2026-04-25 18:17:12.486559,41,152,11.714097585803142,254
2026-04-25 18:18:12.486559,95,390,10.994952880581142,370
2026-04-25 18:19:12.486559,55,468,1.490505927606618,420
2026-04-25 18:20:12.486559,84,118,0.7777434959426777,356
2026-04-25 18:21:12.486559,43,431,4.573318030842137,280
2026-04-25 18:22:12.486559,73,576,10.008507773992125,205
2026-04-25 18:23:12.486559,90,243,16.870364324226816,345
2026-04-25 18:24:12.486559,72,359,15.825386696582482,112
2026-04-25 18:25:12.486559,56,376,9.451598990666529,358
2026-04-25 18:26:12.486559,77,486,10.977370961886093,256
2026-04-25 18:27:12.486559,64,203,15.28788886354439,238
2026-04-25 18:28:12.486559,69,283,7.0449294786325485,255
2026-04-25 18:29:12.486559,76,453,4.952249118255314,355
2026-04-25 18:30:12.486559,43,550,0.04509136928803281,311
2026-04-25 18:31:12.486559,73,379,2.7648778713181366,308
2026-04-25 18:32:12.486559,78,349,12.893099595234903,125
2026-04-25 18:33:12.486559,79,250,5.5771377540012,445
2026-04-25 18:34:12.486559,81,219,17.089392297154426,317
2026-04-25 18:35:12.486559,64,469,4.733134547441182,485
2026-04-25 18:36:12.486559,81,133,4.871795684886122,248
2026-04-25 18:37:12.486559,78,391,4.657341795170149,456
2026-04-25 18:38:12.486559,70,101,6.21481587829183,485
2026-04-25 18:39:12.486559,60,107,19.261769280831118,454
2026-04-25 18:40:12.486559,62,348,4.057161912372247,459
2026-04-25 18:41:12.486559,45,340,3.499280797302289,195
2026-04-25 18:42:12.486559,83,423,11.329746748389681,387
2026-04-25 18:43:12.486559,54,290,13.422447054431888,295
2026-04-25 18:44:12.486559,40,461,10.90350469077206,284
2026-04-25 18:45:12.486559,96,236,18.729393368542418,113
2026-04-25 18:46:12.486559,62,539,3.0296157077722174,376
2026-04-25 18:47:12.486559,45,281,4.409512888024743,117
2026-04-25 18:48:12.486559,47,414,17.034214658088384,223
2026-04-25 18:49:12.486559,63,114,14.111149366322147,480
2026-04-25 18:50:12.486559,68,133,17.773474402777552,237
2026-04-25 18:51:12.486559,47,171,18.048404203112053,457
2026-04-25 18:52:12.486559,71,468,16.205676519178652,251
2026-04-25 18:53:12.486559,50,303,2.873606433290521,384
2026-04-25 18:54:12.486559,55,565,8.86439508771468,134
2026-04-25 18:55:12.486559,48,570,2.9417695280744582,158
2026-04-25 18:56:12.486559,73,411,9.50680773065326,372
2026-04-25 18:57:12.486559,73,501,9.536647299401332,287
2026-04-25 18:58:12.486559,47,422,18.324913925116743,281
2026-04-25 18:59:12.486559,73,591,12.044229421530492,130
2026-04-25 19:00:12.486559,73,335,8.103647485155896,288
2026-04-25 19:01:12.486559,46,528,6.359318873182924,363
2026-04-25 19:02:12.486559,84,372,1.4605532590950232,358
2026-04-25 19:03:12.486559,83,130,7.491301077166472,434
2026-04-25 19:04:12.486559,93,226,9.394296368954326,139
2026-04-25 19:05:12.486559,52,281,10.97582713796691,139
2026-04-25 19:06:12.486559,80,294,19.987158013132806,468
2026-04-25 19:07:12.486559,44,304,2.372146710815344,108
2026-04-25 19:08:12.486559,49,252,4.902829026046643,403
2026-04-25 19:09:12.486559,43,476,19.060293759652225,497
2026-04-25 19:10:12.486559,43,549,18.45175215346075,263
2026-04-25 19:11:12.486559,71,554,14.851242249330724,190
2026-04-25 19:12:12.486559,45,556,2.019803341564743,363
2026-04-25 19:13:12.486559,99,143,19.331323289333547,229
2026-04-25 19:14:12.486559,65,585,14.58970281615107,290
2026-04-25 19:15:12.486559,82,521,6.964983666168836,151
2026-04-25 19:16:12.486559,76,397,19.27727056636305,369
2026-04-25 19:17:12.486559,58,170,6.361667322634101,180
2026-04-25 19:18:12.486559,67,335,18.750664304452002,169
2026-04-25 19:19:12.486559,69,170,0.1895050734190784,430
2026-04-25 19:20:12.486559,83,517,2.44115277429392,331
2026-04-25 19:21:12.486559,77,396,13.675812078513278,139
2026-04-25 19:22:12.486559,55,281,19.304525021184645,437
2026-04-25 19:23:12.486559,83,382,19.135721785308263,350
2026-04-25 19:24:12.486559,43,244,10.888988254029071,444
2026-04-25 19:25:12.486559,66,381,19.03469395064084,477
2026-04-25 19:26:12.486559,75,289,1.4124637474903778,192
2026-04-25 19:27:12.486559,49,499,16.32217553520517,242
2026-04-25 19:28:12.486559,57,422,2.759887509512644,106
2026-04-25 19:29:12.486559,59,308,6.03691225539428,360
2026-04-25 19:30:12.486559,65,310,4.859340693994203,167
2026-04-25 19:31:12.486559,75,209,4.1920097301731785,420
2026-04-25 19:32:12.486559,73,521,6.1659295194226775,287
2026-04-25 19:33:12.486559,63,569,11.982341535418486,111
2026-04-25 19:34:12.486559,74,212,6.846895720363522,182
2026-04-25 19:35:12.486559,64,202,1.0895898238718216,172
2026-04-25 19:36:12.486559,75,455,18.878757318954786,393
2026-04-25 19:37:12.486559,70,461,6.373694401542796,373
2026-04-25 19:38:12.486559,83,252,8.380125931299371,281
2026-04-25 19:39:12.486559,46,584,10.355698468692552,407
2026-04-25 19:40:12.486559,70,300,3.5923078341196657,121
2026-04-25 19:41:12.486559,70,294,6.805844961528493,134
2026-04-25 19:42:12.486559,72,351,14.776635543879628,498
2026-04-25 19:43:12.486559,75,103,11.007936688957153,219
2026-04-25 19:44:12.486559,93,361,12.333316943712827,292
2026-04-25 19:45:12.486559,77,476,5.841590581490008,210
2026-04-25 19:46:12.486559,43,341,4.144021018242167,238
2026-04-25 19:47:12.486559,51,566,2.9945438375345867,241
2026-04-25 19:48:12.486559,40,135,19.791116021344322,423
2026-04-25 19:49:12.486559,92,166,14.400935826774433,383
2026-04-25 19:50:12.486559,49,483,8.742304544723218,165
2026-04-25 19:51:12.486559,67,522,15.394738986936428,475
2026-04-25 19:52:12.486559,63,246,18.98779287220802,358
2026-04-25 19:53:12.486559,55,546,6.531752506395345,465
2026-04-25 19:54:12.486559,67,187,12.153671517495706,241
2026-04-25 19:55:12.486559,44,238,13.757186120208926,164
2026-04-25 19:56:12.486559,73,311,0.47761733463012934,454
2026-04-25 19:57:12.486559,79,420,17.65526984564655,418
2026-04-25 19:58:12.486559,63,179,2.6905655150035823,322
2026-04-25 19:59:12.486559,54,437,10.908615644544692,393
2026-04-25 20:00:12.486559,77,116,17.661101515231028,143
2026-04-25 20:01:12.486559,48,407,15.718584690579963,370
2026-04-25 20:02:12.486559,82,478,13.626834582005309,110
2026-04-25 20:03:12.486559,81,146,9.047104409481125,169
2026-04-25 20:04:12.486559,77,452,19.712254968824308,336
2026-04-25 20:05:12.486559,41,110,9.307281818851267,403
2026-04-25 20:06:12.486559,41,191,2.2210382457843436,259
2026-04-25 20:07:12.486559,62,357,0.3117770428505984,345
2026-04-25 20:08:12.486559,66,511,1.363785873799026,234
2026-04-25 20:09:12.486559,58,379,17.26103732495193,213
2026-04-25 20:10:12.486559,61,491,2.698130739140583,235
2026-04-25 20:11:12.486559,62,556,0.41613038380444056,108
2026-04-25 20:12:12.486559,42,450,6.885431055350322,119
2026-04-25 20:13:12.486559,74,283,12.507195635404557,429
2026-04-25 20:14:12.486559,65,525,12.283962372038342,117
2026-04-25 20:15:12.486559,49,173,12.41000600070108,218
2026-04-25 20:16:12.486559,84,138,9.934925956495814,199
2026-04-25 20:17:12.486559,73,142,8.063928015116602,411
2026-04-25 20:18:12.486559,64,424,8.306316741780439,146
2026-04-25 20:19:12.486559,58,513,11.372021350785895,435
2026-04-25 20:20:12.486559,81,556,15.69498794157745,164
2026-04-25 20:21:12.486559,43,171,4.497818187806564,294
2026-04-25 20:22:12.486559,75,213,16.210425210977427,489
2026-04-25 20:23:12.486559,99,242,1.6413065592016207,460
2026-04-25 20:24:12.486559,98,495,2.559377834698786,108
2026-04-25 20:25:12.486559,50,580,19.184845435236298,451
2026-04-25 20:26:12.486559,43,297,15.539831700684692,274
2026-04-25 20:27:12.486559,54,598,0.19617705553713005,389
2026-04-25 20:28:12.486559,59,540,19.232202458436625,151
2026-04-25 20:29:12.486559,72,268,5.028932304280818,307
2026-04-25 20:30:12.486559,71,168,19.750122228853687,474
2026-04-25 20:31:12.486559,69,575,17.53810068284653,148
2026-04-25 20:32:12.486559,95,361,3.3809558804950846,392
2026-04-25 20:33:12.486559,75,429,18.286567200242366,305
2026-04-25 20:34:12.486559,71,462,13.3305680278725,207
2026-04-25 20:35:12.486559,79,394,9.196373863921131,321
2026-04-25 20:36:12.486559,48,576,6.49163423342123,283
2026-04-25 20:37:12.486559,79,326,12.528617301853552,267
2026-04-25 20:38:12.486559,93,215,8.084425089973426,333
2026-04-25 20:39:12.486559,82,379,16.427339866409127,450
2026-04-25 20:40:12.486559,59,374,8.410485699985419,339
2026-04-25 20:41:12.486559,94,590,6.81810210419187,331
2026-04-25 20:42:12.486559,77,142,0.533817838848667,283
2026-04-25 20:43:12.486559,81,381,6.388402181600396,433
2026-04-25 20:44:12.486559,52,589,1.9722543735308684,382
2026-04-25 20:45:12.486559,65,571,1.5546595108476313,302
2026-04-25 20:46:12.486559,56,598,0.47236477464477344,133
2026-04-25 20:47:12.486559,57,425,0.483127738876985,408
2026-04-25 20:48:12.486559,62,556,3.8084080829293243,165
2026-04-25 20:49:12.486559,55,215,17.3595404829361,389
2026-04-25 20:50:12.486559,83,163,17.49585243834183,274
2026-04-25 20:51:12.486559,69,132,11.189394207343735,416
2026-04-25 20:52:12.486559,66,102,5.623207104253323,178
2026-04-25 20:53:12.486559,59,140,2.3637221446779866,167
2026-04-25 20:54:12.486559,76,189,18.373952556574338,242
2026-04-25 20:55:12.486559,92,241,4.449624413801542,349
2026-04-25 20:56:12.486559,95,147,8.684384797254335,223
2026-04-25 20:57:12.486559,79,477,0.8502629204547696,161
2026-04-25 20:58:12.486559,53,469,14.892576187553646,426
2026-04-25 20:59:12.486559,69,448,5.26622270276158,258
2026-04-25 21:00:12.486559,70,276,8.3929541949435,111
2026-04-25 21:01:12.486559,82,488,8.9840140270815,463
2026-04-25 21:02:12.486559,79,399,17.13383861681665,230
2026-04-25 21:03:12.486559,84,431,15.62183020298866,415
2026-04-25 21:04:12.486559,64,517,4.542538897066192,108
2026-04-25 21:05:12.486559,40,459,3.382501685712904,144
2026-04-25 21:06:12.486559,68,591,3.25625954642919,110
2026-04-25 21:07:12.486559,97,451,19.048848646316145,410
2026-04-25 21:08:12.486559,74,451,12.50769294877831,374
2026-04-25 21:09:12.486559,61,163,11.222693437047237,337
2026-04-25 21:10:12.486559,84,478,12.106701636420178,125
2026-04-25 21:11:12.486559,46,215,11.700799524146177,455
2026-04-25 21:12:12.486559,84,122,18.696392480887237,141
2026-04-25 21:13:12.486559,50,380,14.634960315886298,442
2026-04-25 21:14:12.486559,64,354,7.621568232942644,159
2026-04-25 21:15:12.486559,52,166,7.0061628067269055,413
2026-04-25 21:16:12.486559,65,433,6.3898043701615865,432
2026-04-25 21:17:12.486559,77,335,15.492015900399963,399
2026-04-25 21:18:12.486559,44,224,18.29519750090665,484
2026-04-25 21:19:12.486559,48,550,4.989260865337377,315
2026-04-25 21:20:12.486559,84,507,10.271163148277665,497
2026-04-25 21:21:12.486559,50,514,16.676601048850095,395
2026-04-25 21:22:12.486559,65,202,12.600831302306618,237
2026-04-25 21:23:12.486559,54,422,7.8833029141264195,145
2026-04-25 21:24:12.486559,48,448,16.601644721390684,224
2026-04-25 21:25:12.486559,98,214,5.111930535959441,496
2026-04-25 21:26:12.486559,71,344,15.22079388922288,457
2026-04-25 21:27:12.486559,47,558,17.724274600886027,403
2026-04-25 21:28:12.486559,57,387,7.559441794075066,248
2026-04-25 21:29:12.486559,61,575,7.225631791863054,188
2026-04-25 21:30:12.486559,80,575,2.2424464399708355,274
2026-04-25 21:31:12.486559,64,297,1.1088188379965125,183
2026-04-25 21:32:12.486559,81,411,11.017069181233152,367
2026-04-25 21:33:12.486559,79,457,6.600753957983228,476
2026-04-25 21:34:12.486559,51,287,7.108610726082372,337
2026-04-25 21:35:12.486559,98,129,14.116337857047478,239
2026-04-25 21:36:12.486559,46,524,15.986211943298159,193
2026-04-25 21:37:12.486559,47,297,6.354342428474999,164
2026-04-25 21:38:12.486559,77,396,9.467318644909668,222
2026-04-25 21:39:12.486559,62,552,5.323768194643872,200
2026-04-25 21:40:12.486559,64,552,12.483413998641053,193
2026-04-25 21:41:12.486559,66,416,4.737147780932542,221
2026-04-25 21:42:12.486559,59,473,14.628436777984849,473
2026-04-25 21:43:12.486559,44,308,13.5480158159846,218
2026-04-25 21:44:12.486559,71,592,7.34532950475794,286
2026-04-25 21:45:12.486559,63,534,0.7110176127665935,108
2026-04-25 21:46:12.486559,95,576,4.050372982396457,456
2026-04-25 21:47:12.486559,74,506,8.67706587353101,401
2026-04-25 21:48:12.486559,93,587,10.19032222561366,317
2026-04-25 21:49:12.486559,61,348,18.45823016040167,411
2026-04-25 21:50:12.486559,65,411,11.367819786851,109
2026-04-25 21:51:12.486559,45,563,10.207155592418996,399
2026-04-25 21:52:12.486559,56,230,4.1434316518920795,229
2026-04-25 21:53:12.486559,81,229,17.47119406737236,252
2026-04-25 21:54:12.486559,47,196,3.8383201053831506,406
2026-04-25 21:55:12.486559,52,246,5.40868558755588,247
2026-04-25 21:56:12.486559,58,390,11.017786057247536,448
2026-04-25 21:57:12.486559,57,110,17.676632802744408,385
2026-04-25 21:58:12.486559,64,482,12.453759671278952,387
2026-04-25 21:59:12.486559,80,436,5.987753631723962,324
2026-04-25 22:00:12.486559,57,194,15.828248708539627,446
2026-04-25 22:01:12.486559,69,396,8.645901753971055,359
2026-04-25 22:02:12.486559,70,245,3.6406260531198287,364
2026-04-25 22:03:12.486559,79,333,0.38174942946452406,453
2026-04-25 22:04:12.486559,55,474,11.100660618142902,383
2026-04-25 22:05:12.486559,95,547,16.527483004284925,417
2026-04-25 22:06:12.486559,45,479,17.144464372015964,395
2026-04-25 22:07:12.486559,80,360,10.446093630622421,478
2026-04-25 22:08:12.486559,56,244,17.524976574914984,485
2026-04-25 22:09:12.486559,42,443,7.070871442253126,430
2026-04-25 22:10:12.486559,47,501,14.711446969679574,465
2026-04-25 22:11:12.486559,60,113,14.216879625819864,451
2026-04-25 22:12:12.486559,46,111,8.914275549417791,142
2026-04-25 22:13:12.486559,67,503,19.821835878657758,367
2026-04-25 22:14:12.486559,63,435,7.002535782073398,397
2026-04-25 22:15:12.486559,99,287,8.021438219848026,389
2026-04-25 22:16:12.486559,59,525,4.412397738170856,445
2026-04-25 22:17:12.486559,55,245,1.8910875539027416,318
2026-04-25 22:18:12.486559,63,135,11.778096892472423,441
2026-04-25 22:19:12.486559,78,265,14.148818707272302,446
2026-04-25 22:20:12.486559,46,406,11.669428149662679,436
2026-04-25 22:21:12.486559,51,547,2.004622860590708,315
2026-04-25 22:22:12.486559,56,277,18.961459562586228,168
2026-04-25 22:23:12.486559,64,473,13.508212345896194,480
2026-04-25 22:24:12.486559,95,114,14.934990196206837,495
2026-04-25 22:25:12.486559,82,174,8.632263734069685,419
2026-04-25 22:26:12.486559,80,552,6.752862993288591,116
2026-04-25 22:27:12.486559,62,478,6.151337401357027,428
2026-04-25 22:28:12.486559,75,137,10.445716404354185,426
2026-04-25 22:29:12.486559,96,371,9.243570463025044,408
2026-04-25 22:30:12.486559,49,577,5.362367682909714,326
2026-04-25 22:31:12.486559,52,363,10.247787058865505,170
2026-04-25 22:32:12.486559,93,450,11.028730412494628,401
2026-04-25 22:33:12.486559,74,470,1.8524592566500209,443
2026-04-25 22:34:12.486559,41,217,16.828865115258566,495
2026-04-25 22:35:12.486559,43,450,11.265659169065852,229
2026-04-25 22:36:12.486559,68,513,18.894659764276124,150
2026-04-25 22:37:12.486559,60,343,18.467062946609833,252
2026-04-25 22:38:12.486559,64,577,16.61680833981566,467
2026-04-25 22:39:12.486559,92,165,15.18738764576663,148
2026-04-25 22:40:12.486559,62,424,0.2954539766155029,440
2026-04-25 22:41:12.486559,62,298,8.509333834660433,496
2026-04-25 22:42:12.486559,72,369,4.231708950945561,223
2026-04-25 22:43:12.486559,81,239,7.737118762876724,398
2026-04-25 22:44:12.486559,51,176,11.953738613833876,126
2026-04-25 22:45:12.486559,69,194,7.954447102341071,102
2026-04-25 22:46:12.486559,59,384,3.741518116706626,352
2026-04-25 22:47:12.486559,70,232,17.807389117450548,361
2026-04-25 22:48:12.486559,43,559,7.802700943124073,304
2026-04-25 22:49:12.486559,61,538,2.379932619485532,391
2026-04-25 22:50:12.486559,92,483,19.44207777126238,452
2026-04-25 22:51:12.486559,81,507,3.6957010054672756,478
2026-04-25 22:52:12.486559,84,341,3.2637863154128532,483
2026-04-25 22:53:12.486559,70,419,9.301142591387956,190
2026-04-25 22:54:12.486559,51,494,6.662797348422586,219
2026-04-25 22:55:12.486559,46,441,17.382627199881437,457
2026-04-25 22:56:12.486559,42,128,1.380203815096166,178
2026-04-25 22:57:12.486559,51,183,1.7881471089554735,487
2026-04-25 22:58:12.486559,40,102,11.131281393580794,441
2026-04-25 22:59:12.486559,96,429,3.4209663377696797,263
2026-04-25 23:00:12.486559,72,106,8.296099986515584,345
2026-04-25 23:01:12.486559,79,164,19.122859980103204,199
2026-04-25 23:02:12.486559,66,576,5.763167741600748,430
2026-04-25 23:03:12.486559,43,384,0.06400298048514053,353
2026-04-25 23:04:12.486559,79,489,9.53820484135882,323
2026-04-25 23:05:12.486559,62,256,11.329774154788323,256
2026-04-25 23:06:12.486559,52,228,8.141195965200566,333
2026-04-25 23:07:12.486559,45,338,14.867637924269399,205
2026-04-25 23:08:12.486559,71,472,3.0577782169703993,461
2026-04-25 23:09:12.486559,83,139,17.271652584888336,440
2026-04-25 23:10:12.486559,48,583,1.5011977111146257,471
2026-04-25 23:11:12.486559,66,213,17.387516363253994,367
2026-04-25 23:12:12.486559,84,537,18.144066548437877,482
2026-04-25 23:13:12.486559,95,142,6.492564350882974,144
2026-04-25 23:14:12.486559,72,111,6.515603357996977,264
2026-04-25 23:15:12.486559,82,133,1.7857697415045926,452
2026-04-25 23:16:12.486559,77,517,14.9916143771751,458
2026-04-25 23:17:12.486559,90,356,4.092368658184151,205
2026-04-25 23:18:12.486559,97,380,12.989637823706571,162
2026-04-25 23:19:12.486559,43,449,1.656693265483009,448
2026-04-25 23:20:12.486559,71,300,4.851951281762927,473
2026-04-25 23:21:12.486559,78,492,19.885507906935665,350
2026-04-25 23:22:12.486559,55,102,6.979505511676676,238
2026-04-25 23:23:12.486559,41,590,9.709666175081624,219
2026-04-25 23:24:12.486559,53,526,19.506159958047753,455
2026-04-25 23:25:12.486559,92,470,14.285951964921658,241
2026-04-25 23:26:12.486559,52,562,13.848896658839127,135
2026-04-25 23:27:12.486559,95,209,11.513290970833811,236
2026-04-25 23:28:12.486559,70,191,17.707526551958434,492
2026-04-25 23:29:12.486559,65,132,16.246732731526762,134
2026-04-25 23:30:12.486559,41,129,3.1743578943258344,201
2026-04-25 23:31:12.486559,79,585,4.5195778879738775,454
2026-04-25 23:32:12.486559,50,499,5.737624891226243,330
2026-04-25 23:33:12.486559,99,436,18.83989232513879,117
2026-04-25 23:34:12.486559,56,114,10.458197876906553,339
2026-04-25 23:35:12.486559,50,546,19.109833890092712,314
2026-04-25 23:36:12.486559,66,279,0.34126551969418717,174
2026-04-25 23:37:12.486559,68,143,2.4916712366860394,443
2026-04-25 23:38:12.486559,67,363,18.825648459903277,387
2026-04-25 23:39:12.486559,82,487,13.756458253134529,413
2026-04-25 23:40:12.486559,83,349,3.9866694157247817,406
2026-04-25 23:41:12.486559,94,522,4.450895806980261,310
2026-04-25 23:42:12.486559,43,264,15.007369076637868,451
2026-04-25 23:43:12.486559,60,348,16.765894737937927,396
2026-04-25 23:44:12.486559,62,109,2.523337146732374,312
2026-04-25 23:45:12.486559,66,385,6.130669093712202,379
2026-04-25 23:46:12.486559,64,364,9.855729795542844,368
2026-04-25 23:47:12.486559,95,371,17.825805595241462,483
2026-04-25 23:48:12.486559,81,213,14.866905015731401,437
2026-04-25 23:49:12.486559,72,557,12.85618929402926,293
2026-04-25 23:50:12.486559,63,197,1.2791557806587472,452
2026-04-25 23:51:12.486559,71,478,13.198283187106341,250
2026-04-25 23:52:12.486559,41,517,12.305603502702656,465
2026-04-25 23:53:12.486559,66,177,2.8440183240767136,330
2026-04-25 23:54:12.486559,64,340,12.274663224778344,112
2026-04-25 23:55:12.486559,70,146,8.378630553546895,200
2026-04-25 23:56:12.486559,68,401,15.30468626397202,155
2026-04-25 23:57:12.486559,52,246,5.477368450327946,170
2026-04-25 23:58:12.486559,81,556,8.768352098583739,142
2026-04-25 23:59:12.486559,71,151,3.8097841588885784,117
2026-04-26 00:00:12.486559,51,360,2.8333704528567627,359
2026-04-26 00:01:12.486559,54,510,15.5261920389188,259
2026-04-26 00:02:12.486559,51,396,14.96704499585932,191
2026-04-26 00:03:12.486559,66,540,12.768422059212343,376
2026-04-26 00:04:12.486559,45,331,11.75569314569396,396
2026-04-26 00:05:12.486559,51,136,9.51813715894977,131
2026-04-26 00:06:12.486559,50,509,14.166282888777676,132
2026-04-26 00:07:12.486559,62,516,19.19445527022104,445
2026-04-26 00:08:12.486559,59,276,18.00828236581222,137
2026-04-26 00:09:12.486559,66,480,11.850723979579245,138
2026-04-26 00:10:12.486559,57,291,5.051988676420258,365
2026-04-26 00:11:12.486559,99,218,9.322214004404298,193
2026-04-26 00:12:12.486559,44,485,0.07698403032979195,166
2026-04-26 00:13:12.486559,72,157,13.837136790096427,430
2026-04-26 00:14:12.486559,50,233,4.412808566311579,375
2026-04-26 00:15:12.486559,73,338,11.696590849880533,205
2026-04-26 00:16:12.486559,97,556,15.531382321388365,237
2026-04-26 00:17:12.486559,48,256,5.154962233811293,128
2026-04-26 00:18:12.486559,62,329,10.957593161016796,486
2026-04-26 00:19:12.486559,80,176,6.296155971622186,362
2026-04-26 00:20:12.486559,80,519,7.242058022286731,439
2026-04-26 00:21:12.486559,46,255,17.81128400154773,411
2026-04-26 00:22:12.486559,93,446,0.6452110060447969,284
2026-04-26 00:23:12.486559,41,233,5.86160572717644,452
2026-04-26 00:24:12.486559,66,112,6.398087983796488,324
2026-04-26 00:25:12.486559,78,563,9.527667481375488,187
2026-04-26 00:26:12.486559,95,424,13.760393255143853,494
2026-04-26 00:27:12.486559,57,280,10.198537170632777,463
2026-04-26 00:28:12.486559,81,141,13.32679676455944,417
2026-04-26 00:29:12.486559,78,249,4.44969084528357,132
2026-04-26 00:30:12.486559,45,115,7.617298564380688,422
2026-04-26 00:31:12.486559,77,371,19.25259759042132,322
2026-04-26 00:32:12.486559,42,439,4.2385465929526145,224
2026-04-26 00:33:12.486559,64,595,11.37930979386218,101
2026-04-26 00:34:12.486559,66,460,3.8792215645125427,276
2026-04-26 00:35:12.486559,48,551,10.714260350996303,190
2026-04-26 00:36:12.486559,95,586,6.209746136668124,159
2026-04-26 00:37:12.486559,63,246,1.3200106348122431,165
2026-04-26 00:38:12.486559,50,370,19.83381878711518,343
2026-04-26 00:39:12.486559,48,443,6.366601037440878,411
2026-04-26 00:40:12.486559,59,569,7.729444963185099,117
2026-04-26 00:41:12.486559,99,288,18.566441169209174,231
2026-04-26 00:42:12.486559,46,110,9.065082782973723,132
2026-04-26 00:43:12.486559,99,590,8.554594696904596,408
2026-04-26 00:44:12.486559,93,494,13.890388000890201,196
2026-04-26 00:45:12.486559,70,350,19.14499238005603,187
2026-04-26 00:46:12.486559,50,204,17.942660778737004,347
2026-04-26 00:47:12.486559,99,196,13.098544192938101,162
2026-04-26 00:48:12.486559,48,269,8.21549565232017,324
2026-04-26 00:49:12.486559,91,356,14.090978891045143,421
2026-04-26 00:50:12.486559,98,262,7.516200914917388,118
2026-04-26 00:51:12.486559,67,359,7.145118110299647,317
2026-04-26 00:52:12.486559,80,121,0.9828595657843242,109
2026-04-26 00:53:12.486559,73,328,2.2107288822935667,248
2026-04-26 00:54:12.486559,67,594,10.897457674443721,158
2026-04-26 00:55:12.486559,83,348,15.54820047404985,476
2026-04-26 00:56:12.486559,79,445,10.78261269812637,399
2026-04-26 00:57:12.486559,71,133,1.9114448479089208,379
2026-04-26 00:58:12.486559,61,112,8.702254350406633,406
2026-04-26 00:59:12.486559,60,332,3.1482319839438944,382
2026-04-26 01:00:12.486559,71,154,10.197554574480412,123
2026-04-26 01:01:12.486559,75,384,14.164923587061029,241
2026-04-26 01:02:12.486559,67,136,18.900017951363456,443
2026-04-26 01:03:12.486559,61,439,15.22076700130654,356
2026-04-26 01:04:12.486559,70,159,17.359103552144262,374
2026-04-26 01:05:12.486559,58,275,1.3429105566217459,319
2026-04-26 01:06:12.486559,57,139,19.871708457835716,226
2026-04-26 01:07:12.486559,83,590,16.499203703470137,121
2026-04-26 01:08:12.486559,41,130,18.965608478230635,146
2026-04-26 01:09:12.486559,59,260,8.43702329008401,337
2026-04-26 01:10:12.486559,71,479,14.667534901341305,441
2026-04-26 01:11:12.486559,63,553,18.46799501193314,477
2026-04-26 01:12:12.486559,73,535,4.9455671782446124,483
2026-04-26 01:13:12.486559,52,188,10.016380768568931,345
2026-04-26 01:14:12.486559,57,269,15.714093128193658,266
2026-04-26 01:15:12.486559,59,568,10.827374648471025,326
2026-04-26 01:16:12.486559,57,446,12.035672107422421,445
2026-04-26 01:17:12.486559,81,144,5.93499712083942,411
2026-04-26 01:18:12.486559,93,128,1.83268210412028,356
2026-04-26 01:19:12.486559,77,409,15.558759020333977,315
2026-04-26 01:20:12.486559,63,498,2.3407335128180295,497
2026-04-26 01:21:12.486559,51,406,5.966190878805408,417
2026-04-26 01:22:12.486559,43,148,9.377077906996265,329
2026-04-26 01:23:12.486559,43,526,4.6815060054405215,366
2026-04-26 01:24:12.486559,45,527,0.6552130017089008,420
2026-04-26 01:25:12.486559,65,235,3.1854307477674926,227
2026-04-26 01:26:12.486559,43,373,11.79716837504503,189
2026-04-26 01:27:12.486559,73,114,8.897335818304404,229
2026-04-26 01:28:12.486559,66,134,7.393828760300247,386
2026-04-26 01:29:12.486559,57,408,11.415235100268948,499
2026-04-26 01:30:12.486559,50,504,15.281722098147343,236
2026-04-26 01:31:12.486559,74,298,4.96589017817924,120
2026-04-26 01:32:12.486559,80,212,18.612593977691752,190
2026-04-26 01:33:12.486559,82,433,19.66801119742745,189
2026-04-26 01:34:12.486559,77,450,15.205261900996977,254
2026-04-26 01:35:12.486559,57,460,16.58232253369129,393
2026-04-26 01:36:12.486559,84,374,4.709178244442551,361
2026-04-26 01:37:12.486559,40,423,9.663179521187653,258
2026-04-26 01:38:12.486559,69,383,18.014936786752095,481
2026-04-26 01:39:12.486559,65,535,12.238974160057786,420
2026-04-26 01:40:12.486559,67,408,11.223878575285955,245
2026-04-26 01:41:12.486559,93,106,16.804431143748378,108
2026-04-26 01:42:12.486559,81,426,15.132037966210397,144
2026-04-26 01:43:12.486559,69,439,18.791415402144715,135
2026-04-26 01:44:12.486559,75,531,12.032166785381229,380
2026-04-26 01:45:12.486559,45,133,10.176531528778254,108
2026-04-26 01:46:12.486559,42,339,13.108406606949083,163
2026-04-26 01:47:12.486559,66,100,2.2787623122058176,243
2026-04-26 01:48:12.486559,66,303,5.573932535914425,420
2026-04-26 01:49:12.486559,40,331,14.163851549417883,150
2026-04-26 01:50:12.486559,73,323,16.92310667684125,104
2026-04-26 01:51:12.486559,47,564,7.942895213418916,141
2026-04-26 01:52:12.486559,90,368,14.119877438321806,131
2026-04-26 01:53:12.486559,49,246,1.0226848176105463,380
2026-04-26 01:54:12.486559,51,531,19.976145274469175,135
2026-04-26 01:55:12.486559,75,398,6.945583235804569,183
2026-04-26 01:56:12.486559,44,353,18.255809091040117,437
2026-04-26 01:57:12.486559,66,362,9.91097172782785,131
2026-04-26 01:58:12.486559,78,499,5.146242370854601,475
2026-04-26 01:59:12.486559,78,537,9.161878495445368,268
2026-04-26 02:00:12.486559,80,412,15.731240099351194,272
2026-04-26 02:01:12.486559,71,510,14.854545737509255,404
2026-04-26 02:02:12.486559,79,593,4.7421334065105185,274
2026-04-26 02:03:12.486559,63,180,17.327979012673644,229
2026-04-26 02:04:12.486559,41,223,6.4677508612908685,120
2026-04-26 02:05:12.486559,81,502,2.6468954738051287,342
2026-04-26 02:06:12.486559,68,413,2.709840949516751,138
2026-04-26 02:07:12.486559,49,182,3.786515097981018,162
2026-04-26 02:08:12.486559,90,569,6.251874194895239,415
2026-04-26 02:09:12.486559,63,187,1.105278259232363,250
2026-04-26 02:10:12.486559,80,428,13.97751266190596,457
2026-04-26 02:11:12.486559,49,464,12.466794920951278,285
2026-04-26 02:12:12.486559,51,505,9.047076637051433,433
2026-04-26 02:13:12.486559,44,237,13.513532697995744,138
2026-04-26 02:14:12.486559,51,544,2.747445382247826,446
2026-04-26 02:15:12.486559,46,563,5.801982801585261,272
2026-04-26 02:16:12.486559,92,595,9.461194028966931,459
2026-04-26 02:17:12.486559,79,153,8.033835153762546,116
2026-04-26 02:18:12.486559,96,326,10.792106332621465,154
2026-04-26 02:19:12.486559,51,114,12.415635516038188,115
2026-04-26 02:20:12.486559,80,162,14.635064761681033,476
2026-04-26 02:21:12.486559,73,386,16.681640601676268,286
2026-04-26 02:22:12.486559,71,540,16.765742669582337,119
2026-04-26 02:23:12.486559,82,198,14.18632565511604,463
2026-04-26 02:24:12.486559,67,100,12.47624138636482,330
2026-04-26 02:25:12.486559,53,364,17.496056617108376,262
2026-04-26 02:26:12.486559,58,578,14.821104332192508,302
2026-04-26 02:27:12.486559,40,513,10.664172628258273,476
2026-04-26 02:28:12.486559,62,393,18.694467128544055,254
2026-04-26 02:29:12.486559,60,548,16.737800929398855,471
2026-04-26 02:30:12.486559,63,302,9.892343760277509,447
2026-04-26 02:31:12.486559,41,507,1.915988705829823,392
2026-04-26 02:32:12.486559,52,236,6.192982277679217,277
2026-04-26 02:33:12.486559,74,328,5.639932693517331,395
2026-04-26 02:34:12.486559,94,414,16.865032540614504,115
2026-04-26 02:35:12.486559,52,299,11.106552028165703,326
2026-04-26 02:36:12.486559,50,394,7.717314283055083,133
2026-04-26 02:37:12.486559,67,413,19.547210354663488,106
2026-04-26 02:38:12.486559,49,329,10.39790446583731,427
2026-04-26 02:39:12.486559,96,216,3.8778617896794376,414
2026-04-26 02:40:12.486559,82,512,9.616186758885593,359
2026-04-26 02:41:12.486559,50,529,2.9353098008216483,459
2026-04-26 02:42:12.486559,82,450,3.2528453537390045,457
2026-04-26 02:43:12.486559,76,269,7.183194934234914,224
2026-04-26 02:44:12.486559,73,343,6.774185609106662,438
2026-04-26 02:45:12.486559,65,256,5.098011855067359,453
2026-04-26 02:46:12.486559,83,409,10.504467917012143,347
2026-04-26 02:47:12.486559,43,329,5.061442712124404,429
2026-04-26 02:48:12.486559,52,595,8.75939271440901,271
2026-04-26 02:49:12.486559,93,255,7.779222187780686,302
2026-04-26 02:50:12.486559,47,323,15.70720639121336,449
2026-04-26 02:51:12.486559,41,425,4.450779922921875,418
2026-04-26 02:52:12.486559,41,148,5.728692107205646,280
2026-04-26 02:53:12.486559,74,311,2.6941766703099113,338
2026-04-26 02:54:12.486559,41,564,8.13157010177034,311
2026-04-26 02:55:12.486559,51,356,7.585065173428324,362
2026-04-26 02:56:12.486559,72,301,7.058863688656192,297
2026-04-26 02:57:12.486559,94,328,7.752122008181144,185
2026-04-26 02:58:12.486559,76,517,17.26878578494513,101
2026-04-26 02:59:12.486559,57,192,9.488452685829323,359
2026-04-26 03:00:12.486559,66,160,10.735546631210662,370
2026-04-26 03:01:12.486559,95,526,12.109513530027185,207
2026-04-26 03:02:12.486559,75,467,14.467473419657013,173
2026-04-26 03:03:12.486559,71,231,11.414632969591661,452
2026-04-26 03:04:12.486559,68,164,4.529565654668004,462
2026-04-26 03:05:12.486559,97,192,7.725252899438793,384
2026-04-26 03:06:12.486559,80,248,3.5264146856752854,453
2026-04-26 03:07:12.486559,78,485,12.486685844942793,102
2026-04-26 03:08:12.486559,77,114,15.163956153101626,144
2026-04-26 03:09:12.486559,59,419,8.29630377868057,200
2026-04-26 03:10:12.486559,78,451,13.618122438197693,310
2026-04-26 03:11:12.486559,74,588,13.938243439144989,164
2026-04-26 03:12:12.486559,45,347,3.7457905500080857,329
2026-04-26 03:13:12.486559,65,480,8.206726155457924,223
2026-04-26 03:14:12.486559,59,546,12.196178600423803,363
2026-04-26 03:15:12.486559,99,484,19.616299277717182,107
2026-04-26 03:16:12.486559,66,516,1.7503743454738574,231
2026-04-26 03:17:12.486559,54,292,4.7357389740468925,281
2026-04-26 03:18:12.486559,94,223,7.0741479115992405,168
2026-04-26 03:19:12.486559,65,223,13.512521873730263,373
2026-04-26 03:20:12.486559,81,410,15.104930878041001,239
2026-04-26 03:21:12.486559,68,530,7.699035435279327,415
2026-04-26 03:22:12.486559,96,443,15.999454621885967,462
2026-04-26 03:23:12.486559,67,134,3.1631498605612096,225
2026-04-26 03:24:12.486559,58,284,10.586305383340369,115
2026-04-26 03:25:12.486559,61,218,13.970230210371106,326
2026-04-26 03:26:12.486559,91,557,8.823693696538959,162
2026-04-26 03:27:12.486559,94,395,0.9310615028156377,391
2026-04-26 03:28:12.486559,72,532,0.17379392424752504,497
2026-04-26 03:29:12.486559,65,494,5.915962388951086,408
2026-04-26 03:30:12.486559,70,567,13.764936811095563,151
2026-04-26 03:31:12.486559,66,314,3.6021451189608134,336
2026-04-26 03:32:12.486559,65,197,7.887437596637219,156
2026-04-26 03:33:12.486559,62,355,13.88627874900825,296
2026-04-26 03:34:12.486559,54,301,0.10607714436781768,322
2026-04-26 03:35:12.486559,68,425,17.796666754862372,454
2026-04-26 03:36:12.486559,70,305,7.639980035888458,459
2026-04-26 03:37:12.486559,61,359,18.20132841466586,391
2026-04-26 03:38:12.486559,57,540,1.2554430419028018,272
2026-04-26 03:39:12.486559,40,542,12.777283085313423,275
2026-04-26 03:40:12.486559,47,286,0.8764585555593851,180
2026-04-26 03:41:12.486559,81,292,9.501400818351584,310
2026-04-26 03:42:12.486559,56,287,2.8052790614347023,444
2026-04-26 03:43:12.486559,81,340,11.074037372999719,321
2026-04-26 03:44:12.486559,64,187,6.633625865157038,124
2026-04-26 03:45:12.486559,58,186,3.3915907474834373,227
2026-04-26 03:46:12.486559,83,565,5.592970541999525,490
2026-04-26 03:47:12.486559,62,167,4.008782273143511,274
2026-04-26 03:48:12.486559,72,420,1.741701316887898,293
2026-04-26 03:49:12.486559,57,254,18.04674668205005,394
2026-04-26 03:50:12.486559,97,135,3.404575885245369,341
2026-04-26 03:51:12.486559,81,302,6.99058335834599,205
2026-04-26 03:52:12.486559,99,404,7.739646444553195,284
2026-04-26 03:53:12.486559,42,502,13.22673261013463,224
2026-04-26 03:54:12.486559,76,119,4.89309629946429,337
2026-04-26 03:55:12.486559,93,139,7.82939104543942,472
2026-04-26 03:56:12.486559,43,584,6.986516818554178,406
2026-04-26 03:57:12.486559,99,176,12.277776742454861,155
2026-04-26 03:58:12.486559,43,160,1.8967323997844954,194
2026-04-26 03:59:12.486559,61,252,18.26543082262187,364
2026-04-26 04:00:12.486559,79,149,11.567049335803755,395
2026-04-26 04:01:12.486559,49,426,1.7474460986248253,342
2026-04-26 04:02:12.486559,90,119,2.6122041395215523,210
2026-04-26 04:03:12.486559,80,533,11.694447097505932,499
2026-04-26 04:04:12.486559,76,248,9.031684485975946,103
2026-04-26 04:05:12.486559,80,102,14.891781632440138,424
2026-04-26 04:06:12.486559,60,261,11.96918644705261,171
2026-04-26 04:07:12.486559,70,435,1.547199896767868,432
2026-04-26 04:08:12.486559,50,471,2.6885651858086645,193
2026-04-26 04:09:12.486559,72,440,0.48489786989193817,401
2026-04-26 04:10:12.486559,51,488,3.3843838346522404,353
2026-04-26 04:11:12.486559,69,534,8.845132588358194,454
2026-04-26 04:12:12.486559,56,257,5.3546728061741895,343
2026-04-26 04:13:12.486559,97,100,0.5488097636234368,150
2026-04-26 04:14:12.486559,84,511,2.729505817945732,229
2026-04-26 04:15:12.486559,47,489,2.638909646836052,118
2026-04-26 04:16:12.486559,57,242,12.246304604650131,418
2026-04-26 04:17:12.486559,57,513,5.975974463489424,103
2026-04-26 04:18:12.486559,98,271,0.9354428951386851,270
2026-04-26 04:19:12.486559,66,332,7.842352122536395,407
2026-04-26 04:20:12.486559,49,566,16.326827424420877,355
2026-04-26 04:21:12.486559,74,265,15.256399227854164,170
2026-04-26 04:22:12.486559,68,166,5.079704557487458,449
2026-04-26 04:23:12.486559,75,360,13.33914300016019,486
2026-04-26 04:24:12.486559,48,262,16.017909172578698,107
2026-04-26 04:25:12.486559,42,101,13.996026999992797,245
2026-04-26 04:26:12.486559,81,379,16.993687351229315,198
2026-04-26 04:27:12.486559,80,564,15.293923591546378,182
2026-04-26 04:28:12.486559,80,129,8.70383164851474,176
2026-04-26 04:29:12.486559,52,512,2.8327131993034738,341
2026-04-26 04:30:12.486559,73,591,9.845716289975147,390
2026-04-26 04:31:12.486559,60,267,14.343091001089117,444
2026-04-26 04:32:12.486559,72,392,9.28730353218172,435
2026-04-26 04:33:12.486559,52,510,13.320853021489016,449
2026-04-26 04:34:12.486559,73,530,10.57499881003782,414
2026-04-26 04:35:12.486559,52,111,2.5286699910829302,260
2026-04-26 04:36:12.486559,95,487,17.52772873810629,347
2026-04-26 04:37:12.486559,52,110,15.715578155108417,432
2026-04-26 04:38:12.486559,45,582,19.519781691365488,141
2026-04-26 04:39:12.486559,63,133,6.6338306341126785,491
2026-04-26 04:40:12.486559,56,473,18.646013757670964,425
2026-04-26 04:41:12.486559,75,148,6.781042465371665,223
2026-04-26 04:42:12.486559,46,363,0.0822757793496165,313
2026-04-26 04:43:12.486559,62,597,7.417817510327824,376
2026-04-26 04:44:12.486559,61,288,7.5368827563679,416
2026-04-26 04:45:12.486559,50,396,3.928769676960331,378
2026-04-26 04:46:12.486559,71,582,4.5294382674256495,147
2026-04-26 04:47:12.486559,97,338,3.0828859851414703,325
2026-04-26 04:48:12.486559,64,300,16.766035472028527,374
2026-04-26 04:49:12.486559,50,283,8.221047015282997,147
2026-04-26 04:50:12.486559,75,348,18.982263790773526,444
2026-04-26 04:51:12.486559,60,409,8.098170478465555,229
2026-04-26 04:52:12.486559,68,139,9.665327820313212,490
2026-04-26 04:53:12.486559,57,203,7.048911498004782,496
2026-04-26 04:54:12.486559,96,253,13.050259717311324,123
2026-04-26 04:55:12.486559,51,357,15.68265244519971,449
2026-04-26 04:56:12.486559,69,277,4.859102771969224,215
2026-04-26 04:57:12.486559,67,181,6.580835195992942,492
2026-04-26 04:58:12.486559,48,338,16.773140269684422,380
2026-04-26 04:59:12.486559,43,312,6.622523189819953,301
2026-04-26 05:00:12.486559,47,426,4.768719760369018,358
2026-04-26 05:01:12.486559,81,264,13.48276370096309,446
2026-04-26 05:02:12.486559,83,342,2.42902695436064,125
2026-04-26 05:03:12.486559,53,509,7.495086971455656,300
2026-04-26 05:04:12.486559,78,163,8.067554628987716,106
2026-04-26 05:05:12.486559,40,469,18.775794804019455,415
2026-04-26 05:06:12.486559,67,414,0.4739404612146725,473
2026-04-26 05:07:12.486559,82,136,13.83956142187153,309
2026-04-26 05:08:12.486559,65,558,2.7062128896496107,102
2026-04-26 05:09:12.486559,73,403,5.142836396745536,220
2026-04-26 05:10:12.486559,80,280,16.721523812474206,317
2026-04-26 05:11:12.486559,52,508,12.883826207994245,387
2026-04-26 05:12:12.486559,69,162,18.839215735540854,107
2026-04-26 05:13:12.486559,48,217,12.753492658880104,110
2026-04-26 05:14:12.486559,58,237,12.54064471133914,134
2026-04-26 05:15:12.486559,82,346,7.8125609604297,452
2026-04-26 05:16:12.486559,84,521,19.471800629974467,324
2026-04-26 05:17:12.486559,63,192,3.999054924117631,408
2026-04-26 05:18:12.486559,73,111,16.973935224978934,270
2026-04-26 05:19:12.486559,40,381,1.7434054049986991,250
2026-04-26 05:20:12.486559,62,598,15.069202847211363,352
2026-04-26 05:21:12.486559,92,454,5.268580478179478,343
2026-04-26 05:22:12.486559,60,483,12.194609256496843,420
2026-04-26 05:23:12.486559,74,243,17.847270374565525,134
2026-04-26 05:24:12.486559,67,540,4.7783910908270455,391
2026-04-26 05:25:12.486559,40,502,9.706335673322652,287
2026-04-26 05:26:12.486559,57,137,5.738448508115372,436
2026-04-26 05:27:12.486559,45,129,17.342459941682137,144
2026-04-26 05:28:12.486559,73,122,7.3258467305104435,334
2026-04-26 05:29:12.486559,70,287,4.268351168984125,324
2026-04-26 05:30:12.486559,73,315,14.024327985284382,466
2026-04-26 05:31:12.486559,59,313,0.05023081280559394,466
2026-04-26 05:32:12.486559,81,236,0.5801107423361773,202
2026-04-26 05:33:12.486559,82,161,19.730377112394223,473
2026-04-26 05:34:12.486559,62,566,18.16859936761515,497
2026-04-26 05:35:12.486559,49,464,4.557828485842428,482
2026-04-26 05:36:12.486559,78,527,10.04943298671272,389
2026-04-26 05:37:12.486559,78,476,16.885493974499276,447
2026-04-26 05:38:12.486559,41,551,19.760634495830338,160
2026-04-26 05:39:12.486559,58,564,1.97601444592312,185
2026-04-26 05:40:12.486559,70,376,1.0227340451188227,352
2026-04-26 05:41:12.486559,83,551,18.63490447477963,125
2026-04-26 05:42:12.486559,54,100,4.42563586829142,456
2026-04-26 05:43:12.486559,66,433,0.8896972834748618,241
2026-04-26 05:44:12.486559,75,416,7.667468915050444,356
2026-04-26 05:45:12.486559,58,293,19.08508757000215,219
2026-04-26 05:46:12.486559,71,181,6.879066205456641,336
2026-04-26 05:47:12.486559,46,269,0.018090276743871758,129
2026-04-26 05:48:12.486559,75,449,17.618931665009185,427
2026-04-26 05:49:12.486559,66,229,12.301516534183474,218
2026-04-26 05:50:12.486559,75,331,4.055773761513688,176
2026-04-26 05:51:12.486559,77,323,10.801865842528596,401
2026-04-26 05:52:12.486559,42,336,19.31282992149991,216
2026-04-26 05:53:12.486559,97,138,1.0606961306762441,184
2026-04-26 05:54:12.486559,59,264,5.539663914128465,396
2026-04-26 05:55:12.486559,66,441,7.767247026105071,371
2026-04-26 05:56:12.486559,78,213,7.592538818478419,276
2026-04-26 05:57:12.486559,90,516,15.134683642701393,461
2026-04-26 05:58:12.486559,94,447,3.9780002065589692,459
2026-04-26 05:59:12.486559,75,181,5.829612787164713,252
2026-04-26 06:00:12.486559,64,509,15.286267998750187,300
2026-04-26 06:01:12.486559,67,125,5.333715889853616,398
2026-04-26 06:02:12.486559,45,322,7.48735086286146,456
2026-04-26 06:03:12.486559,99,203,1.5541058161795762,368
2026-04-26 06:04:12.486559,54,126,6.296541475661002,424
2026-04-26 06:05:12.486559,90,599,14.231177047597727,373
2026-04-26 06:06:12.486559,77,513,17.659480242713997,492
2026-04-26 06:07:12.486559,55,361,5.424634120308638,175
2026-04-26 06:08:12.486559,49,502,14.665340001751588,360
2026-04-26 06:09:12.486559,75,574,1.9905613343747275,317
2026-04-26 06:10:12.486559,80,309,12.110210112975006,198
2026-04-26 06:11:12.486559,98,284,15.446337701691501,488
2026-04-26 06:12:12.486559,48,262,15.514953139665568,117
2026-04-26 06:13:12.486559,75,522,11.729881484327787,490
2026-04-26 06:14:12.486559,68,580,13.48070661502847,487
2026-04-26 06:15:12.486559,99,238,13.38987576573823,235
2026-04-26 06:16:12.486559,41,317,17.42082016949293,245
2026-04-26 06:17:12.486559,61,519,2.9040438487243003,226
2026-04-26 06:18:12.486559,55,462,2.9867059031109666,187
2026-04-26 06:19:12.486559,84,265,7.174113299352207,475
2026-04-26 06:20:12.486559,81,120,13.789864212405526,408
2026-04-26 06:21:12.486559,68,212,2.8493898446175536,180
2026-04-26 06:22:12.486559,54,161,9.927074778354267,331
2026-04-26 06:23:12.486559,82,148,13.302333841735406,352
2026-04-26 06:24:12.486559,57,260,19.964534020146193,436
2026-04-26 06:25:12.486559,57,494,17.46638080738121,487
2026-04-26 06:26:12.486559,72,280,18.131686237821445,150
2026-04-26 06:27:12.486559,71,382,10.928624720978187,414
2026-04-26 06:28:12.486559,72,319,14.369242469652157,180
2026-04-26 06:29:12.486559,44,346,15.779129817485178,359
2026-04-26 06:30:12.486559,55,226,4.316500687994102,153
2026-04-26 06:31:12.486559,52,307,14.327596679239935,468
2026-04-26 06:32:12.486559,63,143,9.7110510263485,361
2026-04-26 06:33:12.486559,40,486,0.8710176040370676,403
2026-04-26 06:34:12.486559,60,535,12.337435279257818,144
2026-04-26 06:35:12.486559,43,336,2.8254829807784843,420
2026-04-26 06:36:12.486559,81,245,0.7612064772545568,353
2026-04-26 06:37:12.486559,65,474,10.69912898639126,465
2026-04-26 06:38:12.486559,71,371,17.70837347226529,446
2026-04-26 06:39:12.486559,53,587,15.231915055408374,422
2026-04-26 06:40:12.486559,41,490,0.6935666637140248,353
2026-04-26 06:41:12.486559,72,287,13.570601454748285,377
2026-04-26 06:42:12.486559,70,589,10.831382172973836,408
2026-04-26 06:43:12.486559,91,191,8.655331887056956,338
2026-04-26 06:44:12.486559,59,189,6.585469132806921,295
2026-04-26 06:45:12.486559,81,236,19.20608459410066,392
2026-04-26 06:46:12.486559,58,161,17.120762174382826,211
2026-04-26 06:47:12.486559,66,222,13.683904961037104,139
2026-04-26 06:48:12.486559,54,118,0.5084047728642127,185
2026-04-26 06:49:12.486559,61,343,7.457380435683576,494
2026-04-26 06:50:12.486559,95,149,6.479128721436842,350
2026-04-26 06:51:12.486559,81,165,3.589887603595585,322
2026-04-26 06:52:12.486559,57,520,8.814744441053321,232
2026-04-26 06:53:12.486559,48,484,16.1998512180488,379
2026-04-26 06:54:12.486559,96,551,1.1120415240180925,321
2026-04-26 06:55:12.486559,75,462,0.8922894428128503,389
2026-04-26 06:56:12.486559,53,562,6.582622152491702,380
2026-04-26 06:57:12.486559,81,138,17.3666251108358,220
2026-04-26 06:58:12.486559,75,233,4.792351048079826,377
2026-04-26 06:59:12.486559,61,482,9.302842060832702,260
2026-04-26 07:00:12.486559,77,103,10.32123730284275,212
2026-04-26 07:01:12.486559,46,105,19.101755434181918,401
2026-04-26 07:02:12.486559,90,598,19.615863153373535,312
2026-04-26 07:03:12.486559,71,590,14.10984458204429,236
2026-04-26 07:04:12.486559,54,446,17.795064270141765,242
2026-04-26 07:05:12.486559,75,428,11.650707143210097,379
2026-04-26 07:06:12.486559,81,370,8.66438041613862,179
2026-04-26 07:07:12.486559,78,255,15.583021819987888,442
2026-04-26 07:08:12.486559,61,167,1.7234264161677726,207
2026-04-26 07:09:12.486559,61,413,3.1209438273530954,484
2026-04-26 07:10:12.486559,72,315,10.806541744154696,344
2026-04-26 07:11:12.486559,58,566,17.208739145044653,161
2026-04-26 07:12:12.486559,43,471,1.2057935245846751,453
2026-04-26 07:13:12.486559,68,348,17.463604786841096,297
2026-04-26 07:14:12.486559,55,518,8.796068440368073,433
2026-04-26 07:15:12.486559,61,588,12.330044307167775,356
2026-04-26 07:16:12.486559,76,305,3.3793859046323482,349
2026-04-26 07:17:12.486559,83,181,13.070160647965468,439
2026-04-26 07:18:12.486559,76,524,4.910678629328307,139
2026-04-26 07:19:12.486559,43,101,13.505423817826244,201
2026-04-26 07:20:12.486559,70,398,19.072953160123298,447
2026-04-26 07:21:12.486559,46,341,14.017872548354777,262
2026-04-26 07:22:12.486559,83,115,10.149252709007133,334
2026-04-26 07:23:12.486559,72,277,12.711051003275466,357
2026-04-26 07:24:12.486559,93,157,1.4989780225758964,409
2026-04-26 07:25:12.486559,49,413,6.167169518407036,257
2026-04-26 07:26:12.486559,65,268,2.7625658987264434,267
2026-04-26 07:27:12.486559,71,174,19.499173488475332,126
2026-04-26 07:28:12.486559,70,590,8.45972861373064,124
2026-04-26 07:29:12.486559,54,512,16.649820359983593,385
2026-04-26 07:30:12.486559,43,229,3.220833548488451,242
2026-04-26 07:31:12.486559,51,439,4.944126097014411,311
2026-04-26 07:32:12.486559,48,597,8.076708574638847,369
2026-04-26 07:33:12.486559,62,390,3.4464711911749624,134
2026-04-26 07:34:12.486559,80,114,14.86644747520973,488
2026-04-26 07:35:12.486559,73,570,2.4168635154439477,482
2026-04-26 07:36:12.486559,77,143,7.786361347056172,118
2026-04-26 07:37:12.486559,67,486,7.264976757386941,450
2026-04-26 07:38:12.486559,55,475,1.825307336670987,337
2026-04-26 07:39:12.486559,58,385,9.187283576194531,190
2026-04-26 07:40:12.486559,70,578,9.41604031011589,175
2026-04-26 07:41:12.486559,52,443,5.224220086506479,159
2026-04-26 07:42:12.486559,77,185,5.10054184636612,123
2026-04-26 07:43:12.486559,79,576,11.049603067289397,465
2026-04-26 07:44:12.486559,44,540,10.737366059928284,325
2026-04-26 07:45:12.486559,49,539,6.241452194992703,274
2026-04-26 07:46:12.486559,64,264,15.001099051828131,194
2026-04-26 07:47:12.486559,55,583,0.11468529913846393,495
2026-04-26 07:48:12.486559,47,163,0.5172132262145257,162
2026-04-26 07:49:12.486559,52,568,13.296897967686403,201
2026-04-26 07:50:12.486559,40,551,4.451610462932014,408
2026-04-26 07:51:12.486559,58,499,6.2494825427601075,408
2026-04-26 07:52:12.486559,65,313,4.366026291862893,496
2026-04-26 07:53:12.486559,82,137,8.41179356165322,136
2026-04-26 07:54:12.486559,71,277,19.959616449645104,353
2026-04-26 07:55:12.486559,65,285,0.853933871579482,115
2026-04-26 07:56:12.486559,92,342,6.115996764187357,213
2026-04-26 07:57:12.486559,68,391,16.92560905655698,152
2026-04-26 07:58:12.486559,51,490,5.922620221827406,361
2026-04-26 07:59:12.486559,65,244,13.982583334995319,455
2026-04-26 08:00:12.486559,74,427,3.514363893577208,377
2026-04-26 08:01:12.486559,92,280,10.610938623382937,312
2026-04-26 08:02:12.486559,92,306,15.887166970999589,202
2026-04-26 08:03:12.486559,54,489,10.662197320517976,372
2026-04-26 08:04:12.486559,66,289,3.7016686303421675,461
2026-04-26 08:05:12.486559,69,408,6.312152744537871,164
2026-04-26 08:06:12.486559,56,246,19.374017784540733,150
2026-04-26 08:07:12.486559,65,492,15.875398062162438,447
2026-04-26 08:08:12.486559,49,340,18.891399047899505,378
2026-04-26 08:09:12.486559,55,531,14.53181647396357,122
2026-04-26 08:10:12.486559,72,123,18.023992221903647,276
2026-04-26 08:11:12.486559,41,340,12.860851922847756,238
2026-04-26 08:12:12.486559,67,420,19.10321941439897,314
2026-04-26 08:13:12.486559,56,274,12.034845547457513,301
2026-04-26 08:14:12.486559,83,428,2.1862103749222195,390
2026-04-26 08:15:12.486559,72,519,8.920548653090083,236
2026-04-26 08:16:12.486559,83,221,0.16008475886992057,255
2026-04-26 08:17:12.486559,83,307,18.485120483066552,169
2026-04-26 08:18:12.486559,48,456,2.422147496266669,349
2026-04-26 08:19:12.486559,77,226,12.20142161211118,439
2026-04-26 08:20:12.486559,59,100,6.1618475246399695,267
2026-04-26 08:21:12.486559,61,458,0.21423070633322494,296
2026-04-26 08:22:12.486559,64,432,4.603112853806623,344
2026-04-26 08:23:12.486559,97,280,0.8624277722531892,442
2026-04-26 08:24:12.486559,42,146,6.26247873789028,375
2026-04-26 08:25:12.486559,47,122,16.090533475727554,316
2026-04-26 08:26:12.486559,57,138,12.593340094563297,478
2026-04-26 08:27:12.486559,44,115,16.794234072402137,473
2026-04-26 08:28:12.486559,81,444,16.1846797557713,465
2026-04-26 08:29:12.486559,83,465,9.72051184275639,452
2026-04-26 08:30:12.486559,73,508,17.745464285408534,409
2026-04-26 08:31:12.486559,53,489,14.383569105199776,131
2026-04-26 08:32:12.486559,68,578,19.210947112245208,353
2026-04-26 08:33:12.486559,56,436,11.585813385041027,247
2026-04-26 08:34:12.486559,54,161,11.537692331728744,256
2026-04-26 08:35:12.486559,65,314,8.683144073034795,317
2026-04-26 08:36:12.486559,44,150,17.063646608742108,486
2026-04-26 08:37:12.486559,73,189,1.352465367537401,356
2026-04-26 08:38:12.486559,75,585,17.14298634293428,183
2026-04-26 08:39:12.486559,63,454,13.321832072823451,440
2026-04-26 08:40:12.486559,55,481,16.19323618242543,302
2026-04-26 08:41:12.486559,42,145,16.343386403685862,483
2026-04-26 08:42:12.486559,50,409,3.3888541942298023,185
2026-04-26 08:43:12.486559,95,403,6.577986528568833,174
2026-04-26 08:44:12.486559,70,221,9.917359582137736,378
2026-04-26 08:45:12.486559,61,366,10.174272297139883,499
2026-04-26 08:46:12.486559,83,399,2.84270844994434,313
2026-04-26 08:47:12.486559,97,412,15.184468131607725,235
2026-04-26 08:48:12.486559,56,597,5.536944107268842,283
2026-04-26 08:49:12.486559,68,431,14.511122724916062,101
2026-04-26 08:50:12.486559,52,161,4.405293534177657,250
2026-04-26 08:51:12.486559,62,499,10.048460112822859,300
2026-04-26 08:52:12.486559,64,126,15.193813243375388,261
2026-04-26 08:53:12.486559,80,565,2.2267576705485803,421
2026-04-26 08:54:12.486559,93,102,18.398986045265605,441
2026-04-26 08:55:12.486559,42,428,8.27838839851486,429
2026-04-26 08:56:12.486559,40,528,15.419618567671588,200
2026-04-26 08:57:12.486559,96,439,2.971732221076373,224
2026-04-26 08:58:12.486559,58,472,19.654348368496706,194
2026-04-26 08:59:12.486559,92,491,13.678294187585283,196
2026-04-26 09:00:12.486559,51,529,18.693712101176487,202
2026-04-26 09:01:12.486559,54,577,5.974731608646334,494
2026-04-26 09:02:12.486559,73,278,15.712210357097272,126
2026-04-26 09:03:12.486559,70,481,3.898248738305905,463
2026-04-26 09:04:12.486559,57,318,11.071495514508394,175
2026-04-26 09:05:12.486559,68,181,17.572296871395793,271
2026-04-26 09:06:12.486559,62,366,2.711861171551533,265
2026-04-26 09:07:12.486559,80,181,4.823188753298799,375
2026-04-26 09:08:12.486559,63,251,16.077212676412376,174
2026-04-26 09:09:12.486559,71,446,17.61362442501014,300
2026-04-26 09:10:12.486559,45,289,9.184252852036987,326
2026-04-26 09:11:12.486559,97,160,18.940996426472456,395
2026-04-26 09:12:12.486559,90,408,12.052810709615063,214
2026-04-26 09:13:12.486559,40,467,18.034249271211642,294
2026-04-26 09:14:12.486559,42,447,11.169834470154731,417
2026-04-26 09:15:12.486559,76,122,17.679925574074318,375
2026-04-26 09:16:12.486559,81,242,17.32603670716071,494
2026-04-26 09:17:12.486559,65,555,14.563020700249753,350
2026-04-26 09:18:12.486559,70,537,5.384431131687246,365
2026-04-26 09:19:12.486559,50,247,2.1761193003179646,117
2026-04-26 09:20:12.486559,63,496,13.794989345357983,397
2026-04-26 09:21:12.486559,59,300,14.247549297082166,251
2026-04-26 09:22:12.486559,65,469,15.062719017769464,237
2026-04-26 09:23:12.486559,45,403,12.977042904827844,103
2026-04-26 09:24:12.486559,81,453,19.21070844893437,229
2026-04-26 09:25:12.486559,56,500,6.3791207902651115,317
2026-04-26 09:26:12.486559,80,591,0.24483656771028484,473
2026-04-26 09:27:12.486559,49,106,18.204832178135266,209
2026-04-26 09:28:12.486559,70,282,15.243974251433423,373
2026-04-26 09:29:12.486559,80,405,1.3832648101925948,458
2026-04-26 09:30:12.486559,81,104,8.97556691236764,488
2026-04-26 09:31:12.486559,71,275,11.488424709817796,305
2026-04-26 09:32:12.486559,78,160,15.831846717004844,201
2026-04-26 09:33:12.486559,47,571,7.149767249081613,465
2026-04-26 09:34:12.486559,40,250,9.523804854000925,234
2026-04-26 09:35:12.486559,47,191,1.3797090104944476,418
2026-04-26 09:36:12.486559,79,463,17.26686293274529,280
2026-04-26 09:37:12.486559,69,331,10.35869457553185,119
2026-04-26 09:38:12.486559,66,379,11.231091441515627,119
2026-04-26 09:39:12.486559,69,382,18.47544990028417,423
2026-04-26 09:40:12.486559,95,486,12.322404656531061,327
2026-04-26 09:41:12.486559,52,110,4.971784791667528,141
2026-04-26 09:42:12.486559,70,272,3.056993633414695,164
2026-04-26 09:43:12.486559,44,499,1.246843051429607,250
2026-04-26 09:44:12.486559,57,123,17.11867613209386,343
2026-04-26 09:45:12.486559,76,202,19.184730149939174,430
2026-04-26 09:46:12.486559,97,406,18.975051127390476,404
2026-04-26 09:47:12.486559,73,427,0.3241945562288051,407
2026-04-26 09:48:12.486559,77,317,14.59830544774199,382
2026-04-26 09:49:12.486559,71,209,11.190688103301405,281
2026-04-26 09:50:12.486559,97,423,3.024591152306111,155
2026-04-26 09:51:12.486559,96,368,10.408909451368357,188
2026-04-26 09:52:12.486559,82,331,3.3735540800939634,429
2026-04-26 09:53:12.486559,74,227,12.655828204710124,153
2026-04-26 09:54:12.486559,50,326,15.292758695547102,246
2026-04-26 09:55:12.486559,70,485,17.96347242225902,158
2026-04-26 09:56:12.486559,81,299,5.132413966133564,234
2026-04-26 09:57:12.486559,79,178,4.731297022134411,364
2026-04-26 09:58:12.486559,80,412,19.21240144672934,380
2026-04-26 09:59:12.486559,58,406,14.30616287552909,282
2026-04-26 10:00:12.486559,45,136,0.37244202262466386,196
2026-04-26 10:01:12.486559,56,201,1.2097522018793039,498
2026-04-26 10:02:12.486559,46,394,17.52446654641523,366
2026-04-26 10:03:12.486559,59,563,5.361291516847402,198
2026-04-26 10:04:12.486559,83,108,15.054396532163368,345
2026-04-26 10:05:12.486559,66,449,18.768328621306964,107
2026-04-26 10:06:12.486559,69,288,9.697121634789971,204
2026-04-26 10:07:12.486559,67,507,19.97587299396811,278
2026-04-26 10:08:12.486559,54,508,1.340531297643377,126
2026-04-26 10:09:12.486559,54,177,17.62539938697445,350
2026-04-26 10:10:12.486559,60,590,4.415059488774505,285
2026-04-26 10:11:12.486559,66,365,12.958604415608656,224
2026-04-26 10:12:12.486559,79,457,17.999665744970887,475
2026-04-26 10:13:12.486559,70,494,11.108470841459026,399
2026-04-26 10:14:12.486559,47,326,16.049822610990166,239
2026-04-26 10:15:12.486559,59,599,11.202517398177287,296
2026-04-26 10:16:12.486559,63,549,6.549519894168903,488
2026-04-26 10:17:12.486559,55,212,3.0780544815329214,420
2026-04-26 10:18:12.486559,41,456,18.94011546083713,391
2026-04-26 10:19:12.486559,90,444,4.608820041480559,219
2026-04-26 10:20:12.486559,71,456,4.674655463770343,467
2026-04-26 10:21:12.486559,65,417,15.805988354948804,127
2026-04-26 10:22:12.486559,44,543,18.074755185757688,184
2026-04-26 10:23:12.486559,51,189,6.972355460079374,139
2026-04-26 10:24:12.486559,79,593,11.463585977028787,414
2026-04-26 10:25:12.486559,72,277,4.567053963317473,213
2026-04-26 10:26:12.486559,96,213,17.89489079312892,300
2026-04-26 10:27:12.486559,57,262,15.797012765344299,112
2026-04-26 10:28:12.486559,96,395,19.90192452991893,368
2026-04-26 10:29:12.486559,54,376,14.17438200433362,124
2026-04-26 10:30:12.486559,52,316,15.812127466035843,248
2026-04-26 10:31:12.486559,56,345,14.79452473060662,359
2026-04-26 10:32:12.486559,70,540,18.96905360015942,470
2026-04-26 10:33:12.486559,43,343,12.372808735035292,316
2026-04-26 10:34:12.486559,90,580,19.07003933045846,419
2026-04-26 10:35:12.486559,80,503,7.312922084387548,181
2026-04-26 10:36:12.486559,72,449,9.168776325523428,199
2026-04-26 10:37:12.486559,95,491,3.4383773702004694,171
2026-04-26 10:38:12.486559,50,241,19.654577249025657,177
2026-04-26 10:39:12.486559,96,505,9.121594997243857,190
2026-04-26 10:40:12.486559,69,136,10.658803960661828,338
2026-04-26 10:41:12.486559,60,426,1.0122896389732183,370
2026-04-26 10:42:12.486559,94,443,3.308056226179812,196
2026-04-26 10:43:12.486559,97,245,19.205220278649296,119
2026-04-26 10:44:12.486559,54,482,13.78769365566461,191
2026-04-26 10:45:12.486559,73,208,11.195012084179988,342
2026-04-26 10:46:12.486559,70,231,0.7921997851692342,123
2026-04-26 10:47:12.486559,80,406,17.547174205727906,426
2026-04-26 10:48:12.486559,78,531,10.90755412990529,439
2026-04-26 10:49:12.486559,45,194,16.702341608208414,396
2026-04-26 10:50:12.486559,62,119,5.932908345991013,140
2026-04-26 10:51:12.486559,55,456,17.261924338616303,273
2026-04-26 10:52:12.486559,65,367,17.36590251611547,163
2026-04-26 10:53:12.486559,56,249,13.71763462879059,366
2026-04-26 10:54:12.486559,55,353,3.2844336193569457,470
2026-04-26 10:55:12.486559,92,486,18.921395827986252,351
2026-04-26 10:56:12.486559,45,179,1.4362649699173025,198
2026-04-26 10:57:12.486559,73,142,15.72665011832197,330
2026-04-26 10:58:12.486559,59,122,5.228930566314379,107
2026-04-26 10:59:12.486559,52,353,4.786446356304877,440
2026-04-26 11:00:12.486559,69,532,15.354932462035881,404
2026-04-26 11:01:12.486559,46,352,17.85165978971859,353
2026-04-26 11:02:12.486559,41,481,16.135872327290272,127
2026-04-26 11:03:12.486559,61,248,0.38442963537971275,187
2026-04-26 11:04:12.486559,69,237,10.877527369673539,453
2026-04-26 11:05:12.486559,58,367,7.241987675810613,307
2026-04-26 11:06:12.486559,49,182,2.549458752703737,317
2026-04-26 11:07:12.486559,90,590,9.006197195341088,231
2026-04-26 11:08:12.486559,46,580,10.641613811320191,379
2026-04-26 11:09:12.486559,84,131,12.126445764207798,381
2026-04-26 11:10:12.486559,41,337,14.109262995959819,156
2026-04-26 11:11:12.486559,70,443,19.144796812858566,418
2026-04-26 11:12:12.486559,79,177,8.965321837193292,319
2026-04-26 11:13:12.486559,77,162,16.57848793051031,265
2026-04-26 11:14:12.486559,60,562,16.21514793688084,273
2026-04-26 11:15:12.486559,59,473,13.98917413653648,460
2026-04-26 11:16:12.486559,91,208,9.54885584927906,350
2026-04-26 11:17:12.486559,41,455,9.929833667429676,365
2026-04-26 11:18:12.486559,77,162,5.083191083168998,197
2026-04-26 11:19:12.486559,59,309,14.536882722042536,420
2026-04-26 11:20:12.486559,71,353,8.725322092973629,266
2026-04-26 11:21:12.486559,68,277,6.600279986794226,355
2026-04-26 11:22:12.486559,68,265,8.474118411886572,276
2026-04-26 11:23:12.486559,83,445,8.72923523878104,272
2026-04-26 11:24:12.486559,77,390,18.84279952086158,248
2026-04-26 11:25:12.486559,73,584,17.872943160926795,328
2026-04-26 11:26:12.486559,78,512,16.463205209885007,240
2026-04-26 11:27:12.486559,70,110,12.950097771284899,497
2026-04-26 11:28:12.486559,72,209,14.71570908647715,472
2026-04-26 11:29:12.486559,51,340,11.87098456645786,136
2026-04-26 11:30:12.486559,78,454,14.991205613485622,375
2026-04-26 11:31:12.486559,83,115,6.295508520098892,296
2026-04-26 11:32:12.486559,71,412,18.10175246620396,216
2026-04-26 11:33:12.486559,63,301,14.830209314826226,404
2026-04-26 11:34:12.486559,57,235,15.772329997756295,466
2026-04-26 11:35:12.486559,98,375,2.639804249365534,321
2026-04-26 11:36:12.486559,74,295,19.409763828831494,342
2026-04-26 11:37:12.486559,48,194,14.599466700367215,339
2026-04-26 11:38:12.486559,74,490,17.075495573629013,390
2026-04-26 11:39:12.486559,49,194,13.55272782632817,107
2026-04-26 11:40:12.486559,42,524,11.206984622260055,478
2026-04-26 11:41:12.486559,45,172,2.937338932548428,423
2026-04-26 11:42:12.486559,62,567,14.287553007845855,141
2026-04-26 11:43:12.486559,69,579,11.960801935143552,170
2026-04-26 11:44:12.486559,49,383,11.512097896835446,394
2026-04-26 11:45:12.486559,66,122,18.923485019580358,381
2026-04-26 11:46:12.486559,47,553,3.367302557011349,402
2026-04-26 11:47:12.486559,73,427,9.902750969270919,402
2026-04-26 11:48:12.486559,94,150,1.6631105494173948,167
2026-04-26 11:49:12.486559,78,251,2.770242485763217,473
2026-04-26 11:50:12.486559,58,415,6.352277365368355,275
2026-04-26 11:51:12.486559,58,252,12.137427696523453,173
2026-04-26 11:52:12.486559,84,505,17.135531282854785,244
2026-04-26 11:53:12.486559,83,297,7.793295906681228,129
2026-04-26 11:54:12.486559,74,445,0.227325203305615,249
2026-04-26 11:55:12.486559,40,514,4.088778851147675,308
2026-04-26 11:56:12.486559,54,137,16.57890424803609,126
2026-04-26 11:57:12.486559,72,380,13.334750322182545,384
2026-04-26 11:58:12.486559,94,176,10.245332837149848,432
2026-04-26 11:59:12.486559,70,408,7.116506969510626,455
2026-04-26 12:00:12.486559,67,148,11.577319926024266,400
2026-04-26 12:01:12.486559,94,528,9.15061068150334,210
2026-04-26 12:02:12.486559,42,239,16.92815398199861,312
2026-04-26 12:03:12.486559,44,110,19.231220228201632,464
2026-04-26 12:04:12.486559,51,285,2.0727167725369977,368
2026-04-26 12:05:12.486559,59,349,8.145819169608535,219
2026-04-26 12:06:12.486559,63,597,0.3524353597397978,417
2026-04-26 12:07:12.486559,79,567,8.987126599303076,202
2026-04-26 12:08:12.486559,66,473,15.674224611017992,484
2026-04-26 12:09:12.486559,94,490,9.785406935829801,487
2026-04-26 12:10:12.486559,79,387,12.30356294619859,447
2026-04-26 12:11:12.486559,49,300,6.051390025798453,365
2026-04-26 12:12:12.486559,80,193,13.083485739291511,281
2026-04-26 12:13:12.486559,76,484,5.649816460813972,213
2026-04-26 12:14:12.486559,46,484,1.6932325916643842,309
2026-04-26 12:15:12.486559,76,324,10.345114830819986,404
2026-04-26 12:16:12.486559,69,511,1.0277075151129345,121
2026-04-26 12:17:12.486559,78,161,10.036202796498777,481
2026-04-26 12:18:12.486559,44,265,19.513931686123836,368
2026-04-26 12:19:12.486559,95,546,14.346529035215221,370
2026-04-26 12:20:12.486559,63,509,9.755030348308436,486
2026-04-26 12:21:12.486559,44,546,7.257702598581453,266
2026-04-26 12:22:12.486559,59,489,5.231282516917539,179
2026-04-26 12:23:12.486559,55,374,16.86558003471263,428
2026-04-26 12:24:12.486559,72,170,12.485949771345988,270
2026-04-26 12:25:12.486559,59,362,7.374950626774821,485
2026-04-26 12:26:12.486559,64,173,14.491539575886021,394
2026-04-26 12:27:12.486559,76,477,9.204190875832257,494
2026-04-26 12:28:12.486559,48,519,16.62146277498016,446
2026-04-26 12:29:12.486559,83,468,8.545152797722551,496
2026-04-26 12:30:12.486559,42,170,12.776187541228953,457
2026-04-26 12:31:12.486559,83,425,1.9813408525469711,313
2026-04-26 12:32:12.486559,80,511,1.2525391831404442,163
2026-04-26 12:33:12.486559,47,144,12.315065207619755,496
2026-04-26 12:34:12.486559,55,277,19.576613319269367,274
2026-04-26 12:35:12.486559,42,482,11.966928054983637,453
2026-04-26 12:36:12.486559,72,344,10.097293557932845,238
2026-04-26 12:37:12.486559,62,449,12.772574928385204,216
2026-04-26 12:38:12.486559,42,483,11.350605959945906,123
2026-04-26 12:39:12.486559,62,204,1.5713019875845546,419
2026-04-26 12:40:12.486559,46,421,13.376799250840287,194
2026-04-26 12:41:12.486559,74,564,0.4129095806756733,257
2026-04-26 12:42:12.486559,55,398,0.752466834410126,279
2026-04-26 12:43:12.486559,45,190,8.164809559231136,277
2026-04-26 12:44:12.486559,63,259,17.052366140981942,381
2026-04-26 12:45:12.486559,45,556,7.636540599716691,235
2026-04-26 12:46:12.486559,97,414,13.26088364284788,191
2026-04-26 12:47:12.486559,92,247,3.4069782277736294,376
2026-04-26 12:48:12.486559,82,419,14.435202376525552,199
2026-04-26 12:49:12.486559,83,585,17.418090931534195,230
2026-04-26 12:50:12.486559,82,107,9.09967354128547,327
2026-04-26 12:51:12.486559,70,510,1.116868360453327,391
2026-04-26 12:52:12.486559,58,464,12.786656265359106,360
2026-04-26 12:53:12.486559,56,559,19.988780251586252,360
2026-04-26 12:54:12.486559,56,201,9.077827142050555,455
2026-04-26 12:55:12.486559,66,218,1.2114573330335632,184
2026-04-26 12:56:12.486559,58,579,9.220137166849941,166
2026-04-26 12:57:12.486559,60,558,7.952204085163654,440
2026-04-26 12:58:12.486559,42,422,12.719238312190384,355
2026-04-26 12:59:12.486559,46,346,3.4652993347273187,379
2026-04-26 13:00:12.486559,46,579,6.0653756217482275,464
2026-04-26 13:01:12.486559,73,535,10.311176119931014,255
2026-04-26 13:02:12.486559,44,341,4.524495547435643,464
2026-04-26 13:03:12.486559,53,478,12.758908782911458,321
2026-04-26 13:04:12.486559,60,235,19.654882626813738,271
2026-04-26 13:05:12.486559,78,334,12.873203533203837,199
2026-04-26 13:06:12.486559,45,546,4.230402395718775,207
2026-04-26 13:07:12.486559,52,228,17.08316729576863,132
2026-04-26 13:08:12.486559,68,167,14.246660467160545,304
2026-04-26 13:09:12.486559,79,528,13.317823116054662,112
2026-04-26 13:10:12.486559,54,290,13.460911808387177,457
2026-04-26 13:11:12.486559,59,452,7.129020462589026,355
2026-04-26 13:12:12.486559,43,175,18.24096283540004,200
2026-04-26 13:13:12.486559,76,200,8.648790044728994,230
2026-04-26 13:14:12.486559,63,232,11.620774209949703,261
2026-04-26 13:15:12.486559,58,263,17.856415595357365,309
2026-04-26 13:16:12.486559,69,102,13.023606257980791,368
2026-04-26 13:17:12.486559,84,433,19.886491354398434,191
2026-04-26 13:18:12.486559,80,325,8.466729214334961,142
2026-04-26 13:19:12.486559,75,488,11.704063962135265,205
2026-04-26 13:20:12.486559,48,476,10.017944722397008,236
2026-04-26 13:21:12.486559,63,509,8.263178826939505,460
2026-04-26 13:22:12.486559,84,370,7.276312145390625,310
2026-04-26 13:23:12.486559,40,317,12.437232664435744,334
2026-04-26 13:24:12.486559,51,223,2.9914591205653873,313
2026-04-26 13:25:12.486559,56,496,10.684333253042542,439
2026-04-26 13:26:12.486559,78,209,8.1247542144461,493
2026-04-26 13:27:12.486559,61,212,0.12419224800209072,237
2026-04-26 13:28:12.486559,44,330,11.144546744661643,107
2026-04-26 13:29:12.486559,53,338,12.168125165040918,421
2026-04-26 13:30:12.486559,48,588,8.852576271810452,312
2026-04-26 13:31:12.486559,53,237,6.116517435800073,220
2026-04-26 13:32:12.486559,82,348,12.03614737812019,224
2026-04-26 13:33:12.486559,82,417,11.110255942057352,258
2026-04-26 13:34:12.486559,40,143,8.179219005761736,123
2026-04-26 13:35:12.486559,71,164,7.353488585462598,432
2026-04-26 13:36:12.486559,61,341,7.48292566504267,225
2026-04-26 13:37:12.486559,76,111,19.437561200240058,316
2026-04-26 13:38:12.486559,68,417,18.28413486919866,401
2026-04-26 13:39:12.486559,58,388,19.419231474675506,100
2026-04-26 13:40:12.486559,44,295,18.28820394336631,382
2026-04-26 13:41:12.486559,48,594,10.808930785043131,177
2026-04-26 13:42:12.486559,59,524,3.5766936086334944,179
2026-04-26 13:43:12.486559,77,112,1.198708034179663,318
2026-04-26 13:44:12.486559,69,593,4.3321243246920655,453
2026-04-26 13:45:12.486559,50,121,7.201973088256759,112
2026-04-26 13:46:12.486559,54,374,11.299396773899995,275
2026-04-26 13:47:12.486559,45,338,8.334829470298944,474
2026-04-26 13:48:12.486559,49,409,3.02016331416586,293
2026-04-26 13:49:12.486559,94,528,7.758069122871152,345
2026-04-26 13:50:12.486559,51,588,12.685171223117209,285
2026-04-26 13:51:12.486559,91,322,12.821298080877693,262
2026-04-26 13:52:12.486559,71,490,3.9765317425306246,467
2026-04-26 13:53:12.486559,63,142,14.348435285836212,266
2026-04-26 13:54:12.486559,70,383,11.152257145361954,496
2026-04-26 13:55:12.486559,48,451,7.685023158213862,361
2026-04-26 13:56:12.486559,41,578,10.832689902777918,140
2026-04-26 13:57:12.486559,61,555,11.423448719691491,244
2026-04-26 13:58:12.486559,44,160,9.71829958173422,426
2026-04-26 13:59:12.486559,47,144,2.256730011937944,487
2026-04-26 14:00:12.486559,90,522,1.6017874563506784,346
2026-04-26 14:01:12.486559,60,291,19.477246539837115,189
2026-04-26 14:02:12.486559,76,592,3.0671768719838344,478
2026-04-26 14:03:12.486559,49,412,11.822532808107573,470
2026-04-26 14:04:12.486559,69,148,12.21278568942717,432
2026-04-26 14:05:12.486559,80,410,14.824010719564697,465
2026-04-26 14:06:12.486559,75,534,0.6208376898991208,483
2026-04-26 14:07:12.486559,47,589,12.626057064647965,408
2026-04-26 14:08:12.486559,68,551,6.3132955079657105,306
2026-04-26 14:09:12.486559,47,218,19.356736943148782,481
2026-04-26 14:10:12.486559,91,227,5.690396821998194,111
2026-04-26 14:11:12.486559,56,236,1.035394695386782,400
2026-04-26 14:12:12.486559,51,248,6.68870101076809,175
2026-04-26 14:13:12.486559,42,453,9.913356841874716,232
2026-04-26 14:14:12.486559,84,354,3.931002234292098,140
2026-04-26 14:15:12.486559,69,216,19.01207262598442,462
2026-04-26 14:16:12.486559,45,182,10.151119539220316,261
2026-04-26 14:17:12.486559,84,181,10.135754688389365,378
2026-04-26 14:18:12.486559,91,292,4.325826836631135,193
2026-04-26 14:19:12.486559,67,107,10.5352719673021,495
2026-04-26 14:20:12.486559,67,534,16.367429009952872,469
2026-04-26 14:21:12.486559,58,546,9.369173826091142,355
2026-04-26 14:22:12.486559,80,557,7.063391113926882,288
2026-04-26 14:23:12.486559,47,304,5.802227622706924,365
2026-04-26 14:24:12.486559,58,250,5.766825266518465,499
2026-04-26 14:25:12.486559,74,581,11.555458288992682,401
2026-04-26 14:26:12.486559,69,460,14.449741552582617,213
2026-04-26 14:27:12.486559,48,479,12.236102665582829,368
2026-04-26 14:28:12.486559,52,376,7.1795575958186735,427
2026-04-26 14:29:12.486559,75,320,16.499336973124898,244
2026-04-26 14:30:12.486559,54,488,17.992197714400028,329
2026-04-26 14:31:12.486559,42,488,6.205251459114454,236
2026-04-26 14:32:12.486559,72,464,9.51641246781337,274
2026-04-26 14:33:12.486559,72,354,0.41935373811794463,119
2026-04-26 14:34:12.486559,63,556,10.930157826628466,476
2026-04-26 14:35:12.486559,65,294,18.381766824841513,257
2026-04-26 14:36:12.486559,72,450,7.7519419782541,360
2026-04-26 14:37:12.486559,55,270,18.967364467361314,142
2026-04-26 14:38:12.486559,64,569,11.441697605482037,486
2026-04-26 14:39:12.486559,47,222,19.378007332212587,272
2026-04-26 14:40:12.486559,81,539,9.749054270423745,161
2026-04-26 14:41:12.486559,82,527,1.140551450996976,449
2026-04-26 14:42:12.486559,51,203,17.987849494926515,385
2026-04-26 14:43:12.486559,55,533,2.7722026055560067,391
2026-04-26 14:44:12.486559,54,359,13.171083653116355,209
2026-04-26 14:45:12.486559,65,433,5.0921566368308575,108
2026-04-26 14:46:12.486559,62,360,12.968110213155297,456
2026-04-26 14:47:12.486559,72,540,7.417685975122286,435
2026-04-26 14:48:12.486559,68,162,9.375201036799963,293
2026-04-26 14:49:12.486559,63,516,5.2872610710439165,429
2026-04-26 14:50:12.486559,74,123,2.772255401347814,480
2026-04-26 14:51:12.486559,77,274,16.045714911606307,172
2026-04-26 14:52:12.486559,66,194,2.0201641365188316,387
2026-04-26 14:53:12.486559,53,559,17.408220891968277,455
2026-04-26 14:54:12.486559,51,540,12.986762776002204,493
2026-04-26 14:55:12.486559,48,416,10.659357102672566,400
2026-04-26 14:56:12.486559,75,166,5.922757299840513,488
2026-04-26 14:57:12.486559,84,330,2.381506638256754,416
2026-04-26 14:58:12.486559,58,557,10.249661433052841,247
2026-04-26 14:59:12.486559,93,169,17.435030359476816,253
2026-04-26 15:00:12.486559,50,483,2.188712619042976,199
2026-04-26 15:01:12.486559,99,427,17.023966937038292,140
2026-04-26 15:02:12.486559,83,305,4.216446398198885,277
2026-04-26 15:03:12.486559,84,377,12.916525938493029,181
2026-04-26 15:04:12.486559,56,501,8.895171033189772,206
2026-04-26 15:05:12.486559,53,288,15.261554028712148,363
2026-04-26 15:06:12.486559,77,211,9.844036272793433,373
2026-04-26 15:07:12.486559,70,232,7.927513238053743,376
2026-04-26 15:08:12.486559,43,151,3.458686103314854,291
2026-04-26 15:09:12.486559,48,372,10.313780774720257,334
2026-04-26 15:10:12.486559,56,305,2.413668407523666,414
2026-04-26 15:11:12.486559,81,572,17.426570854593912,204
2026-04-26 15:12:12.486559,64,509,18.895019463486076,271
2026-04-26 15:13:12.486559,43,505,8.021728455273568,462
2026-04-26 15:14:12.486559,55,573,14.572017884623012,235
2026-04-26 15:15:12.486559,92,275,1.191283738863842,456
2026-04-26 15:16:12.486559,46,186,14.955966548963284,316
2026-04-26 15:17:12.486559,51,364,15.191309227813152,195
2026-04-26 15:18:12.486559,77,405,18.59150545009272,455
2026-04-26 15:19:12.486559,80,183,18.677131960697817,357
2026-04-26 15:20:12.486559,63,197,6.128412948840705,361
2026-04-26 15:21:12.486559,72,537,12.063268191257123,255
2026-04-26 15:22:12.486559,96,147,8.783457225730366,269
2026-04-26 15:23:12.486559,80,599,5.591728668120131,279
2026-04-26 15:24:12.486559,57,592,7.196540771346096,169
2026-04-26 15:25:12.486559,74,141,9.877738344751512,205
2026-04-26 15:26:12.486559,48,159,3.526967513235366,205
2026-04-26 15:27:12.486559,72,561,2.500940534134233,378
2026-04-26 15:28:12.486559,68,419,7.310348917648026,233
2026-04-26 15:29:12.486559,51,260,17.915996430877172,237
2026-04-26 15:30:12.486559,96,537,3.2778029071922377,418
2026-04-26 15:31:12.486559,44,127,11.111153306713655,303
2026-04-26 15:32:12.486559,45,383,3.111052194206627,168
2026-04-26 15:33:12.486559,95,508,0.21651341394860468,440
2026-04-26 15:34:12.486559,91,248,1.4792364127931612,485
2026-04-26 15:35:12.486559,69,323,15.18603607666277,340
2026-04-26 15:36:12.486559,78,367,9.436979076416133,496
2026-04-26 15:37:12.486559,43,298,18.449451258357183,329
2026-04-26 15:38:12.486559,49,581,7.877553769881304,380
2026-04-26 15:39:12.486559,63,447,18.50034691693592,414
2026-04-26 15:40:12.486559,83,526,15.12802534946128,116
2026-04-26 15:41:12.486559,46,449,10.360961601697689,346
2026-04-26 15:42:12.486559,66,458,12.52409548877828,456
2026-04-26 15:43:12.486559,81,129,10.58245818757926,310
2026-04-26 15:44:12.486559,46,598,10.998856979153476,222
2026-04-26 15:45:12.486559,56,538,7.9227921026208765,436
2026-04-26 15:46:12.486559,40,172,18.860179702999616,137
2026-04-26 15:47:12.486559,44,453,16.852790601915448,323
2026-04-26 15:48:12.486559,84,284,2.4537061280867967,496
2026-04-26 15:49:12.486559,48,432,14.104822667672373,107
2026-04-26 15:50:12.486559,67,281,10.890480310510748,399
2026-04-26 15:51:12.486559,50,460,2.5743586157067377,440
2026-04-26 15:52:12.486559,52,409,3.202977063193342,444
2026-04-26 15:53:12.486559,84,120,19.131288226694046,400
2026-04-26 15:54:12.486559,84,512,2.853814485389703,315
2026-04-26 15:55:12.486559,83,513,19.39167772688593,425
2026-04-26 15:56:12.486559,47,381,11.63196666897,241
2026-04-26 15:57:12.486559,53,534,13.264578900677645,175
2026-04-26 15:58:12.486559,53,392,19.481971197182265,277
2026-04-26 15:59:12.486559,40,209,10.250839228527784,244
2026-04-26 16:00:12.486559,96,404,13.557536131157743,450
2026-04-26 16:01:12.486559,92,494,4.1442030616840135,495
2026-04-26 16:02:12.486559,56,297,16.597942091365304,387
2026-04-26 16:03:12.486559,75,167,4.19791281686221,392
2026-04-26 16:04:12.486559,42,340,18.749908579905423,420
2026-04-26 16:05:12.486559,95,317,0.742048321234936,478
2026-04-26 16:06:12.486559,67,127,2.415275449165859,434
2026-04-26 16:07:12.486559,90,248,8.312518839919267,454
2026-04-26 16:08:12.486559,42,197,0.48677092879158224,468
2026-04-26 16:09:12.486559,98,117,2.1059650935562457,308
2026-04-26 16:10:12.486559,80,338,3.188154978988005,454
2026-04-26 16:11:12.486559,56,319,17.386660181290544,464
2026-04-26 16:12:12.486559,69,461,13.290260447775424,360
2026-04-26 16:13:12.486559,83,152,9.614633975594781,208
2026-04-26 16:14:12.486559,64,369,2.835551834553285,375
2026-04-26 16:15:12.486559,70,153,9.039848938966156,252
2026-04-26 16:16:12.486559,52,364,10.204618701813036,447
2026-04-26 16:17:12.486559,99,441,15.472205261872237,151
2026-04-26 16:18:12.486559,43,137,10.842129131058947,218
2026-04-26 16:19:12.486559,42,476,14.878835602639565,426
2026-04-26 16:20:12.486559,63,547,18.047270175814752,195
2026-04-26 16:21:12.486559,63,189,17.137734769463044,157
2026-04-26 16:22:12.486559,71,175,4.223131198569794,226
2026-04-26 16:23:12.486559,40,555,10.807140697552484,459
2026-04-26 16:24:12.486559,72,215,10.942354623776732,135
2026-04-26 16:25:12.486559,62,516,18.6340570000147,233
2026-04-26 16:26:12.486559,91,391,18.615133895294036,246
2026-04-26 16:27:12.486559,49,536,3.5383687679124654,360
2026-04-26 16:28:12.486559,60,217,16.620717136211056,488
2026-04-26 16:29:12.486559,74,171,7.034119474141103,327
2026-04-26 16:30:12.486559,45,269,18.152945143502237,168
2026-04-26 16:31:12.486559,54,248,12.398180518937137,464
2026-04-26 16:32:12.486559,61,320,15.577352061247247,327
2026-04-26 16:33:12.486559,76,195,14.116577183031646,273
2026-04-26 16:34:12.486559,62,377,13.345152235066458,381
2026-04-26 16:35:12.486559,62,120,15.927011509066617,366
2026-04-26 16:36:12.486559,68,222,18.316692279266146,196
2026-04-26 16:37:12.486559,53,375,11.568423209974096,113
2026-04-26 16:38:12.486559,75,570,16.347229661877783,168
2026-04-26 16:39:12.486559,67,574,12.477996570209084,143
2026-04-26 16:40:12.486559,84,454,3.764845206709655,420
2026-04-26 16:41:12.486559,46,166,6.153440105303478,430
2026-04-26 16:42:12.486559,48,184,0.41988969074132854,293
2026-04-26 16:43:12.486559,65,105,19.405735897476973,253
2026-04-26 16:44:12.486559,44,211,17.33177991778056,186
2026-04-26 16:45:12.486559,73,202,1.532222210149894,236
2026-04-26 16:46:12.486559,73,340,19.412783982714416,430
2026-04-26 16:47:12.486559,45,435,14.953030263258482,490
2026-04-26 16:48:12.486559,76,289,12.88746127031791,359
2026-04-26 16:49:12.486559,82,176,11.505909589460735,158
2026-04-26 16:50:12.486559,47,449,0.8456536677386928,322
2026-04-26 16:51:12.486559,80,550,4.41812930469472,474
2026-04-26 16:52:12.486559,63,458,0.821162020825914,196
2026-04-26 16:53:12.486559,74,508,14.372754152626172,274
2026-04-26 16:54:12.486559,62,236,5.608938098876914,341
2026-04-26 16:55:12.486559,70,540,16.85587743766388,206
2026-04-26 16:56:12.486559,65,249,13.7730962785694,152
2026-04-26 16:57:12.486559,56,378,1.0835231897254194,455
2026-04-26 16:58:12.486559,48,308,18.707536219022742,378
2026-04-26 16:59:12.486559,70,334,3.1340454177288257,444
2026-04-26 17:00:12.486559,74,350,17.580483354332163,455
2026-04-26 17:01:12.486559,44,586,3.1221725197345718,271
2026-04-26 17:02:12.486559,45,417,19.881112978455565,143
2026-04-26 17:03:12.486559,69,455,14.5105107683531,154
2026-04-26 17:04:12.486559,42,434,7.6709507336829,496
2026-04-26 17:05:12.486559,74,577,18.86704241420426,221
2026-04-26 17:06:12.486559,60,546,11.159155602798785,292
2026-04-26 17:07:12.486559,44,132,4.326429679304318,243
2026-04-26 17:08:12.486559,78,437,6.2047049974467905,215
2026-04-26 17:09:12.486559,62,597,11.770151882776323,265
2026-04-26 17:10:12.486559,60,110,18.27994134471276,184
2026-04-26 17:11:12.486559,49,455,12.101279457732995,178
2026-04-26 17:12:12.486559,49,180,4.755742840080719,190
2026-04-26 17:13:12.486559,97,305,2.21440489544104,397
2026-04-26 17:14:12.486559,65,248,19.771664891704678,317
2026-04-26 17:15:12.486559,94,120,17.441416443629297,395
2026-04-26 17:16:12.486559,72,127,6.573293951833479,333
2026-04-26 17:17:12.486559,94,157,15.772320770472941,416
2026-04-26 17:18:12.486559,63,407,7.363797077167682,291
2026-04-26 17:19:12.486559,44,466,15.22760591391089,331
2026-04-26 17:20:12.486559,57,124,0.9757978428870961,439
2026-04-26 17:21:12.486559,67,448,10.124656665676309,180
2026-04-26 17:22:12.486559,62,598,12.755306337044113,191
2026-04-26 17:23:12.486559,52,460,4.996866643250211,486
2026-04-26 17:24:12.486559,66,418,11.404566427247305,373
2026-04-26 17:25:12.486559,58,520,13.804824188854997,129
2026-04-26 17:26:12.486559,67,576,14.801254182932963,121
2026-04-26 17:27:12.486559,84,409,13.358672460186318,369
2026-04-26 17:28:12.486559,68,314,19.576338702490986,134
2026-04-26 17:29:12.486559,67,581,16.31218427551311,405
2026-04-26 17:30:12.486559,82,410,9.968753727343454,350
2026-04-26 17:31:12.486559,54,332,15.209379999343483,391
2026-04-26 17:32:12.486559,77,352,1.2466227555681453,230
2026-04-26 17:33:12.486559,68,486,17.32311401413552,412
2026-04-26 17:34:12.486559,45,433,3.452010205033611,471
2026-04-26 17:35:12.486559,83,514,15.056780278696198,487
2026-04-26 17:36:12.486559,54,411,2.3913523413999638,179
2026-04-26 17:37:12.486559,41,344,6.478029695353578,151
2026-04-26 17:38:12.486559,55,383,0.4853170129015538,222
2026-04-26 17:39:12.486559,68,558,5.746715525365039,331
2026-04-26 17:40:12.486559,56,144,8.765843462761232,336
2026-04-26 17:41:12.486559,98,302,11.690281265774654,114
2026-04-26 17:42:12.486559,67,111,11.98255922750943,163
2026-04-26 17:43:12.486559,62,429,13.252237786366312,115
2026-04-26 17:44:12.486559,61,151,13.051179609731093,305
2026-04-26 17:45:12.486559,46,110,16.89185504007873,208
2026-04-26 17:46:12.486559,96,256,2.885413450550398,169
2026-04-26 17:47:12.486559,48,350,10.30992996792747,184
2026-04-26 17:48:12.486559,44,532,11.01171614067782,388
2026-04-26 17:49:12.486559,69,399,6.126247559159497,367
2026-04-26 17:50:12.486559,71,258,16.712954099635443,330
2026-04-26 17:51:12.486559,56,327,7.745108231521012,128
2026-04-26 17:52:12.486559,49,550,6.947127299048601,376
2026-04-26 17:53:12.486559,63,451,16.231746757066578,311
2026-04-26 17:54:12.486559,78,209,9.006746507637962,443
2026-04-26 17:55:12.486559,68,180,6.43393382709454,205
2026-04-26 17:56:12.486559,60,278,1.8968647855853638,349
2026-04-26 17:57:12.486559,65,234,12.967369655403747,268
2026-04-26 17:58:12.486559,64,586,15.96197661947949,457
2026-04-26 17:59:12.486559,71,576,13.640225034704486,197
2026-04-26 18:00:12.486559,52,530,12.02173399213837,452
2026-04-26 18:01:12.486559,48,563,15.298077711761003,210
2026-04-26 18:02:12.486559,45,486,17.04728073036041,317
2026-04-26 18:03:12.486559,79,481,2.2308937288432817,130
2026-04-26 18:04:12.486559,49,177,15.549788813483818,153
2026-04-26 18:05:12.486559,78,104,7.929281423273473,321
2026-04-26 18:06:12.486559,76,292,19.487489905099437,333
2026-04-26 18:07:12.486559,42,447,1.4471690068585774,383
2026-04-26 18:08:12.486559,76,536,17.33546133478911,186
2026-04-26 18:09:12.486559,51,483,17.606231141427134,219
2026-04-26 18:10:12.486559,95,217,8.092448483715803,410
2026-04-26 18:11:12.486559,71,530,4.843035588853906,234
2026-04-26 18:12:12.486559,59,582,2.8597836091854756,486
2026-04-26 18:13:12.486559,58,362,16.93719075534392,226
2026-04-26 18:14:12.486559,90,294,19.681419966606317,385
2026-04-26 18:15:12.486559,45,174,3.974506295396234,443
2026-04-26 18:16:12.486559,59,586,16.131157926272387,231
2026-04-26 18:17:12.486559,48,574,12.375187735236521,368
2026-04-26 18:18:12.486559,70,276,8.578538099144835,329
2026-04-26 18:19:12.486559,68,395,3.521915060363825,453
2026-04-26 18:20:12.486559,51,573,6.4359247628545635,472
2026-04-26 18:21:12.486559,73,446,7.65856502290254,222
2026-04-26 18:22:12.486559,53,219,0.5529182823435708,145
2026-04-26 18:23:12.486559,77,540,0.46445260594389914,119
2026-04-26 18:24:12.486559,81,281,6.103397793246579,475
2026-04-26 18:25:12.486559,94,557,0.3199431086916604,425
2026-04-26 18:26:12.486559,83,177,12.226696156546772,217
2026-04-26 18:27:12.486559,62,408,14.175897766400317,160
2026-04-26 18:28:12.486559,77,468,0.20277291489912974,432
2026-04-26 18:29:12.486559,81,106,12.838406474913826,413
2026-04-26 18:30:12.486559,84,468,5.916683899146569,112
2026-04-26 18:31:12.486559,40,331,13.618211926480752,205
2026-04-26 18:32:12.486559,68,355,8.00635613087614,388
2026-04-26 18:33:12.486559,80,153,15.364526962763666,196
2026-04-26 18:34:12.486559,46,443,7.194626538925828,157
2026-04-26 18:35:12.486559,61,130,1.508012096017186,381
2026-04-26 18:36:12.486559,68,133,6.48356633694573,301
2026-04-26 18:37:12.486559,59,480,19.451208874459475,382
2026-04-26 18:38:12.486559,90,542,5.5428891020650735,397
2026-04-26 18:39:12.486559,47,320,3.3451509610285,357
2026-04-26 18:40:12.486559,58,491,13.98500486694249,416
2026-04-26 18:41:12.486559,53,188,10.94263613910761,487
2026-04-26 18:42:12.486559,79,297,19.92091552616057,330
2026-04-26 18:43:12.486559,42,101,8.723618081245467,125
2026-04-26 18:44:12.486559,73,422,5.543837586288283,255
2026-04-26 18:45:12.486559,60,375,13.384541743402371,490
2026-04-26 18:46:12.486559,40,116,15.192174515470509,417
2026-04-26 18:47:12.486559,50,333,0.8277900576141062,295
2026-04-26 18:48:12.486559,80,377,19.15696933577274,438
2026-04-26 18:49:12.486559,61,272,7.007998019158325,460
2026-04-26 18:50:12.486559,94,450,19.798043056894898,331
2026-04-26 18:51:12.486559,60,392,3.528582369405273,254
2026-04-26 18:52:12.486559,84,339,15.794929915919134,392
2026-04-26 18:53:12.486559,91,519,9.032369194263417,101
2026-04-26 18:54:12.486559,79,139,19.576583462863407,422
2026-04-26 18:55:12.486559,59,564,17.204614386517388,354
2026-04-26 18:56:12.486559,83,508,10.758803491994877,138
2026-04-26 18:57:12.486559,60,349,7.712793128291356,155
2026-04-26 18:58:12.486559,43,259,3.2806028105816853,463
2026-04-26 18:59:12.486559,49,532,3.9921348864299278,119
2026-04-26 19:00:12.486559,59,120,13.66435167491945,273
2026-04-26 19:01:12.486559,40,243,5.945917962750798,344
2026-04-26 19:02:12.486559,63,200,14.128526755884515,390
2026-04-26 19:03:12.486559,54,497,16.454403753357987,305
2026-04-26 19:04:12.486559,42,196,12.925887547022771,298
2026-04-26 19:05:12.486559,66,338,12.284263033837403,471
2026-04-26 19:06:12.486559,61,473,15.379719572745113,469
2026-04-26 19:07:12.486559,91,456,17.338114966976296,182
2026-04-26 19:08:12.486559,73,270,11.884592198495037,496
2026-04-26 19:09:12.486559,74,170,16.055769942506085,215
2026-04-26 19:10:12.486559,67,412,10.253410346185616,455
2026-04-26 19:11:12.486559,54,366,0.8162269761351704,287
2026-04-26 19:12:12.486559,67,481,4.432041286016961,137
2026-04-26 19:13:12.486559,46,452,14.102395653818135,242
2026-04-26 19:14:12.486559,93,400,12.228438724022919,430
2026-04-26 19:15:12.486559,90,398,14.758602111844008,260
2026-04-26 19:16:12.486559,53,594,15.280407354038037,148
2026-04-26 19:17:12.486559,45,122,17.674716438486133,203
2026-04-26 19:18:12.486559,76,470,8.6939532279652,168
2026-04-26 19:19:12.486559,96,548,14.021078804266303,475
2026-04-26 19:20:12.486559,52,148,18.94111393150916,417
2026-04-26 19:21:12.486559,40,319,15.191335914962298,215
2026-04-26 19:22:12.486559,79,235,19.035446911369434,116
2026-04-26 19:23:12.486559,44,497,3.0766627777303635,390
2026-04-26 19:24:12.486559,44,400,2.930974443720946,267
2026-04-26 19:25:12.486559,74,377,4.570621674305626,459
2026-04-26 19:26:12.486559,52,496,0.28848453822356124,388
2026-04-26 19:27:12.486559,83,319,11.584640254465008,475
2026-04-26 19:28:12.486559,72,521,8.330495549606308,280
2026-04-26 19:29:12.486559,65,582,5.651005636124992,278
2026-04-26 19:30:12.486559,41,347,15.094735588488897,103
2026-04-26 19:31:12.486559,83,460,5.093467817346959,480
2026-04-26 19:32:12.486559,84,379,0.6767606429606476,305
2026-04-26 19:33:12.486559,63,195,10.958207686247045,414
2026-04-26 19:34:12.486559,47,435,17.442224816282422,416
2026-04-26 19:35:12.486559,74,170,14.585564483590128,148
2026-04-26 19:36:12.486559,95,429,12.703611007924703,418
2026-04-26 19:37:12.486559,92,463,6.699387755323965,206
2026-04-26 19:38:12.486559,98,302,4.022994292639071,127
2026-04-26 19:39:12.486559,40,198,7.607873220766612,270
2026-04-26 19:40:12.486559,40,307,10.11687505279033,113
2026-04-26 19:41:12.486559,40,362,3.4703455456698817,164
2026-04-26 19:42:12.486559,76,432,15.060028079301127,239
2026-04-26 19:43:12.486559,41,102,14.757321630742657,482
2026-04-26 19:44:12.486559,72,222,2.653076078965133,272
2026-04-26 19:45:12.486559,62,577,16.430213763192636,364
2026-04-26 19:46:12.486559,66,229,5.21780630018871,410
2026-04-26 19:47:12.486559,71,121,9.55246891214049,393
2026-04-26 19:48:12.486559,52,199,12.686425830873404,197
2026-04-26 19:49:12.486559,53,495,7.771142706437599,407
