timestamp,amount,type,is_anomaly
2026-04-17 10:28:06.803076,80000.0,credit,1
2026-04-17 10:29:06.803076,299.55389767696215,debit,0
2026-04-17 10:30:06.803076,303.9875004209847,debit,0
2026-04-17 10:31:06.803076,420.7329659760282,credit,0
2026-04-17 10:32:06.803076,442.59791601715165,credit,0
2026-04-17 10:33:06.803076,578.740447918571,credit,0
2026-04-17 10:34:06.803076,118.73651795570959,credit,0
2026-04-17 10:35:06.803076,681.7957326073089,credit,0
2026-04-17 10:36:06.803076,422.9165843314583,credit,0
2026-04-17 10:37:06.803076,602.1281006947546,credit,0
2026-04-17 10:38:06.803076,498.3375845052999,credit,0
2026-04-17 10:39:06.803076,388.483882819911,debit,0
2026-04-17 10:40:06.803076,451.70748424510657,debit,0
2026-04-17 10:41:06.803076,766.3640760736228,credit,0
2026-04-17 10:42:06.803076,571.1359212346196,debit,0
2026-04-17 10:43:06.803076,570.5383455717204,debit,0
2026-04-17 10:44:06.803076,439.56993797436166,debit,0
2026-04-17 10:45:06.803076,785.8794920338812,credit,0
2026-04-17 10:46:06.803076,270.20388551371485,debit,0
2026-04-17 10:47:06.803076,524.7290866926377,credit,0
2026-04-17 10:48:06.803076,219.71492842467,credit,0
2026-04-17 10:49:06.803076,579.3913173512252,credit,0
2026-04-17 10:50:06.803076,435.96681647315813,debit,0
2026-04-17 10:51:06.803076,578.8753837351419,debit,0
2026-04-17 10:52:06.803076,612.0071145067382,debit,0
2026-04-17 10:53:06.803076,832.1111625347855,debit,0
2026-04-17 10:54:06.803076,435.83424926454154,debit,0
2026-04-17 10:55:06.803076,448.9977443734421,credit,0
2026-04-17 10:56:06.803076,106.64303748179157,credit,0
2026-04-17 10:57:06.803076,100000.0,credit,1
2026-04-17 10:58:06.803076,248.2185533078134,debit,0
2026-04-17 10:59:06.803076,762.0936790374144,credit,0
2026-04-17 11:00:06.803076,336.5254721636259,credit,0
2026-04-17 11:01:06.803076,80000.0,debit,1
2026-04-17 11:02:06.803076,498.9775409752914,credit,0
2026-04-17 11:03:06.803076,618.3956511813941,debit,0
2026-04-17 11:04:06.803076,480.86334367583737,credit,0
2026-04-17 11:05:06.803076,476.92778873576316,credit,0
2026-04-17 11:06:06.803076,150000.0,credit,1
2026-04-17 11:07:06.803076,551.0539199264582,credit,0
2026-04-17 11:08:06.803076,701.3167644454658,debit,0
2026-04-17 11:09:06.803076,805.5211730891363,credit,0
2026-04-17 11:10:06.803076,334.25645877993117,debit,0
2026-04-17 11:11:06.803076,457.8983481289312,credit,0
2026-04-17 11:12:06.803076,389.1769627926029,debit,0
2026-04-17 11:13:06.803076,451.2986777428689,credit,0
2026-04-17 11:14:06.803076,843.5102657194686,credit,0
2026-04-17 11:15:06.803076,670.9951682960752,debit,0
2026-04-17 11:16:06.803076,271.6308457542581,credit,0
2026-04-17 11:17:06.803076,677.0285950063453,credit,0
2026-04-17 11:18:06.803076,367.8425128721467,credit,0
2026-04-17 11:19:06.803076,536.5128422590188,debit,0
2026-04-17 11:20:06.803076,588.4349116101728,debit,0
2026-04-17 11:21:06.803076,356.24129845175867,credit,0
2026-04-17 11:22:06.803076,761.7814752176066,credit,0
2026-04-17 11:23:06.803076,706.8685095108275,debit,0
2026-04-17 11:24:06.803076,426.42530032394245,credit,0
2026-04-17 11:25:06.803076,344.9390244186837,credit,0
2026-04-17 11:26:06.803076,411.6377597452199,credit,0
2026-04-17 11:27:06.803076,497.8621727226876,credit,0
2026-04-17 11:28:06.803076,427.30966382909025,credit,0
2026-04-17 11:29:06.803076,398.79078048006164,credit,0
2026-04-17 11:30:06.803076,201.57558646473598,debit,0
2026-04-17 11:31:06.803076,50.0,debit,0
2026-04-17 11:32:06.803076,249.13994265960068,credit,0
2026-04-17 11:33:06.803076,694.9338468472528,debit,0
2026-04-17 11:34:06.803076,587.7749021934834,debit,0
2026-04-17 11:35:06.803076,499.8065957387426,debit,0
2026-04-17 11:36:06.803076,222.8346412593488,debit,0
2026-04-17 11:37:06.803076,291.57494829721514,debit,0
2026-04-17 11:38:06.803076,450.70547232176204,credit,0
2026-04-17 11:39:06.803076,484.55719749075035,debit,0
2026-04-17 11:40:06.803076,569.6183683460534,credit,0
2026-04-17 11:41:06.803076,530.8289794855357,debit,0
2026-04-17 11:42:06.803076,216.32855315101904,credit,0
2026-04-17 11:43:06.803076,388.46895977694527,debit,0
2026-04-17 11:44:06.803076,307.3233915888266,credit,0
2026-04-17 11:45:06.803076,310.69536488711765,debit,0
2026-04-17 11:46:06.803076,627.1031884777509,debit,0
2026-04-17 11:47:06.803076,583.8554901524556,credit,0
2026-04-17 11:48:06.803076,528.4080015870093,debit,0
2026-04-17 11:49:06.803076,359.9384631094548,debit,0
2026-04-17 11:50:06.803076,268.58890309521655,credit,0
2026-04-17 11:51:06.803076,325.7399696516402,debit,0
2026-04-17 11:52:06.803076,80000.0,credit,1
2026-04-17 11:53:06.803076,642.4913989227764,credit,0
2026-04-17 11:54:06.803076,711.6250550449852,credit,0
2026-04-17 11:55:06.803076,380.6283790247329,credit,0
2026-04-17 11:56:06.803076,214.00582844618668,debit,0
2026-04-17 11:57:06.803076,384.6627869085531,debit,0
2026-04-17 11:58:06.803076,548.1233745991982,credit,0
2026-04-17 11:59:06.803076,557.3254745641161,debit,0
2026-04-17 12:00:06.803076,551.0142489014743,debit,0
2026-04-17 12:01:06.803076,604.5983784678226,credit,0
2026-04-17 12:02:06.803076,740.1027297215757,debit,0
2026-04-17 12:03:06.803076,391.9098888694383,credit,0
2026-04-17 12:04:06.803076,620.543068924282,debit,0
2026-04-17 12:05:06.803076,356.85451679531093,credit,0
2026-04-17 12:06:06.803076,577.6283624530272,debit,0
2026-04-17 12:07:06.803076,344.20666903242466,credit,0
2026-04-17 12:08:06.803076,511.3958486793893,debit,0
2026-04-17 12:09:06.803076,474.35530653782945,debit,0
2026-04-17 12:10:06.803076,150000.0,debit,1
2026-04-17 12:11:06.803076,150000.0,debit,1
2026-04-17 12:12:06.803076,379.2942563610834,credit,0
2026-04-17 12:13:06.803076,776.1351005005974,credit,0
2026-04-17 12:14:06.803076,453.2510991204758,debit,0
2026-04-17 12:15:06.803076,337.24642722540176,debit,0
2026-04-17 12:16:06.803076,630.3760477885014,credit,0
2026-04-17 12:17:06.803076,733.1560410089058,credit,0
2026-04-17 12:18:06.803076,447.55585881971297,credit,0
2026-04-17 12:19:06.803076,151.35600809191385,debit,0
2026-04-17 12:20:06.803076,849.1734320825694,debit,0
2026-04-17 12:21:06.803076,213.74714554032727,credit,0
2026-04-17 12:22:06.803076,150000.0,debit,1
2026-04-17 12:23:06.803076,665.3494134625521,credit,0
2026-04-17 12:24:06.803076,909.3969833132329,debit,0
2026-04-17 12:25:06.803076,99.40050252453432,debit,0
2026-04-17 12:26:06.803076,713.8011335337537,debit,0
2026-04-17 12:27:06.803076,583.5848410886315,credit,0
2026-04-17 12:28:06.803076,672.8340779223662,debit,0
2026-04-17 12:29:06.803076,80000.0,credit,1
2026-04-17 12:30:06.803076,681.3423833042016,debit,0
2026-04-17 12:31:06.803076,589.4696541704621,debit,0
2026-04-17 12:32:06.803076,338.47289709263964,credit,0
2026-04-17 12:33:06.803076,635.7562417834945,debit,0
2026-04-17 12:34:06.803076,374.4600392143073,credit,0
2026-04-17 12:35:06.803076,149.24669460725062,debit,0
2026-04-17 12:36:06.803076,486.46193010426526,debit,0
2026-04-17 12:37:06.803076,313.96143611715183,credit,0
2026-04-17 12:38:06.803076,243.95753234349047,debit,0
2026-04-17 12:39:06.803076,519.2174762464224,credit,0
2026-04-17 12:40:06.803076,692.7938539971731,credit,0
2026-04-17 12:41:06.803076,314.27911113891474,debit,0
2026-04-17 12:42:06.803076,646.7504138383367,credit,0
2026-04-17 12:43:06.803076,465.9770390606305,debit,0
2026-04-17 12:44:06.803076,394.16221925907337,debit,0
2026-04-17 12:45:06.803076,675.9301926679129,credit,0
2026-04-17 12:46:06.803076,663.2679855896877,debit,0
2026-04-17 12:47:06.803076,654.1845652135025,credit,0
2026-04-17 12:48:06.803076,353.02450248241394,debit,0
2026-04-17 12:49:06.803076,549.4426928007658,debit,0
2026-04-17 12:50:06.803076,627.9809935572373,credit,0
2026-04-17 12:51:06.803076,372.60866190524666,credit,0
2026-04-17 12:52:06.803076,385.3446423133187,credit,0
2026-04-17 12:53:06.803076,518.6946570734686,credit,0
2026-04-17 12:54:06.803076,547.4932161562224,debit,0
2026-04-17 12:55:06.803076,547.0175805821793,debit,0
2026-04-17 12:56:06.803076,372.04177560566023,debit,0
2026-04-17 12:57:06.803076,456.1471271872734,debit,0
2026-04-17 12:58:06.803076,525.7471731044501,debit,0
2026-04-17 12:59:06.803076,159.49294071093533,debit,0
2026-04-17 13:00:06.803076,381.3679033253909,credit,0
2026-04-17 13:01:06.803076,554.8592587858274,debit,0
2026-04-17 13:02:06.803076,417.7450285263594,debit,0
2026-04-17 13:03:06.803076,571.9422489365528,debit,0
2026-04-17 13:04:06.803076,566.6830566545618,credit,0
2026-04-17 13:05:06.803076,306.1011069283285,debit,0
2026-04-17 13:06:06.803076,606.8383457115851,debit,0
2026-04-17 13:07:06.803076,603.5731853305884,credit,0
2026-04-17 13:08:06.803076,271.78070040406305,debit,0
2026-04-17 13:09:06.803076,50.0,debit,0
2026-04-17 13:10:06.803076,100000.0,credit,1
2026-04-17 13:11:06.803076,787.0740090796396,credit,0
2026-04-17 13:12:06.803076,484.57298579032965,credit,0
2026-04-17 13:13:06.803076,710.175745454276,credit,0
2026-04-17 13:14:06.803076,440.98486672659254,debit,0
2026-04-17 13:15:06.803076,618.6928198137985,debit,0
2026-04-17 13:16:06.803076,423.9707790753931,debit,0
2026-04-17 13:17:06.803076,639.2643967499528,debit,0
2026-04-17 13:18:06.803076,498.95553775146215,debit,0
2026-04-17 13:19:06.803076,100000.0,credit,1
2026-04-17 13:20:06.803076,388.1751302970122,debit,0
2026-04-17 13:21:06.803076,838.2270558194969,debit,0
2026-04-17 13:22:06.803076,592.4118646831932,debit,0
2026-04-17 13:23:06.803076,645.4813103661024,credit,0
2026-04-17 13:24:06.803076,80000.0,debit,1
2026-04-17 13:25:06.803076,395.43512535075655,debit,0
2026-04-17 13:26:06.803076,748.1436554861205,debit,0
2026-04-17 13:27:06.803076,326.83860958092407,debit,0
2026-04-17 13:28:06.803076,700.941310505362,credit,0
2026-04-17 13:29:06.803076,231.35045350374867,credit,0
2026-04-17 13:30:06.803076,425.9012378014959,debit,0
2026-04-17 13:31:06.803076,223.66771327965876,credit,0
2026-04-17 13:32:06.803076,619.6090100397463,debit,0
2026-04-17 13:33:06.803076,422.2037095548063,credit,0
2026-04-17 13:34:06.803076,852.7855626272255,credit,0
2026-04-17 13:35:06.803076,397.46893232511934,credit,0
2026-04-17 13:36:06.803076,610.6543267140863,debit,0
2026-04-17 13:37:06.803076,397.1270248335505,credit,0
2026-04-17 13:38:06.803076,80000.0,credit,1
2026-04-17 13:39:06.803076,100000.0,debit,1
2026-04-17 13:40:06.803076,328.8029015825889,credit,0
2026-04-17 13:41:06.803076,576.5644673423899,debit,0
2026-04-17 13:42:06.803076,186.1785581507777,debit,0
2026-04-17 13:43:06.803076,761.5855219344859,credit,0
2026-04-17 13:44:06.803076,675.7520041511644,debit,0
2026-04-17 13:45:06.803076,459.5691916832841,debit,0
2026-04-17 13:46:06.803076,364.9596025592223,credit,0
2026-04-17 13:47:06.803076,272.28071430380476,debit,0
2026-04-17 13:48:06.803076,579.9365788310545,credit,0
2026-04-17 13:49:06.803076,404.1081511308497,debit,0
2026-04-17 13:50:06.803076,604.7498333332954,debit,0
2026-04-17 13:51:06.803076,80000.0,debit,1
2026-04-17 13:52:06.803076,499.79322384184417,debit,0
2026-04-17 13:53:06.803076,86.9860029432079,credit,0
2026-04-17 13:54:06.803076,80000.0,debit,1
2026-04-17 13:55:06.803076,741.3961995097418,debit,0
2026-04-17 13:56:06.803076,310.4695094315972,debit,0
2026-04-17 13:57:06.803076,441.93402597351735,credit,0
2026-04-17 13:58:06.803076,335.97591988847205,debit,0
2026-04-17 13:59:06.803076,543.9302897961965,debit,0
2026-04-17 14:00:06.803076,648.5249632886148,debit,0
2026-04-17 14:01:06.803076,707.7787768451935,debit,0
2026-04-17 14:02:06.803076,652.6717984182847,credit,0
2026-04-17 14:03:06.803076,499.16977820116404,credit,0
2026-04-17 14:04:06.803076,632.00996156783,credit,0
2026-04-17 14:05:06.803076,643.9802635698422,debit,0
2026-04-17 14:06:06.803076,411.9659325875568,credit,0
2026-04-17 14:07:06.803076,377.5071859196314,credit,0
2026-04-17 14:08:06.803076,915.2279229845378,credit,0
2026-04-17 14:09:06.803076,384.92144654155214,debit,0
2026-04-17 14:10:06.803076,477.04974097471404,credit,0
2026-04-17 14:11:06.803076,645.714634398864,credit,0
2026-04-17 14:12:06.803076,532.0460173421379,credit,0
2026-04-17 14:13:06.803076,100000.0,credit,1
2026-04-17 14:14:06.803076,349.87346457232616,credit,0
2026-04-17 14:15:06.803076,80000.0,credit,1
2026-04-17 14:16:06.803076,694.4934205442765,debit,0
2026-04-17 14:17:06.803076,488.07729026426836,credit,0
2026-04-17 14:18:06.803076,309.8543244611703,credit,0
2026-04-17 14:19:06.803076,786.6257169576868,debit,0
2026-04-17 14:20:06.803076,908.7618315998044,debit,0
2026-04-17 14:21:06.803076,735.3690101632727,credit,0
2026-04-17 14:22:06.803076,480.53316634402256,debit,0
2026-04-17 14:23:06.803076,571.9308279351685,debit,0
2026-04-17 14:24:06.803076,676.6478578043872,debit,0
2026-04-17 14:25:06.803076,575.9048499324415,credit,0
2026-04-17 14:26:06.803076,78.63197869963773,credit,0
2026-04-17 14:27:06.803076,528.8292410469868,debit,0
2026-04-17 14:28:06.803076,440.43045881716574,debit,0
2026-04-17 14:29:06.803076,567.6183214147227,credit,0
2026-04-17 14:30:06.803076,729.8842656428923,credit,0
2026-04-17 14:31:06.803076,428.3602493420827,credit,0
2026-04-17 14:32:06.803076,698.6247166612729,debit,0
2026-04-17 14:33:06.803076,524.6517190854211,credit,0
2026-04-17 14:34:06.803076,69.07039035095374,debit,0
2026-04-17 14:35:06.803076,361.9521854897678,credit,0
2026-04-17 14:36:06.803076,291.7122994090554,debit,0
2026-04-17 14:37:06.803076,215.89022858027124,debit,0
2026-04-17 14:38:06.803076,499.46797285663024,credit,0
2026-04-17 14:39:06.803076,549.240945909944,debit,0
2026-04-17 14:40:06.803076,314.45714528555357,debit,0
2026-04-17 14:41:06.803076,751.7878523232921,debit,0
2026-04-17 14:42:06.803076,587.0607604236457,debit,0
2026-04-17 14:43:06.803076,745.6431922338745,credit,0
2026-04-17 14:44:06.803076,607.396445239549,debit,0
2026-04-17 14:45:06.803076,603.2041486860417,credit,0
2026-04-17 14:46:06.803076,100000.0,debit,1
2026-04-17 14:47:06.803076,243.40003979659758,credit,0
2026-04-17 14:48:06.803076,464.8575955410076,credit,0
2026-04-17 14:49:06.803076,260.8821520948525,debit,0
2026-04-17 14:50:06.803076,245.54229948574346,credit,0
2026-04-17 14:51:06.803076,408.9780041202392,debit,0
2026-04-17 14:52:06.803076,396.95318276700243,debit,0
2026-04-17 14:53:06.803076,231.84570051997053,debit,0
2026-04-17 14:54:06.803076,864.4753956570411,credit,0
2026-04-17 14:55:06.803076,816.4860062121285,credit,0
2026-04-17 14:56:06.803076,161.07277626734367,credit,0
2026-04-17 14:57:06.803076,843.7195769367328,credit,0
2026-04-17 14:58:06.803076,511.92312176006874,debit,0
2026-04-17 14:59:06.803076,770.7067781852311,debit,0
2026-04-17 15:00:06.803076,585.8063744481545,credit,0
2026-04-17 15:01:06.803076,100000.0,debit,1
2026-04-17 15:02:06.803076,100000.0,debit,1
2026-04-17 15:03:06.803076,528.938991491836,debit,0
2026-04-17 15:04:06.803076,924.5878815994358,debit,0
2026-04-17 15:05:06.803076,375.9162713202537,debit,0
2026-04-17 15:06:06.803076,474.5192349574887,credit,0
2026-04-17 15:07:06.803076,584.7361238417086,credit,0
2026-04-17 15:08:06.803076,625.9995971510206,debit,0
2026-04-17 15:09:06.803076,891.7058052159446,credit,0
2026-04-17 15:10:06.803076,341.70612661830535,debit,0
2026-04-17 15:11:06.803076,487.02759414950293,debit,0
2026-04-17 15:12:06.803076,150000.0,debit,1
2026-04-17 15:13:06.803076,129.10592629695606,credit,0
2026-04-17 15:14:06.803076,356.5372851285688,credit,0
2026-04-17 15:15:06.803076,664.4867347344116,debit,0
2026-04-17 15:16:06.803076,589.9046632363252,credit,0
2026-04-17 15:17:06.803076,446.82559344504114,debit,0
2026-04-17 15:18:06.803076,561.7556576533528,credit,0
2026-04-17 15:19:06.803076,186.82948852623787,debit,0
2026-04-17 15:20:06.803076,431.88229476550185,credit,0
2026-04-17 15:21:06.803076,806.9032688864957,debit,0
2026-04-17 15:22:06.803076,375.3243467917541,debit,0
2026-04-17 15:23:06.803076,788.3661864302728,credit,0
2026-04-17 15:24:06.803076,393.01678565246556,debit,0
2026-04-17 15:25:06.803076,416.75229958976126,credit,0
2026-04-17 15:26:06.803076,465.23875236454967,debit,0
2026-04-17 15:27:06.803076,390.85868777435155,credit,0
2026-04-17 15:28:06.803076,341.7040431693081,debit,0
2026-04-17 15:29:06.803076,522.2558305285175,credit,0
2026-04-17 15:30:06.803076,610.1738919525267,debit,0
2026-04-17 15:31:06.803076,219.05944222564284,credit,0
2026-04-17 15:32:06.803076,225.63371389521285,debit,0
2026-04-17 15:33:06.803076,150000.0,credit,1
2026-04-17 15:34:06.803076,786.0635898199678,debit,0
2026-04-17 15:35:06.803076,717.3192221546801,credit,0
2026-04-17 15:36:06.803076,349.3120028678412,credit,0
2026-04-17 15:37:06.803076,806.6841155763888,credit,0
2026-04-17 15:38:06.803076,499.71174090236514,credit,0
2026-04-17 15:39:06.803076,735.5367188620716,credit,0
2026-04-17 15:40:06.803076,397.0811568227837,debit,0
2026-04-17 15:41:06.803076,787.752693738023,debit,0
2026-04-17 15:42:06.803076,591.6698571052348,debit,0
2026-04-17 15:43:06.803076,694.9095252668637,debit,0
2026-04-17 15:44:06.803076,634.5066755694905,credit,0
2026-04-17 15:45:06.803076,100000.0,debit,1
2026-04-17 15:46:06.803076,651.4807885214607,debit,0
2026-04-17 15:47:06.803076,598.1340193165857,credit,0
2026-04-17 15:48:06.803076,739.2657497433402,credit,0
2026-04-17 15:49:06.803076,430.05727027032265,credit,0
2026-04-17 15:50:06.803076,50.0,debit,0
2026-04-17 15:51:06.803076,549.483991823807,debit,0
2026-04-17 15:52:06.803076,429.5883999486286,credit,0
2026-04-17 15:53:06.803076,526.3113394323813,credit,0
2026-04-17 15:54:06.803076,740.8274278975072,credit,0
2026-04-17 15:55:06.803076,291.72236335690286,credit,0
2026-04-17 15:56:06.803076,180.28309740362943,credit,0
2026-04-17 15:57:06.803076,342.395617996469,credit,0
2026-04-17 15:58:06.803076,494.25926211727125,credit,0
2026-04-17 15:59:06.803076,570.1219001782288,credit,0
2026-04-17 16:00:06.803076,403.95952800279855,debit,0
2026-04-17 16:01:06.803076,465.3939149136732,debit,0
2026-04-17 16:02:06.803076,630.5699807970036,debit,0
2026-04-17 16:03:06.803076,157.59510333469586,credit,0
2026-04-17 16:04:06.803076,656.9586722354807,debit,0
2026-04-17 16:05:06.803076,635.4757517023622,credit,0
2026-04-17 16:06:06.803076,154.3673890542667,debit,0
2026-04-17 16:07:06.803076,506.8573081168381,debit,0
2026-04-17 16:08:06.803076,478.1589796977925,debit,0
2026-04-17 16:09:06.803076,359.57519676479706,debit,0
2026-04-17 16:10:06.803076,705.1084695507869,credit,0
2026-04-17 16:11:06.803076,518.8357618462852,debit,0
2026-04-17 16:12:06.803076,457.59596010395245,debit,0
2026-04-17 16:13:06.803076,623.8963749605426,debit,0
2026-04-17 16:14:06.803076,516.5199807502821,debit,0
2026-04-17 16:15:06.803076,700.7914657971282,credit,0
2026-04-17 16:16:06.803076,436.0290106751687,credit,0
2026-04-17 16:17:06.803076,767.9794367686063,debit,0
2026-04-17 16:18:06.803076,100000.0,debit,1
2026-04-17 16:19:06.803076,527.1240388751035,credit,0
2026-04-17 16:20:06.803076,452.60464132233176,credit,0
2026-04-17 16:21:06.803076,150000.0,credit,1
2026-04-17 16:22:06.803076,487.06935639072833,debit,0
2026-04-17 16:23:06.803076,546.2230066029193,debit,0
2026-04-17 16:24:06.803076,823.8127334540925,credit,0
2026-04-17 16:25:06.803076,367.3327149146709,debit,0
2026-04-17 16:26:06.803076,553.8814120809825,credit,0
2026-04-17 16:27:06.803076,550.92277919895,debit,0
2026-04-17 16:28:06.803076,674.6920004083286,debit,0
2026-04-17 16:29:06.803076,566.1921227227608,credit,0
2026-04-17 16:30:06.803076,268.654913036905,debit,0
2026-04-17 16:31:06.803076,662.5193365957446,debit,0
2026-04-17 16:32:06.803076,230.04485629888842,credit,0
2026-04-17 16:33:06.803076,908.6311894137831,credit,0
2026-04-17 16:34:06.803076,917.9728913619338,debit,0
2026-04-17 16:35:06.803076,648.4791991802537,debit,0
2026-04-17 16:36:06.803076,428.8146919989541,credit,0
2026-04-17 16:37:06.803076,466.63735945684346,credit,0
2026-04-17 16:38:06.803076,474.56904852770754,credit,0
2026-04-17 16:39:06.803076,607.7952632212068,debit,0
2026-04-17 16:40:06.803076,294.04291222640336,credit,0
2026-04-17 16:41:06.803076,298.6407159833933,debit,0
2026-04-17 16:42:06.803076,505.2107606411763,debit,0
2026-04-17 16:43:06.803076,248.0704893912775,credit,0
2026-04-17 16:44:06.803076,536.8215757638175,credit,0
2026-04-17 16:45:06.803076,437.1448434859269,credit,0
2026-04-17 16:46:06.803076,747.0056627809644,debit,0
2026-04-17 16:47:06.803076,393.2598856504017,debit,0
2026-04-17 16:48:06.803076,80000.0,debit,1
2026-04-17 16:49:06.803076,644.4107719474721,debit,0
2026-04-17 16:50:06.803076,411.1575399398787,credit,0
2026-04-17 16:51:06.803076,558.725797170148,debit,0
2026-04-17 16:52:06.803076,686.6146271280197,credit,0
2026-04-17 16:53:06.803076,750.7199777744426,debit,0
2026-04-17 16:54:06.803076,589.0971570121685,debit,0
2026-04-17 16:55:06.803076,759.3806880665455,debit,0
2026-04-17 16:56:06.803076,357.31698320813115,credit,0
2026-04-17 16:57:06.803076,803.5570866221744,debit,0
2026-04-17 16:58:06.803076,335.3818134348377,debit,0
2026-04-17 16:59:06.803076,281.3437096691823,debit,0
2026-04-17 17:00:06.803076,253.8346928697861,credit,0
2026-04-17 17:01:06.803076,548.0782818710767,credit,0
2026-04-17 17:02:06.803076,353.91357809966235,debit,0
2026-04-17 17:03:06.803076,578.676541440938,credit,0
2026-04-17 17:04:06.803076,496.57366774358616,credit,0
2026-04-17 17:05:06.803076,662.4149574536427,debit,0
2026-04-17 17:06:06.803076,465.5522441800751,debit,0
2026-04-17 17:07:06.803076,135.36302271794096,credit,0
2026-04-17 17:08:06.803076,681.1918958810659,debit,0
2026-04-17 17:09:06.803076,633.1813534887996,credit,0
2026-04-17 17:10:06.803076,432.03225289801037,credit,0
2026-04-17 17:11:06.803076,453.8322264246897,debit,0
2026-04-17 17:12:06.803076,834.2881399135199,debit,0
2026-04-17 17:13:06.803076,721.2881852622363,debit,0
2026-04-17 17:14:06.803076,329.5001588610354,credit,0
2026-04-17 17:15:06.803076,534.0885459604516,debit,0
2026-04-17 17:16:06.803076,738.1501911221974,credit,0
2026-04-17 17:17:06.803076,530.9892267935365,debit,0
2026-04-17 17:18:06.803076,718.3429876016635,credit,0
2026-04-17 17:19:06.803076,296.9571177889839,debit,0
2026-04-17 17:20:06.803076,887.3076603354546,credit,0
2026-04-17 17:21:06.803076,438.7285101927635,credit,0
2026-04-17 17:22:06.803076,635.6785463978733,debit,0
2026-04-17 17:23:06.803076,336.6617338707679,credit,0
2026-04-17 17:24:06.803076,544.2169721644332,credit,0
2026-04-17 17:25:06.803076,417.80487267501053,debit,0
2026-04-17 17:26:06.803076,435.9345888397821,debit,0
2026-04-17 17:27:06.803076,656.9701747104608,debit,0
2026-04-17 17:28:06.803076,503.6942831666042,debit,0
2026-04-17 17:29:06.803076,303.07080047683144,credit,0
2026-04-17 17:30:06.803076,455.7514313140101,debit,0
2026-04-17 17:31:06.803076,559.5339003040975,debit,0
2026-04-17 17:32:06.803076,413.1684736965989,credit,0
2026-04-17 17:33:06.803076,421.82300732320607,credit,0
2026-04-17 17:34:06.803076,680.7940535916828,credit,0
2026-04-17 17:35:06.803076,169.06957357767658,debit,0
2026-04-17 17:36:06.803076,366.9676670071939,debit,0
2026-04-17 17:37:06.803076,429.8851551006565,debit,0
2026-04-17 17:38:06.803076,865.178467024877,debit,0
2026-04-17 17:39:06.803076,312.94704644664375,debit,0
2026-04-17 17:40:06.803076,220.225882196369,debit,0
2026-04-17 17:41:06.803076,536.2829620797908,debit,0
2026-04-17 17:42:06.803076,782.3555019227192,debit,0
2026-04-17 17:43:06.803076,657.630748397469,debit,0
2026-04-17 17:44:06.803076,259.3763128372334,debit,0
2026-04-17 17:45:06.803076,424.0061063872551,debit,0
2026-04-17 17:46:06.803076,649.5259449946003,credit,0
2026-04-17 17:47:06.803076,484.94739511020066,debit,0
2026-04-17 17:48:06.803076,674.0531103042124,debit,0
2026-04-17 17:49:06.803076,675.0518391045268,debit,0
2026-04-17 17:50:06.803076,409.08719586614325,credit,0
2026-04-17 17:51:06.803076,669.7315004085289,credit,0
2026-04-17 17:52:06.803076,631.7602491983329,debit,0
2026-04-17 17:53:06.803076,798.1689085336932,debit,0
2026-04-17 17:54:06.803076,299.35459324681693,credit,0
2026-04-17 17:55:06.803076,145.7339466300794,credit,0
2026-04-17 17:56:06.803076,649.7988234679558,credit,0
2026-04-17 17:57:06.803076,536.1932205172575,debit,0
2026-04-17 17:58:06.803076,93.3806244175239,debit,0
2026-04-17 17:59:06.803076,481.2755169521716,debit,0
2026-04-17 18:00:06.803076,304.76713968449775,debit,0
2026-04-17 18:01:06.803076,214.19535289778537,credit,0
2026-04-17 18:02:06.803076,380.08418693227827,credit,0
2026-04-17 18:03:06.803076,758.6194523717786,credit,0
2026-04-17 18:04:06.803076,440.0455185689909,credit,0
2026-04-17 18:05:06.803076,439.84974288873093,credit,0
2026-04-17 18:06:06.803076,439.89434282271515,debit,0
2026-04-17 18:07:06.803076,597.6062150570015,debit,0
2026-04-17 18:08:06.803076,902.4113048087174,credit,0
2026-04-17 18:09:06.803076,563.9232637908534,debit,0
2026-04-17 18:10:06.803076,761.4673751865089,debit,0
2026-04-17 18:11:06.803076,643.2931517005827,credit,0
2026-04-17 18:12:06.803076,299.3003114186853,credit,0
2026-04-17 18:13:06.803076,80000.0,debit,1
2026-04-17 18:14:06.803076,347.6903640135241,credit,0
2026-04-17 18:15:06.803076,278.8399739657725,credit,0
2026-04-17 18:16:06.803076,454.71488809111406,credit,0
2026-04-17 18:17:06.803076,382.31302571957735,debit,0
2026-04-17 18:18:06.803076,610.2037575594088,credit,0
2026-04-17 18:19:06.803076,754.5985732079579,credit,0
2026-04-17 18:20:06.803076,655.0597609142864,debit,0
2026-04-17 18:21:06.803076,465.6978539519132,debit,0
2026-04-17 18:22:06.803076,394.5825067044073,credit,0
2026-04-17 18:23:06.803076,124.81795143583537,credit,0
2026-04-17 18:24:06.803076,336.98602642605437,debit,0
2026-04-17 18:25:06.803076,815.9896972716003,debit,0
2026-04-17 18:26:06.803076,273.5760257460936,credit,0
2026-04-17 18:27:06.803076,665.5770479138471,debit,0
2026-04-17 18:28:06.803076,706.6396747650657,credit,0
2026-04-17 18:29:06.803076,372.89304913444005,debit,0
2026-04-17 18:30:06.803076,228.4447636255415,debit,0
2026-04-17 18:31:06.803076,397.8015648140232,debit,0
2026-04-17 18:32:06.803076,532.8390362480327,credit,0
2026-04-17 18:33:06.803076,778.1993240181189,credit,0
2026-04-17 18:34:06.803076,84.52447945354481,debit,0
2026-04-17 18:35:06.803076,403.4926504579053,debit,0
2026-04-17 18:36:06.803076,748.0935860910192,debit,0
2026-04-17 18:37:06.803076,504.74534824323564,debit,0
2026-04-17 18:38:06.803076,638.6572177961147,debit,0
2026-04-17 18:39:06.803076,375.8995999009195,debit,0
2026-04-17 18:40:06.803076,607.3110855160846,debit,0
2026-04-17 18:41:06.803076,490.29814548387,credit,0
2026-04-17 18:42:06.803076,307.47881753501395,credit,0
2026-04-17 18:43:06.803076,470.0329603853015,credit,0
2026-04-17 18:44:06.803076,863.7540187717912,debit,0
2026-04-17 18:45:06.803076,644.4942889128121,credit,0
2026-04-17 18:46:06.803076,375.2060900904536,debit,0
2026-04-17 18:47:06.803076,410.3894661706046,debit,0
2026-04-17 18:48:06.803076,702.9221846943861,credit,0
2026-04-17 18:49:06.803076,348.62006063472654,credit,0
2026-04-17 18:50:06.803076,80000.0,credit,1
2026-04-17 18:51:06.803076,789.189719204325,credit,0
2026-04-17 18:52:06.803076,740.6154961383385,credit,0
2026-04-17 18:53:06.803076,679.2514576337824,credit,0
2026-04-17 18:54:06.803076,605.372227786276,debit,0
2026-04-17 18:55:06.803076,504.1868787373523,credit,0
2026-04-17 18:56:06.803076,530.7961160405189,debit,0
2026-04-17 18:57:06.803076,842.1934388959189,debit,0
2026-04-17 18:58:06.803076,586.8329906159161,credit,0
2026-04-17 18:59:06.803076,955.2143956280388,credit,0
2026-04-17 19:00:06.803076,302.79704192752075,debit,0
2026-04-17 19:01:06.803076,125.79792058682915,debit,0
2026-04-17 19:02:06.803076,488.72141796576483,credit,0
2026-04-17 19:03:06.803076,759.4138153526523,credit,0
2026-04-17 19:04:06.803076,100000.0,credit,1
2026-04-17 19:05:06.803076,404.86311141282516,credit,0
2026-04-17 19:06:06.803076,287.14400700196154,debit,0
2026-04-17 19:07:06.803076,519.203014751945,debit,0
2026-04-17 19:08:06.803076,867.8635186984854,credit,0
2026-04-17 19:09:06.803076,144.7571091217062,credit,0
2026-04-17 19:10:06.803076,347.6976148707647,debit,0
2026-04-17 19:11:06.803076,590.0185551324728,credit,0
2026-04-17 19:12:06.803076,371.034967385138,debit,0
2026-04-17 19:13:06.803076,322.48539705200903,debit,0
2026-04-17 19:14:06.803076,696.9743365391387,credit,0
2026-04-17 19:15:06.803076,561.0908801347341,credit,0
2026-04-17 19:16:06.803076,413.88515050070816,credit,0
2026-04-17 19:17:06.803076,345.38892867072377,credit,0
2026-04-17 19:18:06.803076,781.5909489910515,credit,0
2026-04-17 19:19:06.803076,764.6489741635072,credit,0
2026-04-17 19:20:06.803076,535.958442696624,debit,0
2026-04-17 19:21:06.803076,284.2646928367722,credit,0
2026-04-17 19:22:06.803076,518.3568363796899,credit,0
2026-04-17 19:23:06.803076,110.5438744873781,credit,0
2026-04-17 19:24:06.803076,504.0674993505684,debit,0
2026-04-17 19:25:06.803076,279.70813055098097,credit,0
2026-04-17 19:26:06.803076,177.90076265467525,credit,0
2026-04-17 19:27:06.803076,489.00382700027444,credit,0
2026-04-17 19:28:06.803076,406.33488975855187,credit,0
2026-04-17 19:29:06.803076,573.6742681511477,debit,0
2026-04-17 19:30:06.803076,434.1499309143345,credit,0
2026-04-17 19:31:06.803076,532.8518907849274,debit,0
2026-04-17 19:32:06.803076,303.43768643188275,debit,0
2026-04-17 19:33:06.803076,212.70948585857263,debit,0
2026-04-17 19:34:06.803076,150000.0,debit,1
2026-04-17 19:35:06.803076,570.7917365698188,debit,0
2026-04-17 19:36:06.803076,995.2954347012101,debit,0
2026-04-17 19:37:06.803076,429.8850207990969,debit,0
2026-04-17 19:38:06.803076,389.1511946190065,credit,0
2026-04-17 19:39:06.803076,614.9845030645226,debit,0
2026-04-17 19:40:06.803076,310.55560574778565,credit,0
2026-04-17 19:41:06.803076,367.8323266747029,credit,0
2026-04-17 19:42:06.803076,572.886230278706,credit,0
2026-04-17 19:43:06.803076,167.1530797564804,credit,0
2026-04-17 19:44:06.803076,602.6220956621953,credit,0
2026-04-17 19:45:06.803076,676.7849981323369,credit,0
2026-04-17 19:46:06.803076,695.3655309511821,credit,0
2026-04-17 19:47:06.803076,100000.0,debit,1
2026-04-17 19:48:06.803076,100000.0,credit,1
2026-04-17 19:49:06.803076,319.2787469235459,credit,0
2026-04-17 19:50:06.803076,252.72262360826892,credit,0
2026-04-17 19:51:06.803076,100000.0,debit,1
2026-04-17 19:52:06.803076,461.72506507566993,credit,0
2026-04-17 19:53:06.803076,257.4934013718449,credit,0
2026-04-17 19:54:06.803076,688.947174336222,debit,0
2026-04-17 19:55:06.803076,234.31615708370555,debit,0
2026-04-17 19:56:06.803076,737.6447895911008,credit,0
2026-04-17 19:57:06.803076,425.0709836698319,credit,0
2026-04-17 19:58:06.803076,917.1930027406815,debit,0
2026-04-17 19:59:06.803076,64.97082293549539,debit,0
2026-04-17 20:00:06.803076,705.1272269814094,credit,0
2026-04-17 20:01:06.803076,522.8945386898583,debit,0
2026-04-17 20:02:06.803076,243.5329504194176,credit,0
2026-04-17 20:03:06.803076,710.2753222344021,debit,0
2026-04-17 20:04:06.803076,293.25775641755337,debit,0
2026-04-17 20:05:06.803076,274.886894799734,debit,0
2026-04-17 20:06:06.803076,920.5454124283204,debit,0
2026-04-17 20:07:06.803076,485.39317098376597,credit,0
2026-04-17 20:08:06.803076,721.0533464214578,debit,0
2026-04-17 20:09:06.803076,969.6578035910727,credit,0
2026-04-17 20:10:06.803076,544.3707843185193,debit,0
2026-04-17 20:11:06.803076,448.415349424263,debit,0
2026-04-17 20:12:06.803076,100000.0,credit,1
2026-04-17 20:13:06.803076,150000.0,debit,1
2026-04-17 20:14:06.803076,480.16390214779403,debit,0
2026-04-17 20:15:06.803076,716.1174186823699,credit,0
2026-04-17 20:16:06.803076,317.32448577483365,debit,0
2026-04-17 20:17:06.803076,927.398034059535,credit,0
2026-04-17 20:18:06.803076,703.603805843706,debit,0
2026-04-17 20:19:06.803076,650.8674737244371,debit,0
2026-04-17 20:20:06.803076,587.7601852236171,debit,0
2026-04-17 20:21:06.803076,643.9141674773576,debit,0
2026-04-17 20:22:06.803076,559.8984241894453,debit,0
2026-04-17 20:23:06.803076,750.4062620541522,debit,0
2026-04-17 20:24:06.803076,390.1254818046316,credit,0
2026-04-17 20:25:06.803076,243.41223993581542,debit,0
2026-04-17 20:26:06.803076,457.6838426998513,debit,0
2026-04-17 20:27:06.803076,649.5532275539472,debit,0
2026-04-17 20:28:06.803076,52.718865071006405,credit,0
2026-04-17 20:29:06.803076,494.9263930139871,credit,0
2026-04-17 20:30:06.803076,100000.0,debit,1
2026-04-17 20:31:06.803076,328.93687166951236,credit,0
2026-04-17 20:32:06.803076,231.10759581573836,debit,0
2026-04-17 20:33:06.803076,618.0320794725175,credit,0
2026-04-17 20:34:06.803076,360.5069318467537,debit,0
2026-04-17 20:35:06.803076,917.1249463639749,credit,0
2026-04-17 20:36:06.803076,516.7646189620577,debit,0
2026-04-17 20:37:06.803076,446.8959571656806,debit,0
2026-04-17 20:38:06.803076,667.4678121685606,debit,0
2026-04-17 20:39:06.803076,471.9417953419678,credit,0
2026-04-17 20:40:06.803076,605.786327197935,credit,0
2026-04-17 20:41:06.803076,100000.0,credit,1
2026-04-17 20:42:06.803076,100000.0,credit,1
2026-04-17 20:43:06.803076,775.9918160811498,credit,0
2026-04-17 20:44:06.803076,815.6055576471405,debit,0
2026-04-17 20:45:06.803076,100000.0,credit,1
2026-04-17 20:46:06.803076,455.52007335084716,credit,0
2026-04-17 20:47:06.803076,702.7626572250957,credit,0
2026-04-17 20:48:06.803076,586.5197440202561,debit,0
2026-04-17 20:49:06.803076,720.4212738750277,debit,0
2026-04-17 20:50:06.803076,80000.0,debit,1
2026-04-17 20:51:06.803076,303.2362206680051,credit,0
2026-04-17 20:52:06.803076,716.8421654601348,debit,0
2026-04-17 20:53:06.803076,537.6441119447869,debit,0
2026-04-17 20:54:06.803076,779.2034789307602,debit,0
2026-04-17 20:55:06.803076,649.3219675738715,debit,0
2026-04-17 20:56:06.803076,429.621211816914,credit,0
2026-04-17 20:57:06.803076,436.97860799388604,debit,0
2026-04-17 20:58:06.803076,861.3723776646227,credit,0
2026-04-17 20:59:06.803076,620.2025381159685,debit,0
2026-04-17 21:00:06.803076,444.41115007752114,credit,0
2026-04-17 21:01:06.803076,680.9816923477679,debit,0
2026-04-17 21:02:06.803076,669.1674972012316,credit,0
2026-04-17 21:03:06.803076,412.1195441507618,debit,0
2026-04-17 21:04:06.803076,918.8826292748204,credit,0
2026-04-17 21:05:06.803076,379.6321720756757,debit,0
2026-04-17 21:06:06.803076,389.4546575241874,credit,0
2026-04-17 21:07:06.803076,402.3546639097326,debit,0
2026-04-17 21:08:06.803076,100000.0,credit,1
2026-04-17 21:09:06.803076,611.5705722526765,debit,0
2026-04-17 21:10:06.803076,150000.0,debit,1
2026-04-17 21:11:06.803076,672.5966878305176,credit,0
2026-04-17 21:12:06.803076,583.5755871742399,debit,0
2026-04-17 21:13:06.803076,363.19162542056904,debit,0
2026-04-17 21:14:06.803076,377.35110563737345,debit,0
2026-04-17 21:15:06.803076,672.3773111090873,debit,0
2026-04-17 21:16:06.803076,492.0092746609283,debit,0
2026-04-17 21:17:06.803076,673.8500904581477,debit,0
2026-04-17 21:18:06.803076,150000.0,credit,1
2026-04-17 21:19:06.803076,715.5792443239789,debit,0
2026-04-17 21:20:06.803076,303.49735855143734,credit,0
2026-04-17 21:21:06.803076,347.65088673648927,debit,0
2026-04-17 21:22:06.803076,386.93655758010897,credit,0
2026-04-17 21:23:06.803076,487.343915810507,credit,0
2026-04-17 21:24:06.803076,492.6338806794637,credit,0
2026-04-17 21:25:06.803076,627.0635880174018,credit,0
2026-04-17 21:26:06.803076,544.7173432818757,debit,0
2026-04-17 21:27:06.803076,480.9035334366834,credit,0
2026-04-17 21:28:06.803076,752.3564073479026,credit,0
2026-04-17 21:29:06.803076,302.39311034556016,debit,0
2026-04-17 21:30:06.803076,810.3799544807052,credit,0
2026-04-17 21:31:06.803076,787.2673392567231,debit,0
2026-04-17 21:32:06.803076,673.4234497544035,debit,0
2026-04-17 21:33:06.803076,697.8049277342932,credit,0
2026-04-17 21:34:06.803076,529.3070518039164,credit,0
2026-04-17 21:35:06.803076,100000.0,debit,1
2026-04-17 21:36:06.803076,438.16510354209186,debit,0
2026-04-17 21:37:06.803076,434.5225330780685,debit,0
2026-04-17 21:38:06.803076,362.49519862903634,debit,0
2026-04-17 21:39:06.803076,430.75586536184375,credit,0
2026-04-17 21:40:06.803076,645.6301806623646,debit,0
2026-04-17 21:41:06.803076,844.8036006772309,debit,0
2026-04-17 21:42:06.803076,691.6975485833931,debit,0
2026-04-17 21:43:06.803076,100000.0,credit,1
2026-04-17 21:44:06.803076,580.4763800732572,credit,0
2026-04-17 21:45:06.803076,781.3942295949473,debit,0
2026-04-17 21:46:06.803076,168.32849372044257,credit,0
2026-04-17 21:47:06.803076,187.7158663255767,debit,0
2026-04-17 21:48:06.803076,744.5075987164574,credit,0
2026-04-17 21:49:06.803076,455.2791711021563,credit,0
2026-04-17 21:50:06.803076,748.7679493673589,debit,0
2026-04-17 21:51:06.803076,779.3729740261642,credit,0
2026-04-17 21:52:06.803076,875.887979073333,credit,0
2026-04-17 21:53:06.803076,497.41210440068875,credit,0
2026-04-17 21:54:06.803076,687.5312305684524,credit,0
2026-04-17 21:55:06.803076,80000.0,debit,1
2026-04-17 21:56:06.803076,311.19656319301333,debit,0
2026-04-17 21:57:06.803076,817.7297540728443,debit,0
2026-04-17 21:58:06.803076,421.8867685039953,credit,0
2026-04-17 21:59:06.803076,500.7919028160329,debit,0
2026-04-17 22:00:06.803076,359.0126423730587,credit,0
2026-04-17 22:01:06.803076,590.398266750077,debit,0
2026-04-17 22:02:06.803076,422.5542332108723,debit,0
2026-04-17 22:03:06.803076,350.8486756910854,credit,0
2026-04-17 22:04:06.803076,777.7785394375521,credit,0
2026-04-17 22:05:06.803076,589.8748174515715,credit,0
2026-04-17 22:06:06.803076,842.6627264018691,credit,0
2026-04-17 22:07:06.803076,159.7151764578477,credit,0
2026-04-17 22:08:06.803076,80000.0,credit,1
2026-04-17 22:09:06.803076,661.0962271876408,debit,0
2026-04-17 22:10:06.803076,374.6356615613309,debit,0
2026-04-17 22:11:06.803076,292.6420310922706,debit,0
2026-04-17 22:12:06.803076,573.8294850361259,credit,0
2026-04-17 22:13:06.803076,718.090621637588,credit,0
2026-04-17 22:14:06.803076,608.6867539691791,credit,0
2026-04-17 22:15:06.803076,760.5884199521363,credit,0
2026-04-17 22:16:06.803076,392.7584162755879,debit,0
2026-04-17 22:17:06.803076,718.1290370130973,debit,0
2026-04-17 22:18:06.803076,759.2550028708284,credit,0
2026-04-17 22:19:06.803076,212.0354797457466,credit,0
2026-04-17 22:20:06.803076,411.98094383859825,debit,0
2026-04-17 22:21:06.803076,662.3319117540725,debit,0
2026-04-17 22:22:06.803076,557.382124528051,credit,0
2026-04-17 22:23:06.803076,449.4872844316342,debit,0
2026-04-17 22:24:06.803076,469.0006680287657,debit,0
2026-04-17 22:25:06.803076,594.351191185123,credit,0
2026-04-17 22:26:06.803076,150000.0,debit,1
2026-04-17 22:27:06.803076,406.20919383520015,debit,0
2026-04-17 22:28:06.803076,452.32158482628563,credit,0
2026-04-17 22:29:06.803076,192.8776616235075,debit,0
2026-04-17 22:30:06.803076,506.8539591175352,debit,0
2026-04-17 22:31:06.803076,597.546345721148,credit,0
2026-04-17 22:32:06.803076,677.374183325883,debit,0
2026-04-17 22:33:06.803076,940.002215377729,debit,0
2026-04-17 22:34:06.803076,439.2569512012152,credit,0
2026-04-17 22:35:06.803076,479.2911807059453,debit,0
2026-04-17 22:36:06.803076,124.48336937960312,debit,0
2026-04-17 22:37:06.803076,752.7384197718562,credit,0
2026-04-17 22:38:06.803076,632.1693554753527,debit,0
2026-04-17 22:39:06.803076,220.42932741741896,credit,0
2026-04-17 22:40:06.803076,683.9666373810934,credit,0
2026-04-17 22:41:06.803076,870.3900981091324,debit,0
2026-04-17 22:42:06.803076,860.8594216038805,debit,0
2026-04-17 22:43:06.803076,160.67521207023117,credit,0
2026-04-17 22:44:06.803076,312.0699647077172,credit,0
2026-04-17 22:45:06.803076,739.3204078062289,credit,0
2026-04-17 22:46:06.803076,524.8113815422985,debit,0
2026-04-17 22:47:06.803076,744.651311743125,credit,0
2026-04-17 22:48:06.803076,523.3908577454923,credit,0
2026-04-17 22:49:06.803076,269.99272576729817,debit,0
2026-04-17 22:50:06.803076,385.31309595659326,credit,0
2026-04-17 22:51:06.803076,459.8796716679811,debit,0
2026-04-17 22:52:06.803076,903.2092052506973,credit,0
2026-04-17 22:53:06.803076,447.2674905454905,debit,0
2026-04-17 22:54:06.803076,434.17459342487626,debit,0
2026-04-17 22:55:06.803076,812.3466935917162,debit,0
2026-04-17 22:56:06.803076,650.1322879270598,debit,0
2026-04-17 22:57:06.803076,645.7600315870769,debit,0
2026-04-17 22:58:06.803076,157.36385713115754,credit,0
2026-04-17 22:59:06.803076,439.01644324348285,debit,0
2026-04-17 23:00:06.803076,493.6813239827567,credit,0
2026-04-17 23:01:06.803076,472.69730227536854,credit,0
2026-04-17 23:02:06.803076,816.9373403229067,debit,0
2026-04-17 23:03:06.803076,153.77209778525412,credit,0
2026-04-17 23:04:06.803076,427.59921189055706,debit,0
2026-04-17 23:05:06.803076,715.2058250725298,credit,0
2026-04-17 23:06:06.803076,538.5140649152422,credit,0
2026-04-17 23:07:06.803076,530.6302688031589,credit,0
2026-04-17 23:08:06.803076,608.7988312258686,credit,0
2026-04-17 23:09:06.803076,129.49652489807693,credit,0
2026-04-17 23:10:06.803076,155.55522118647457,credit,0
2026-04-17 23:11:06.803076,602.0557972470419,credit,0
2026-04-17 23:12:06.803076,337.7665680575656,credit,0
2026-04-17 23:13:06.803076,220.99841676459465,credit,0
2026-04-17 23:14:06.803076,100000.0,credit,1
2026-04-17 23:15:06.803076,165.0082668462823,credit,0
2026-04-17 23:16:06.803076,507.95831354197287,credit,0
2026-04-17 23:17:06.803076,683.742833135936,debit,0
2026-04-17 23:18:06.803076,814.2772278414957,debit,0
2026-04-17 23:19:06.803076,696.555718184266,debit,0
2026-04-17 23:20:06.803076,828.1904175875626,debit,0
2026-04-17 23:21:06.803076,688.8807744588082,debit,0
2026-04-17 23:22:06.803076,185.86333393236754,credit,0
2026-04-17 23:23:06.803076,359.3923551328636,debit,0
2026-04-17 23:24:06.803076,50.0,credit,0
2026-04-17 23:25:06.803076,575.1491752872838,debit,0
2026-04-17 23:26:06.803076,485.09776382447694,debit,0
2026-04-17 23:27:06.803076,644.8588547367407,credit,0
2026-04-17 23:28:06.803076,277.9917065621807,debit,0
2026-04-17 23:29:06.803076,626.0505647185767,credit,0
2026-04-17 23:30:06.803076,541.1914880094625,credit,0
2026-04-17 23:31:06.803076,612.8855323376513,credit,0
2026-04-17 23:32:06.803076,554.3655170990913,credit,0
2026-04-17 23:33:06.803076,386.90954324470306,credit,0
2026-04-17 23:34:06.803076,598.552251901089,debit,0
2026-04-17 23:35:06.803076,270.19146856796254,credit,0
2026-04-17 23:36:06.803076,620.5268850891861,debit,0
2026-04-17 23:37:06.803076,431.2314906406225,debit,0
2026-04-17 23:38:06.803076,247.46454290333034,debit,0
2026-04-17 23:39:06.803076,855.0154208279251,debit,0
2026-04-17 23:40:06.803076,327.14916925109185,debit,0
2026-04-17 23:41:06.803076,329.6299505443784,credit,0
2026-04-17 23:42:06.803076,645.7321331798702,debit,0
2026-04-17 23:43:06.803076,570.4979528707901,credit,0
2026-04-17 23:44:06.803076,688.0701589739485,credit,0
2026-04-17 23:45:06.803076,607.3208235141724,debit,0
2026-04-17 23:46:06.803076,526.6359897465416,debit,0
2026-04-17 23:47:06.803076,472.31393624684836,credit,0
2026-04-17 23:48:06.803076,735.5450694552237,debit,0
2026-04-17 23:49:06.803076,702.9356863770881,debit,0
2026-04-17 23:50:06.803076,550.0897126760777,debit,0
2026-04-17 23:51:06.803076,558.4302529807693,credit,0
2026-04-17 23:52:06.803076,575.199897207586,credit,0
2026-04-17 23:53:06.803076,480.2072569342681,debit,0
2026-04-17 23:54:06.803076,730.7938378937763,debit,0
2026-04-17 23:55:06.803076,727.0454111676813,credit,0
2026-04-17 23:56:06.803076,488.43776630368313,debit,0
2026-04-17 23:57:06.803076,561.0160312803033,credit,0
2026-04-17 23:58:06.803076,416.70952228166067,credit,0
2026-04-17 23:59:06.803076,527.8550907025156,debit,0
2026-04-18 00:00:06.803076,58.29157133449729,credit,0
2026-04-18 00:01:06.803076,865.2976929171145,debit,0
2026-04-18 00:02:06.803076,100000.0,debit,1
2026-04-18 00:03:06.803076,771.3949599099246,credit,0
2026-04-18 00:04:06.803076,431.57737101649224,credit,0
2026-04-18 00:05:06.803076,312.9175098541464,credit,0
2026-04-18 00:06:06.803076,499.4774352445945,debit,0
2026-04-18 00:07:06.803076,150000.0,debit,1
2026-04-18 00:08:06.803076,568.8497772425193,credit,0
2026-04-18 00:09:06.803076,150000.0,debit,1
2026-04-18 00:10:06.803076,538.8635858853842,credit,0
2026-04-18 00:11:06.803076,100000.0,debit,1
2026-04-18 00:12:06.803076,142.25855350435006,credit,0
2026-04-18 00:13:06.803076,474.84123868181905,debit,0
2026-04-18 00:14:06.803076,476.8587331156521,debit,0
2026-04-18 00:15:06.803076,311.71630995074236,debit,0
2026-04-18 00:16:06.803076,565.8556211892534,credit,0
2026-04-18 00:17:06.803076,558.1495263379818,credit,0
2026-04-18 00:18:06.803076,834.6414222408024,credit,0
2026-04-18 00:19:06.803076,299.4972837342742,debit,0
2026-04-18 00:20:06.803076,599.005345988011,credit,0
2026-04-18 00:21:06.803076,584.4709648806858,credit,0
2026-04-18 00:22:06.803076,645.250677129091,credit,0
2026-04-18 00:23:06.803076,511.5047905072699,credit,0
2026-04-18 00:24:06.803076,152.4920096572926,credit,0
2026-04-18 00:25:06.803076,488.49092628713663,credit,0
2026-04-18 00:26:06.803076,618.0959298135319,debit,0
2026-04-18 00:27:06.803076,641.3001039642286,debit,0
2026-04-18 00:28:06.803076,352.08660285439294,debit,0
2026-04-18 00:29:06.803076,793.4117451488355,debit,0
2026-04-18 00:30:06.803076,100000.0,credit,1
2026-04-18 00:31:06.803076,732.4860431080652,credit,0
2026-04-18 00:32:06.803076,536.9609395432338,credit,0
2026-04-18 00:33:06.803076,540.7899785826143,debit,0
2026-04-18 00:34:06.803076,144.02817400100167,credit,0
2026-04-18 00:35:06.803076,535.1077483780164,debit,0
2026-04-18 00:36:06.803076,330.77952618398524,debit,0
2026-04-18 00:37:06.803076,166.26656905123485,credit,0
2026-04-18 00:38:06.803076,708.7310013979891,credit,0
2026-04-18 00:39:06.803076,430.0413856618294,credit,0
2026-04-18 00:40:06.803076,333.23692873141897,credit,0
2026-04-18 00:41:06.803076,234.17018923099857,debit,0
2026-04-18 00:42:06.803076,50.0,debit,0
2026-04-18 00:43:06.803076,404.439238111902,credit,0
2026-04-18 00:44:06.803076,100000.0,debit,1
2026-04-18 00:45:06.803076,696.3928330673126,debit,0
2026-04-18 00:46:06.803076,80000.0,credit,1
2026-04-18 00:47:06.803076,499.951412951749,debit,0
2026-04-18 00:48:06.803076,71.68045196307799,debit,0
2026-04-18 00:49:06.803076,764.673057115366,debit,0
2026-04-18 00:50:06.803076,327.5482544866497,debit,0
2026-04-18 00:51:06.803076,150000.0,credit,1
2026-04-18 00:52:06.803076,253.06929722352152,debit,0
2026-04-18 00:53:06.803076,542.0668673878456,debit,0
2026-04-18 00:54:06.803076,673.9365985674325,credit,0
2026-04-18 00:55:06.803076,792.6619243900849,credit,0
2026-04-18 00:56:06.803076,520.9861839035358,credit,0
2026-04-18 00:57:06.803076,368.1972724980744,credit,0
2026-04-18 00:58:06.803076,681.587712351725,debit,0
2026-04-18 00:59:06.803076,619.690461751069,credit,0
2026-04-18 01:00:06.803076,625.4264181283912,credit,0
2026-04-18 01:01:06.803076,987.0104000687768,debit,0
2026-04-18 01:02:06.803076,295.35956323717517,debit,0
2026-04-18 01:03:06.803076,538.1514673275238,debit,0
2026-04-18 01:04:06.803076,477.6171943590147,debit,0
2026-04-18 01:05:06.803076,462.2305285520613,debit,0
2026-04-18 01:06:06.803076,456.61819579659493,debit,0
2026-04-18 01:07:06.803076,1084.4719689798092,debit,0
2026-04-18 01:08:06.803076,536.6909680950105,debit,0
2026-04-18 01:09:06.803076,584.0056337633454,credit,0
2026-04-18 01:10:06.803076,304.7779571050247,debit,0
2026-04-18 01:11:06.803076,530.986231731736,credit,0
2026-04-18 01:12:06.803076,594.4118080910165,debit,0
2026-04-18 01:13:06.803076,291.028377486928,debit,0
2026-04-18 01:14:06.803076,166.71000951749141,debit,0
2026-04-18 01:15:06.803076,682.8778906297822,credit,0
2026-04-18 01:16:06.803076,50.0,credit,0
2026-04-18 01:17:06.803076,690.5250203466271,credit,0
2026-04-18 01:18:06.803076,451.34271585572003,credit,0
2026-04-18 01:19:06.803076,94.15118785165362,credit,0
2026-04-18 01:20:06.803076,402.3611615154146,credit,0
2026-04-18 01:21:06.803076,649.5998306753145,credit,0
2026-04-18 01:22:06.803076,327.38414372600647,debit,0
2026-04-18 01:23:06.803076,405.77914431481395,credit,0
2026-04-18 01:24:06.803076,434.9357596143704,credit,0
2026-04-18 01:25:06.803076,417.3227618166868,debit,0
2026-04-18 01:26:06.803076,325.42832062131504,credit,0
2026-04-18 01:27:06.803076,449.0134163577588,credit,0
2026-04-18 01:28:06.803076,320.0354008203268,debit,0
2026-04-18 01:29:06.803076,508.3709686410464,credit,0
2026-04-18 01:30:06.803076,466.3300966127527,credit,0
2026-04-18 01:31:06.803076,292.14367080650686,credit,0
2026-04-18 01:32:06.803076,442.6478198128026,debit,0
2026-04-18 01:33:06.803076,933.3586787275453,debit,0
2026-04-18 01:34:06.803076,720.5827535148046,debit,0
2026-04-18 01:35:06.803076,100000.0,credit,1
2026-04-18 01:36:06.803076,656.9718292101652,debit,0
2026-04-18 01:37:06.803076,491.5971996177114,credit,0
2026-04-18 01:38:06.803076,199.96561990180135,debit,0
2026-04-18 01:39:06.803076,451.9197425880879,credit,0
2026-04-18 01:40:06.803076,736.4311919480397,credit,0
2026-04-18 01:41:06.803076,773.6541337119857,credit,0
2026-04-18 01:42:06.803076,664.6307315714816,debit,0
2026-04-18 01:43:06.803076,216.98211318219506,credit,0
2026-04-18 01:44:06.803076,450.48986688854944,debit,0
2026-04-18 01:45:06.803076,518.3502098508262,credit,0
2026-04-18 01:46:06.803076,807.8700723958912,debit,0
2026-04-18 01:47:06.803076,531.8597395458423,debit,0
2026-04-18 01:48:06.803076,882.9082756937946,credit,0
2026-04-18 01:49:06.803076,569.5886714213899,debit,0
2026-04-18 01:50:06.803076,435.04078835622136,credit,0
2026-04-18 01:51:06.803076,268.9193648493623,debit,0
2026-04-18 01:52:06.803076,509.5215995001026,debit,0
2026-04-18 01:53:06.803076,670.120283068662,debit,0
2026-04-18 01:54:06.803076,153.4339653152594,debit,0
2026-04-18 01:55:06.803076,474.55360922904043,credit,0
2026-04-18 01:56:06.803076,248.19038171760934,credit,0
2026-04-18 01:57:06.803076,624.2640356130795,debit,0
2026-04-18 01:58:06.803076,674.4497678584144,credit,0
2026-04-18 01:59:06.803076,516.8707013118103,credit,0
2026-04-18 02:00:06.803076,535.3166358000257,debit,0
2026-04-18 02:01:06.803076,599.3553056553205,credit,0
2026-04-18 02:02:06.803076,513.7166329769674,debit,0
2026-04-18 02:03:06.803076,343.4510359359085,credit,0
2026-04-18 02:04:06.803076,464.18796578273907,credit,0
2026-04-18 02:05:06.803076,423.34531798871507,credit,0
2026-04-18 02:06:06.803076,648.3372437641407,credit,0
2026-04-18 02:07:06.803076,870.5087793707085,credit,0
2026-04-18 02:08:06.803076,707.7095657199015,debit,0
2026-04-18 02:09:06.803076,469.0106223373285,credit,0
2026-04-18 02:10:06.803076,594.6553614708234,credit,0
2026-04-18 02:11:06.803076,229.62651778576412,debit,0
2026-04-18 02:12:06.803076,372.8059166471541,credit,0
2026-04-18 02:13:06.803076,670.5881876347386,credit,0
2026-04-18 02:14:06.803076,506.5405279206925,credit,0
2026-04-18 02:15:06.803076,641.1411343919127,debit,0
2026-04-18 02:16:06.803076,536.7108521351498,debit,0
2026-04-18 02:17:06.803076,374.0101481989064,credit,0
2026-04-18 02:18:06.803076,469.33254733322775,credit,0
2026-04-18 02:19:06.803076,458.9324562981682,credit,0
2026-04-18 02:20:06.803076,485.3319503922797,debit,0
2026-04-18 02:21:06.803076,400.61548462594595,debit,0
2026-04-18 02:22:06.803076,660.1499275343283,credit,0
2026-04-18 02:23:06.803076,1159.6406271097144,credit,0
2026-04-18 02:24:06.803076,505.98888127859055,debit,0
2026-04-18 02:25:06.803076,558.4147503277145,credit,0
2026-04-18 02:26:06.803076,437.5706919231218,debit,0
2026-04-18 02:27:06.803076,527.1258661706107,debit,0
2026-04-18 02:28:06.803076,242.8655158219404,credit,0
2026-04-18 02:29:06.803076,283.5871868156112,credit,0
2026-04-18 02:30:06.803076,417.6730526807718,debit,0
2026-04-18 02:31:06.803076,251.64663456082002,credit,0
2026-04-18 02:32:06.803076,576.8224057268951,credit,0
2026-04-18 02:33:06.803076,50.0,debit,0
2026-04-18 02:34:06.803076,427.7330491164945,credit,0
2026-04-18 02:35:06.803076,615.3280182265943,credit,0
2026-04-18 02:36:06.803076,544.113334454021,credit,0
2026-04-18 02:37:06.803076,499.8943954852832,credit,0
2026-04-18 02:38:06.803076,403.12179052984135,credit,0
2026-04-18 02:39:06.803076,517.3025054601226,debit,0
2026-04-18 02:40:06.803076,502.52612316483993,debit,0
2026-04-18 02:41:06.803076,428.4036483095648,debit,0
2026-04-18 02:42:06.803076,876.3327461421613,credit,0
2026-04-18 02:43:06.803076,932.7996849258546,credit,0
2026-04-18 02:44:06.803076,654.7394316575007,credit,0
2026-04-18 02:45:06.803076,347.4847870232557,debit,0
2026-04-18 02:46:06.803076,332.60244801293,debit,0
2026-04-18 02:47:06.803076,632.2006345144316,credit,0
2026-04-18 02:48:06.803076,799.9513834638132,debit,0
2026-04-18 02:49:06.803076,618.7884605351042,debit,0
2026-04-18 02:50:06.803076,392.25908041654935,credit,0
2026-04-18 02:51:06.803076,462.0992429721618,credit,0
2026-04-18 02:52:06.803076,583.8543374990135,credit,0
2026-04-18 02:53:06.803076,222.88273354766568,credit,0
2026-04-18 02:54:06.803076,657.8575788878867,debit,0
2026-04-18 02:55:06.803076,521.8781048654463,credit,0
2026-04-18 02:56:06.803076,608.3947540429768,credit,0
2026-04-18 02:57:06.803076,494.2673665274043,credit,0
2026-04-18 02:58:06.803076,504.34103947173384,credit,0
2026-04-18 02:59:06.803076,392.6960852283899,debit,0
2026-04-18 03:00:06.803076,726.7687039651631,debit,0
2026-04-18 03:01:06.803076,410.7991899326038,debit,0
2026-04-18 03:02:06.803076,589.2655475242924,debit,0
2026-04-18 03:03:06.803076,104.27415024246892,credit,0
2026-04-18 03:04:06.803076,575.5598258159171,debit,0
2026-04-18 03:05:06.803076,440.7903214471723,credit,0
2026-04-18 03:06:06.803076,748.8662791975811,debit,0
2026-04-18 03:07:06.803076,648.8832843168273,credit,0
2026-04-18 03:08:06.803076,191.37507805242893,credit,0
2026-04-18 03:09:06.803076,384.0689759731919,credit,0
2026-04-18 03:10:06.803076,601.1466309701987,debit,0
2026-04-18 03:11:06.803076,259.6050730139359,debit,0
2026-04-18 03:12:06.803076,330.9983526031965,credit,0
2026-04-18 03:13:06.803076,413.45458654278247,credit,0
2026-04-18 03:14:06.803076,389.9572763526879,debit,0
2026-04-18 03:15:06.803076,456.06863231895943,credit,0
2026-04-18 03:16:06.803076,581.1475349924746,debit,0
2026-04-18 03:17:06.803076,708.709615209563,debit,0
2026-04-18 03:18:06.803076,447.7262107428442,debit,0
2026-04-18 03:19:06.803076,477.2329567390342,credit,0
2026-04-18 03:20:06.803076,292.99697159992513,credit,0
2026-04-18 03:21:06.803076,273.22233365673617,debit,0
2026-04-18 03:22:06.803076,142.78720982366804,credit,0
2026-04-18 03:23:06.803076,383.6011563980365,credit,0
2026-04-18 03:24:06.803076,559.4615502937842,credit,0
2026-04-18 03:25:06.803076,472.2115168294317,debit,0
2026-04-18 03:26:06.803076,392.50233796985174,debit,0
2026-04-18 03:27:06.803076,577.2398815927376,credit,0
2026-04-18 03:28:06.803076,411.23262517470016,debit,0
2026-04-18 03:29:06.803076,387.3620510482671,credit,0
2026-04-18 03:30:06.803076,132.20669696735956,debit,0
2026-04-18 03:31:06.803076,326.70917073651424,credit,0
2026-04-18 03:32:06.803076,769.0413560333079,debit,0
2026-04-18 03:33:06.803076,882.5923767419525,debit,0
2026-04-18 03:34:06.803076,595.9269644217325,credit,0
2026-04-18 03:35:06.803076,312.99982027697973,debit,0
2026-04-18 03:36:06.803076,80000.0,debit,1
2026-04-18 03:37:06.803076,50.0,debit,0
2026-04-18 03:38:06.803076,444.5309345637201,credit,0
2026-04-18 03:39:06.803076,644.1004801723423,credit,0
2026-04-18 03:40:06.803076,734.0468706010702,credit,0
2026-04-18 03:41:06.803076,297.1282522440275,debit,0
2026-04-18 03:42:06.803076,336.74019522194817,debit,0
2026-04-18 03:43:06.803076,372.2366063904984,credit,0
2026-04-18 03:44:06.803076,532.6279739051485,debit,0
2026-04-18 03:45:06.803076,406.0166168685539,credit,0
2026-04-18 03:46:06.803076,589.5394007310102,debit,0
2026-04-18 03:47:06.803076,100000.0,credit,1
2026-04-18 03:48:06.803076,150000.0,debit,1
2026-04-18 03:49:06.803076,500.21955140278874,debit,0
2026-04-18 03:50:06.803076,613.0434115649502,credit,0
2026-04-18 03:51:06.803076,680.4611950124645,debit,0
2026-04-18 03:52:06.803076,734.531715383752,credit,0
2026-04-18 03:53:06.803076,388.7851211735141,credit,0
2026-04-18 03:54:06.803076,444.4102580720198,debit,0
2026-04-18 03:55:06.803076,698.1937812402323,credit,0
2026-04-18 03:56:06.803076,665.4872067188791,credit,0
2026-04-18 03:57:06.803076,537.9461923870228,credit,0
2026-04-18 03:58:06.803076,467.7558535068215,credit,0
2026-04-18 03:59:06.803076,600.8938784730068,debit,0
2026-04-18 04:00:06.803076,150000.0,debit,1
2026-04-18 04:01:06.803076,476.52188302891034,credit,0
2026-04-18 04:02:06.803076,228.18275483745447,credit,0
2026-04-18 04:03:06.803076,535.2466546165933,debit,0
2026-04-18 04:04:06.803076,477.8830750082145,debit,0
2026-04-18 04:05:06.803076,566.4153169130892,credit,0
2026-04-18 04:06:06.803076,758.5054813212541,debit,0
2026-04-18 04:07:06.803076,845.3842102623382,credit,0
2026-04-18 04:08:06.803076,525.6810804054993,debit,0
2026-04-18 04:09:06.803076,288.73934803444786,debit,0
2026-04-18 04:10:06.803076,344.9903222906556,credit,0
2026-04-18 04:11:06.803076,479.1186882473706,credit,0
2026-04-18 04:12:06.803076,447.38268447431284,debit,0
2026-04-18 04:13:06.803076,741.2529810700133,debit,0
2026-04-18 04:14:06.803076,150000.0,debit,1
2026-04-18 04:15:06.803076,667.198889971349,credit,0
2026-04-18 04:16:06.803076,671.347360237873,debit,0
2026-04-18 04:17:06.803076,58.49348072141777,credit,0
2026-04-18 04:18:06.803076,333.43045382771004,debit,0
2026-04-18 04:19:06.803076,645.6367744203137,debit,0
2026-04-18 04:20:06.803076,714.9739871907158,credit,0
2026-04-18 04:21:06.803076,526.5504895617676,credit,0
2026-04-18 04:22:06.803076,632.5967948173994,debit,0
2026-04-18 04:23:06.803076,756.3442957318621,credit,0
2026-04-18 04:24:06.803076,324.12589981814494,credit,0
2026-04-18 04:25:06.803076,660.2733040864035,credit,0
2026-04-18 04:26:06.803076,845.5605228969034,credit,0
2026-04-18 04:27:06.803076,417.04653242048846,debit,0
2026-04-18 04:28:06.803076,443.16572815848576,credit,0
2026-04-18 04:29:06.803076,569.53723859999,credit,0
2026-04-18 04:30:06.803076,268.5035241752927,debit,0
2026-04-18 04:31:06.803076,628.9254430820343,credit,0
2026-04-18 04:32:06.803076,369.62146589358235,debit,0
2026-04-18 04:33:06.803076,642.2825374540782,debit,0
2026-04-18 04:34:06.803076,349.46701718413493,debit,0
2026-04-18 04:35:06.803076,336.9894792178786,credit,0
2026-04-18 04:36:06.803076,736.1986727420907,debit,0
2026-04-18 04:37:06.803076,381.4120495672608,credit,0
2026-04-18 04:38:06.803076,198.3049696530614,credit,0
2026-04-18 04:39:06.803076,646.1855040356008,credit,0
2026-04-18 04:40:06.803076,693.7512356517548,debit,0
2026-04-18 04:41:06.803076,447.3884895235136,credit,0
2026-04-18 04:42:06.803076,802.8547874003104,debit,0
2026-04-18 04:43:06.803076,650.7934918504858,debit,0
2026-04-18 04:44:06.803076,817.0975441376369,debit,0
2026-04-18 04:45:06.803076,729.4071049688974,credit,0
2026-04-18 04:46:06.803076,576.7930878729587,credit,0
2026-04-18 04:47:06.803076,525.8491978203613,debit,0
2026-04-18 04:48:06.803076,503.0056741808914,debit,0
2026-04-18 04:49:06.803076,100000.0,debit,1
2026-04-18 04:50:06.803076,326.56022140689737,debit,0
2026-04-18 04:51:06.803076,454.90886836323756,credit,0
2026-04-18 04:52:06.803076,423.0893018087306,credit,0
2026-04-18 04:53:06.803076,842.5754369346927,credit,0
2026-04-18 04:54:06.803076,458.19812034766363,credit,0
2026-04-18 04:55:06.803076,410.0626112587528,debit,0
2026-04-18 04:56:06.803076,543.6789520841614,debit,0
2026-04-18 04:57:06.803076,606.6787562918926,credit,0
2026-04-18 04:58:06.803076,643.4363727569855,credit,0
2026-04-18 04:59:06.803076,538.3901625763848,credit,0
2026-04-18 05:00:06.803076,422.83311303924086,debit,0
2026-04-18 05:01:06.803076,220.38098283131342,credit,0
2026-04-18 05:02:06.803076,360.2456820429439,credit,0
2026-04-18 05:03:06.803076,995.7524675510554,debit,0
2026-04-18 05:04:06.803076,549.4082779491813,credit,0
2026-04-18 05:05:06.803076,770.9625959252954,debit,0
2026-04-18 05:06:06.803076,407.9965380678796,debit,0
2026-04-18 05:07:06.803076,596.33346177089,credit,0
2026-04-18 05:08:06.803076,408.212908441017,debit,0
2026-04-18 05:09:06.803076,699.4316476704481,debit,0
2026-04-18 05:10:06.803076,587.6408065272308,credit,0
2026-04-18 05:11:06.803076,585.7969346087286,debit,0
2026-04-18 05:12:06.803076,150000.0,debit,1
2026-04-18 05:13:06.803076,624.0850967334911,credit,0
2026-04-18 05:14:06.803076,391.27808993427533,debit,0
2026-04-18 05:15:06.803076,377.96135034708243,debit,0
2026-04-18 05:16:06.803076,464.84977792748674,credit,0
2026-04-18 05:17:06.803076,222.14668986154618,debit,0
2026-04-18 05:18:06.803076,537.2501213110678,credit,0
2026-04-18 05:19:06.803076,150.6568751722058,credit,0
2026-04-18 05:20:06.803076,637.9201330392116,credit,0
2026-04-18 05:21:06.803076,352.8820208594264,debit,0
2026-04-18 05:22:06.803076,601.0701745490877,credit,0
2026-04-18 05:23:06.803076,204.09283754168558,debit,0
2026-04-18 05:24:06.803076,1077.0833036680815,credit,0
2026-04-18 05:25:06.803076,162.89197563212355,debit,0
2026-04-18 05:26:06.803076,704.721780156234,debit,0
2026-04-18 05:27:06.803076,461.9805647528935,credit,0
2026-04-18 05:28:06.803076,622.3416734089761,credit,0
2026-04-18 05:29:06.803076,970.8484933583165,debit,0
2026-04-18 05:30:06.803076,195.80787991501558,debit,0
2026-04-18 05:31:06.803076,647.8005719565539,debit,0
2026-04-18 05:32:06.803076,348.05781683624207,debit,0
2026-04-18 05:33:06.803076,456.3387296427206,debit,0
2026-04-18 05:34:06.803076,758.9207133728705,debit,0
2026-04-18 05:35:06.803076,167.1485447578146,credit,0
2026-04-18 05:36:06.803076,469.68850746820317,debit,0
2026-04-18 05:37:06.803076,526.0349980277336,debit,0
2026-04-18 05:38:06.803076,1028.192069597012,credit,0
2026-04-18 05:39:06.803076,597.4983027174075,credit,0
2026-04-18 05:40:06.803076,577.2488944301278,credit,0
2026-04-18 05:41:06.803076,575.2429474538477,debit,0
2026-04-18 05:42:06.803076,546.6118668826381,debit,0
2026-04-18 05:43:06.803076,442.74272732233453,debit,0
2026-04-18 05:44:06.803076,718.7060429194189,debit,0
2026-04-18 05:45:06.803076,686.3871696970932,debit,0
2026-04-18 05:46:06.803076,683.629005962199,credit,0
2026-04-18 05:47:06.803076,333.63088433046335,debit,0
2026-04-18 05:48:06.803076,627.9119562846936,credit,0
2026-04-18 05:49:06.803076,340.42622764462885,debit,0
2026-04-18 05:50:06.803076,266.34309807013193,credit,0
2026-04-18 05:51:06.803076,702.685565403473,debit,0
2026-04-18 05:52:06.803076,360.38589732344667,credit,0
2026-04-18 05:53:06.803076,781.3302495375503,debit,0
2026-04-18 05:54:06.803076,438.82057476177886,debit,0
2026-04-18 05:55:06.803076,1150.9110707355035,debit,0
2026-04-18 05:56:06.803076,437.72037364566665,debit,0
2026-04-18 05:57:06.803076,150000.0,debit,1
2026-04-18 05:58:06.803076,340.72490891892915,debit,0
2026-04-18 05:59:06.803076,468.86389221861526,credit,0
2026-04-18 06:00:06.803076,654.5261062983581,debit,0
2026-04-18 06:01:06.803076,479.70244714555787,credit,0
2026-04-18 06:02:06.803076,68.26499833199506,credit,0
2026-04-18 06:03:06.803076,346.46906326526937,debit,0
2026-04-18 06:04:06.803076,571.2420348203707,debit,0
2026-04-18 06:05:06.803076,342.76123762507035,credit,0
2026-04-18 06:06:06.803076,739.1742109497104,credit,0
2026-04-18 06:07:06.803076,186.8876396584297,credit,0
2026-04-18 06:08:06.803076,359.1026121206015,credit,0
2026-04-18 06:09:06.803076,312.74818194747706,debit,0
2026-04-18 06:10:06.803076,764.5355629246199,debit,0
2026-04-18 06:11:06.803076,847.6690010911666,debit,0
2026-04-18 06:12:06.803076,488.2562193628939,credit,0
2026-04-18 06:13:06.803076,749.1414399885052,credit,0
2026-04-18 06:14:06.803076,311.2389294300187,debit,0
2026-04-18 06:15:06.803076,686.5636682082728,credit,0
2026-04-18 06:16:06.803076,489.146970737813,debit,0
2026-04-18 06:17:06.803076,700.1974663641251,debit,0
2026-04-18 06:18:06.803076,271.5692237198406,debit,0
2026-04-18 06:19:06.803076,624.6849832043961,debit,0
2026-04-18 06:20:06.803076,667.7081773499755,debit,0
2026-04-18 06:21:06.803076,493.17744065887877,debit,0
2026-04-18 06:22:06.803076,381.55204973075143,credit,0
2026-04-18 06:23:06.803076,377.9817551865002,credit,0
2026-04-18 06:24:06.803076,626.1658310183257,debit,0
2026-04-18 06:25:06.803076,398.2807380200908,debit,0
2026-04-18 06:26:06.803076,566.3834298510217,debit,0
2026-04-18 06:27:06.803076,751.1271797285173,debit,0
2026-04-18 06:28:06.803076,594.4183236181055,credit,0
2026-04-18 06:29:06.803076,525.2867863379035,debit,0
2026-04-18 06:30:06.803076,219.5331955046575,debit,0
2026-04-18 06:31:06.803076,453.9444489091158,debit,0
2026-04-18 06:32:06.803076,656.3323183341705,debit,0
2026-04-18 06:33:06.803076,503.5667018476621,credit,0
2026-04-18 06:34:06.803076,604.6833716378753,credit,0
2026-04-18 06:35:06.803076,842.1736866976901,debit,0
2026-04-18 06:36:06.803076,476.2139024768422,debit,0
2026-04-18 06:37:06.803076,540.7043898725765,debit,0
2026-04-18 06:38:06.803076,50.0,debit,0
2026-04-18 06:39:06.803076,566.3265158443265,debit,0
2026-04-18 06:40:06.803076,345.6939167290558,credit,0
2026-04-18 06:41:06.803076,532.6994587242745,credit,0
2026-04-18 06:42:06.803076,594.8193257472547,debit,0
2026-04-18 06:43:06.803076,542.5218844223031,debit,0
2026-04-18 06:44:06.803076,444.06916743385136,credit,0
2026-04-18 06:45:06.803076,767.0953903141981,credit,0
2026-04-18 06:46:06.803076,736.0788025694129,credit,0
2026-04-18 06:47:06.803076,658.2421687415407,credit,0
2026-04-18 06:48:06.803076,764.5239095043457,debit,0
2026-04-18 06:49:06.803076,491.2774228099179,credit,0
2026-04-18 06:50:06.803076,493.8167928138315,credit,0
2026-04-18 06:51:06.803076,364.40710832213506,debit,0
2026-04-18 06:52:06.803076,287.168985846287,debit,0
2026-04-18 06:53:06.803076,336.71125657236416,credit,0
2026-04-18 06:54:06.803076,187.6738190769389,debit,0
2026-04-18 06:55:06.803076,323.1768777189281,debit,0
2026-04-18 06:56:06.803076,486.5075380944594,debit,0
2026-04-18 06:57:06.803076,80000.0,debit,1
2026-04-18 06:58:06.803076,669.931324284207,debit,0
2026-04-18 06:59:06.803076,541.3081398061044,debit,0
2026-04-18 07:00:06.803076,300.03567060174834,debit,0
2026-04-18 07:01:06.803076,250.8253879986688,credit,0
2026-04-18 07:02:06.803076,701.3939982666577,debit,0
2026-04-18 07:03:06.803076,525.428478716244,credit,0
2026-04-18 07:04:06.803076,538.0328985117062,debit,0
2026-04-18 07:05:06.803076,150000.0,debit,1
2026-04-18 07:06:06.803076,316.40161354861726,debit,0
2026-04-18 07:07:06.803076,713.1369826266896,debit,0
2026-04-18 07:08:06.803076,747.4831613425295,credit,0
2026-04-18 07:09:06.803076,271.0729185269822,debit,0
2026-04-18 07:10:06.803076,623.5908557120149,debit,0
2026-04-18 07:11:06.803076,150000.0,debit,1
2026-04-18 07:12:06.803076,349.6304699065177,debit,0
2026-04-18 07:13:06.803076,401.29219857101157,credit,0
2026-04-18 07:14:06.803076,788.5565496579159,credit,0
2026-04-18 07:15:06.803076,426.1605374933072,debit,0
2026-04-18 07:16:06.803076,533.8833669050824,credit,0
2026-04-18 07:17:06.803076,565.8213769856369,credit,0
2026-04-18 07:18:06.803076,318.553584169611,credit,0
2026-04-18 07:19:06.803076,425.59720590858507,credit,0
2026-04-18 07:20:06.803076,703.7937130637467,debit,0
2026-04-18 07:21:06.803076,58.197606345557574,debit,0
2026-04-18 07:22:06.803076,470.7505767427377,debit,0
2026-04-18 07:23:06.803076,434.7153445740538,debit,0
2026-04-18 07:24:06.803076,150000.0,debit,1
2026-04-18 07:25:06.803076,453.2961929070798,credit,0
2026-04-18 07:26:06.803076,241.04696245920655,credit,0
2026-04-18 07:27:06.803076,986.74048456005,debit,0
2026-04-18 07:28:06.803076,397.832245983191,credit,0
2026-04-18 07:29:06.803076,423.3795509918283,debit,0
2026-04-18 07:30:06.803076,464.3987805128339,debit,0
2026-04-18 07:31:06.803076,592.5660128975874,debit,0
2026-04-18 07:32:06.803076,711.5854269382704,credit,0
2026-04-18 07:33:06.803076,385.1141599201884,credit,0
2026-04-18 07:34:06.803076,616.7050541074746,debit,0
2026-04-18 07:35:06.803076,242.96832835916808,credit,0
2026-04-18 07:36:06.803076,507.32701064413243,debit,0
2026-04-18 07:37:06.803076,659.2194006228561,credit,0
2026-04-18 07:38:06.803076,304.2047514926884,debit,0
2026-04-18 07:39:06.803076,912.4919716252972,credit,0
2026-04-18 07:40:06.803076,441.5213918628727,debit,0
2026-04-18 07:41:06.803076,535.0512962679369,credit,0
2026-04-18 07:42:06.803076,506.23110977843606,credit,0
2026-04-18 07:43:06.803076,634.4912050054138,debit,0
2026-04-18 07:44:06.803076,545.396758218705,credit,0
2026-04-18 07:45:06.803076,719.0995501796608,debit,0
2026-04-18 07:46:06.803076,403.40094521527226,credit,0
2026-04-18 07:47:06.803076,400.99734506647985,credit,0
2026-04-18 07:48:06.803076,705.642631275967,credit,0
2026-04-18 07:49:06.803076,500.33477284008165,credit,0
2026-04-18 07:50:06.803076,545.4184898980672,debit,0
2026-04-18 07:51:06.803076,210.4898359874852,credit,0
2026-04-18 07:52:06.803076,562.6769835579796,credit,0
2026-04-18 07:53:06.803076,567.9435383940737,credit,0
2026-04-18 07:54:06.803076,296.15920223142354,debit,0
2026-04-18 07:55:06.803076,549.0345350996923,credit,0
2026-04-18 07:56:06.803076,234.53414150911533,credit,0
2026-04-18 07:57:06.803076,674.8291536103153,debit,0
2026-04-18 07:58:06.803076,413.0614294558207,debit,0
2026-04-18 07:59:06.803076,50.0,credit,0
2026-04-18 08:00:06.803076,309.9743691454289,credit,0
2026-04-18 08:01:06.803076,563.707560574248,credit,0
2026-04-18 08:02:06.803076,398.3960216390634,debit,0
2026-04-18 08:03:06.803076,358.54273086077296,credit,0
2026-04-18 08:04:06.803076,80.99799486228045,credit,0
2026-04-18 08:05:06.803076,822.468777186574,credit,0
2026-04-18 08:06:06.803076,598.1685934639578,debit,0
2026-04-18 08:07:06.803076,210.39589767291005,credit,0
2026-04-18 08:08:06.803076,580.0308598229478,debit,0
2026-04-18 08:09:06.803076,786.5965527541737,debit,0
2026-04-18 08:10:06.803076,478.67711639133864,credit,0
2026-04-18 08:11:06.803076,251.65088024229837,debit,0
2026-04-18 08:12:06.803076,673.4844512146019,credit,0
2026-04-18 08:13:06.803076,354.5339368526462,debit,0
2026-04-18 08:14:06.803076,692.9352343703105,debit,0
2026-04-18 08:15:06.803076,129.09272775083912,credit,0
2026-04-18 08:16:06.803076,639.0167394438469,debit,0
2026-04-18 08:17:06.803076,409.9604295084846,credit,0
2026-04-18 08:18:06.803076,434.5745593972608,credit,0
2026-04-18 08:19:06.803076,472.96199906397436,debit,0
2026-04-18 08:20:06.803076,624.8595928656622,debit,0
2026-04-18 08:21:06.803076,412.6698329704001,debit,0
2026-04-18 08:22:06.803076,691.3950709355846,credit,0
2026-04-18 08:23:06.803076,100000.0,debit,1
2026-04-18 08:24:06.803076,689.8153160476938,credit,0
2026-04-18 08:25:06.803076,402.1101426906271,credit,0
2026-04-18 08:26:06.803076,708.6442672697281,credit,0
2026-04-18 08:27:06.803076,729.4829679472964,debit,0
2026-04-18 08:28:06.803076,728.6020822488732,debit,0
2026-04-18 08:29:06.803076,340.83169386189337,debit,0
2026-04-18 08:30:06.803076,932.4575902969934,debit,0
2026-04-18 08:31:06.803076,892.0408228914484,credit,0
2026-04-18 08:32:06.803076,808.6868112035665,debit,0
2026-04-18 08:33:06.803076,783.2311292031666,credit,0
2026-04-18 08:34:06.803076,309.49725557929474,credit,0
2026-04-18 08:35:06.803076,599.4923168962096,credit,0
2026-04-18 08:36:06.803076,491.9252689994347,debit,0
2026-04-18 08:37:06.803076,150000.0,credit,1
2026-04-18 08:38:06.803076,516.3944515788392,credit,0
2026-04-18 08:39:06.803076,150000.0,credit,1
2026-04-18 08:40:06.803076,524.5516325317693,credit,0
2026-04-18 08:41:06.803076,635.1218296796442,debit,0
2026-04-18 08:42:06.803076,397.16714163385694,debit,0
2026-04-18 08:43:06.803076,345.3378864785108,credit,0
2026-04-18 08:44:06.803076,531.2148136169544,debit,0
2026-04-18 08:45:06.803076,170.5473965748215,credit,0
2026-04-18 08:46:06.803076,320.0848999694795,credit,0
2026-04-18 08:47:06.803076,507.94636287396344,debit,0
2026-04-18 08:48:06.803076,355.0527497407483,debit,0
2026-04-18 08:49:06.803076,99.2249092280581,debit,0
2026-04-18 08:50:06.803076,252.2969490161161,debit,0
2026-04-18 08:51:06.803076,237.72866406537207,debit,0
2026-04-18 08:52:06.803076,542.6520426091663,debit,0
2026-04-18 08:53:06.803076,595.4630226347975,debit,0
2026-04-18 08:54:06.803076,526.6124873138332,debit,0
2026-04-18 08:55:06.803076,727.6772286204708,credit,0
2026-04-18 08:56:06.803076,438.6578329377889,credit,0
2026-04-18 08:57:06.803076,934.881937099266,debit,0
2026-04-18 08:58:06.803076,796.6758960595134,credit,0
2026-04-18 08:59:06.803076,50.0,credit,0
2026-04-18 09:00:06.803076,305.498128777847,credit,0
2026-04-18 09:01:06.803076,434.2626860558546,debit,0
2026-04-18 09:02:06.803076,403.71879373165575,credit,0
2026-04-18 09:03:06.803076,837.925353256159,debit,0
2026-04-18 09:04:06.803076,397.9056603758953,credit,0
2026-04-18 09:05:06.803076,555.0062283405965,credit,0
2026-04-18 09:06:06.803076,460.72910051411367,debit,0
2026-04-18 09:07:06.803076,150000.0,debit,1
2026-04-18 09:08:06.803076,912.4526027462964,credit,0
2026-04-18 09:09:06.803076,687.7727041536543,credit,0
2026-04-18 09:10:06.803076,631.0674727380384,debit,0
2026-04-18 09:11:06.803076,477.19503183484443,debit,0
2026-04-18 09:12:06.803076,876.9806777055344,credit,0
2026-04-18 09:13:06.803076,50.0,debit,0
2026-04-18 09:14:06.803076,443.8545318917087,debit,0
2026-04-18 09:15:06.803076,576.4989166998189,credit,0
2026-04-18 09:16:06.803076,706.6139548758388,credit,0
2026-04-18 09:17:06.803076,304.89895085971216,credit,0
2026-04-18 09:18:06.803076,868.5831690975094,debit,0
2026-04-18 09:19:06.803076,704.6396187397838,debit,0
2026-04-18 09:20:06.803076,189.76303042995085,debit,0
2026-04-18 09:21:06.803076,187.48139623956087,credit,0
2026-04-18 09:22:06.803076,416.905806480953,debit,0
2026-04-18 09:23:06.803076,817.5895731375307,credit,0
2026-04-18 09:24:06.803076,578.7821989337278,credit,0
2026-04-18 09:25:06.803076,373.98599525840444,debit,0
2026-04-18 09:26:06.803076,293.86968303653185,debit,0
2026-04-18 09:27:06.803076,100000.0,debit,1
2026-04-18 09:28:06.803076,99.44823617490653,debit,0
2026-04-18 09:29:06.803076,97.33976938665955,credit,0
2026-04-18 09:30:06.803076,209.33514979982044,debit,0
2026-04-18 09:31:06.803076,70.36374670268941,credit,0
2026-04-18 09:32:06.803076,705.233562515269,debit,0
2026-04-18 09:33:06.803076,1037.8561428458715,credit,0
2026-04-18 09:34:06.803076,448.9860000472969,debit,0
2026-04-18 09:35:06.803076,537.9814388872747,debit,0
2026-04-18 09:36:06.803076,580.8339361583692,credit,0
2026-04-18 09:37:06.803076,374.44129891601574,debit,0
2026-04-18 09:38:06.803076,660.7845569792985,debit,0
2026-04-18 09:39:06.803076,517.7380157985535,credit,0
2026-04-18 09:40:06.803076,518.7807291398797,credit,0
2026-04-18 09:41:06.803076,50.0,debit,0
2026-04-18 09:42:06.803076,505.3932355474461,debit,0
2026-04-18 09:43:06.803076,150000.0,credit,1
2026-04-18 09:44:06.803076,711.7973484794336,credit,0
2026-04-18 09:45:06.803076,100000.0,credit,1
2026-04-18 09:46:06.803076,150000.0,credit,1
2026-04-18 09:47:06.803076,518.1181099301959,debit,0
2026-04-18 09:48:06.803076,654.4016278070733,credit,0
2026-04-18 09:49:06.803076,396.9706557681984,debit,0
2026-04-18 09:50:06.803076,804.927159831148,credit,0
2026-04-18 09:51:06.803076,150000.0,debit,1
2026-04-18 09:52:06.803076,746.1817178920201,credit,0
2026-04-18 09:53:06.803076,737.841564585598,debit,0
2026-04-18 09:54:06.803076,388.0429855393222,credit,0
2026-04-18 09:55:06.803076,115.98665325367057,debit,0
2026-04-18 09:56:06.803076,407.2239610551225,credit,0
2026-04-18 09:57:06.803076,451.3642993567989,debit,0
2026-04-18 09:58:06.803076,80.92825246283371,credit,0
2026-04-18 09:59:06.803076,863.3384493692131,debit,0
2026-04-18 10:00:06.803076,544.8392212271464,credit,0
2026-04-18 10:01:06.803076,752.2204756378719,debit,0
2026-04-18 10:02:06.803076,356.78875375173754,credit,0
2026-04-18 10:03:06.803076,388.19274768288943,debit,0
2026-04-18 10:04:06.803076,219.95795458598292,debit,0
2026-04-18 10:05:06.803076,298.0193700384407,debit,0
2026-04-18 10:06:06.803076,566.7540746284822,credit,0
2026-04-18 10:07:06.803076,652.3868404660811,debit,0
2026-04-18 10:08:06.803076,691.754977089892,credit,0
2026-04-18 10:09:06.803076,150000.0,debit,1
2026-04-18 10:10:06.803076,594.3307555337644,debit,0
2026-04-18 10:11:06.803076,422.08646372724877,credit,0
2026-04-18 10:12:06.803076,50.0,debit,0
2026-04-18 10:13:06.803076,698.1051478219093,credit,0
2026-04-18 10:14:06.803076,396.4017491252134,credit,0
2026-04-18 10:15:06.803076,528.2944862126427,credit,0
2026-04-18 10:16:06.803076,523.6326153693625,credit,0
2026-04-18 10:17:06.803076,287.97301050827605,credit,0
2026-04-18 10:18:06.803076,456.9252750775041,credit,0
2026-04-18 10:19:06.803076,747.9256269723157,credit,0
2026-04-18 10:20:06.803076,1084.824835996609,credit,0
2026-04-18 10:21:06.803076,552.5127189989602,debit,0
2026-04-18 10:22:06.803076,495.1711045434942,debit,0
2026-04-18 10:23:06.803076,443.1767547097289,debit,0
2026-04-18 10:24:06.803076,460.6476460794757,debit,0
2026-04-18 10:25:06.803076,269.77181238262665,credit,0
2026-04-18 10:26:06.803076,523.3461322498176,credit,0
2026-04-18 10:27:06.803076,376.89551559935603,debit,0
2026-04-18 10:28:06.803076,395.99470084814686,credit,0
2026-04-18 10:29:06.803076,359.7327123081051,debit,0
2026-04-18 10:30:06.803076,572.7585976608791,credit,0
2026-04-18 10:31:06.803076,486.7803107024717,credit,0
2026-04-18 10:32:06.803076,455.4842160795579,debit,0
2026-04-18 10:33:06.803076,259.9175867643917,debit,0
2026-04-18 10:34:06.803076,355.2863545308368,credit,0
2026-04-18 10:35:06.803076,922.9358891984169,debit,0
2026-04-18 10:36:06.803076,728.4459307187974,credit,0
2026-04-18 10:37:06.803076,723.7099577484936,credit,0
2026-04-18 10:38:06.803076,549.5433289915753,credit,0
2026-04-18 10:39:06.803076,838.5439292753363,debit,0
2026-04-18 10:40:06.803076,170.69725748635443,credit,0
2026-04-18 10:41:06.803076,561.5029504801681,debit,0
2026-04-18 10:42:06.803076,585.0866575431734,credit,0
2026-04-18 10:43:06.803076,361.45411833229355,debit,0
2026-04-18 10:44:06.803076,996.6632275422503,credit,0
2026-04-18 10:45:06.803076,658.2733931529833,credit,0
2026-04-18 10:46:06.803076,189.2021449897153,debit,0
2026-04-18 10:47:06.803076,351.5451879885713,credit,0
2026-04-18 10:48:06.803076,567.9806644941299,debit,0
2026-04-18 10:49:06.803076,346.3640371728443,debit,0
2026-04-18 10:50:06.803076,761.7509795346439,debit,0
2026-04-18 10:51:06.803076,463.9364301640018,debit,0
2026-04-18 10:52:06.803076,552.9064007908206,credit,0
2026-04-18 10:53:06.803076,565.7242836653602,debit,0
2026-04-18 10:54:06.803076,244.8175705605324,credit,0
2026-04-18 10:55:06.803076,637.9197315801681,debit,0
2026-04-18 10:56:06.803076,178.49506231476568,debit,0
2026-04-18 10:57:06.803076,427.36799176653176,debit,0
2026-04-18 10:58:06.803076,489.12737532844915,debit,0
2026-04-18 10:59:06.803076,631.0921807900006,credit,0
2026-04-18 11:00:06.803076,716.112611625602,debit,0
2026-04-18 11:01:06.803076,492.43826510609676,debit,0
2026-04-18 11:02:06.803076,100000.0,credit,1
2026-04-18 11:03:06.803076,80000.0,credit,1
2026-04-18 11:04:06.803076,602.1254764990032,debit,0
2026-04-18 11:05:06.803076,282.7022678915188,credit,0
2026-04-18 11:06:06.803076,431.35165142159235,credit,0
2026-04-18 11:07:06.803076,808.420341292652,debit,0
2026-04-18 11:08:06.803076,80000.0,credit,1
2026-04-18 11:09:06.803076,387.1860502544663,credit,0
2026-04-18 11:10:06.803076,598.9952820615317,credit,0
2026-04-18 11:11:06.803076,567.4332650397226,debit,0
2026-04-18 11:12:06.803076,220.67527249959562,debit,0
2026-04-18 11:13:06.803076,545.5254134930136,debit,0
2026-04-18 11:14:06.803076,441.967061139088,credit,0
2026-04-18 11:15:06.803076,548.7025773624972,credit,0
2026-04-18 11:16:06.803076,394.43064398807326,credit,0
2026-04-18 11:17:06.803076,498.8095935840432,debit,0
2026-04-18 11:18:06.803076,181.0971845522559,debit,0
2026-04-18 11:19:06.803076,280.2868177370239,credit,0
2026-04-18 11:20:06.803076,478.5215061996355,debit,0
2026-04-18 11:21:06.803076,848.6430046019466,credit,0
2026-04-18 11:22:06.803076,246.6755974091986,credit,0
2026-04-18 11:23:06.803076,466.46486417174555,credit,0
2026-04-18 11:24:06.803076,435.49051665332615,credit,0
2026-04-18 11:25:06.803076,441.5710742541513,credit,0
2026-04-18 11:26:06.803076,100000.0,debit,1
2026-04-18 11:27:06.803076,465.99694706517226,debit,0
2026-04-18 11:28:06.803076,403.05335870311177,debit,0
2026-04-18 11:29:06.803076,758.6098155145047,credit,0
2026-04-18 11:30:06.803076,240.69598415348628,credit,0
2026-04-18 11:31:06.803076,530.800927817686,credit,0
2026-04-18 11:32:06.803076,451.75384392048176,debit,0
2026-04-18 11:33:06.803076,588.0941283185174,debit,0
2026-04-18 11:34:06.803076,554.6765714363863,credit,0
2026-04-18 11:35:06.803076,468.71660592772207,credit,0
2026-04-18 11:36:06.803076,424.1430071028967,debit,0
2026-04-18 11:37:06.803076,441.51740408649505,debit,0
2026-04-18 11:38:06.803076,315.00843183199447,credit,0
2026-04-18 11:39:06.803076,463.9795327766172,credit,0
2026-04-18 11:40:06.803076,422.91696192749026,credit,0
2026-04-18 11:41:06.803076,475.83336914312855,credit,0
2026-04-18 11:42:06.803076,591.5390271690171,credit,0
2026-04-18 11:43:06.803076,57.293466555144505,debit,0
2026-04-18 11:44:06.803076,506.1037906481104,credit,0
2026-04-18 11:45:06.803076,913.1120323355594,credit,0
2026-04-18 11:46:06.803076,315.71123671150053,debit,0
2026-04-18 11:47:06.803076,702.0979020752875,credit,0
2026-04-18 11:48:06.803076,651.135154254209,credit,0
2026-04-18 11:49:06.803076,704.657315361328,credit,0
2026-04-18 11:50:06.803076,672.8556022872634,debit,0
2026-04-18 11:51:06.803076,197.09330262855144,debit,0
2026-04-18 11:52:06.803076,50.0,credit,0
2026-04-18 11:53:06.803076,276.331863314916,credit,0
2026-04-18 11:54:06.803076,658.37480655356,debit,0
2026-04-18 11:55:06.803076,556.2787093835022,credit,0
2026-04-18 11:56:06.803076,317.221877373443,debit,0
2026-04-18 11:57:06.803076,342.5668329319269,credit,0
2026-04-18 11:58:06.803076,390.7756747071458,debit,0
2026-04-18 11:59:06.803076,371.6726799491472,credit,0
2026-04-18 12:00:06.803076,748.6363433732143,debit,0
2026-04-18 12:01:06.803076,682.8027339582419,credit,0
2026-04-18 12:02:06.803076,622.3029806708638,credit,0
2026-04-18 12:03:06.803076,80000.0,credit,1
2026-04-18 12:04:06.803076,401.55652957909405,credit,0
2026-04-18 12:05:06.803076,661.3666457148369,credit,0
2026-04-18 12:06:06.803076,373.2209454535056,credit,0
2026-04-18 12:07:06.803076,490.16913510438667,debit,0
2026-04-18 12:08:06.803076,489.0483755972279,debit,0
2026-04-18 12:09:06.803076,440.59679992776864,credit,0
2026-04-18 12:10:06.803076,637.6640145728746,credit,0
2026-04-18 12:11:06.803076,633.6865124747883,debit,0
2026-04-18 12:12:06.803076,238.88232386880304,credit,0
2026-04-18 12:13:06.803076,501.69632601519356,debit,0
2026-04-18 12:14:06.803076,416.45571747515044,debit,0
2026-04-18 12:15:06.803076,237.08324305448838,debit,0
2026-04-18 12:16:06.803076,240.58461774411808,debit,0
2026-04-18 12:17:06.803076,750.8293997090163,credit,0
2026-04-18 12:18:06.803076,572.7527397402338,credit,0
2026-04-18 12:19:06.803076,409.50983021810214,debit,0
2026-04-18 12:20:06.803076,535.1928148300364,credit,0
2026-04-18 12:21:06.803076,683.1298877790273,credit,0
2026-04-18 12:22:06.803076,227.33065094600857,credit,0
2026-04-18 12:23:06.803076,571.3953347608481,debit,0
2026-04-18 12:24:06.803076,305.0589986229228,credit,0
2026-04-18 12:25:06.803076,605.527465063179,credit,0
2026-04-18 12:26:06.803076,260.4969419612919,credit,0
2026-04-18 12:27:06.803076,431.08018097137347,debit,0
2026-04-18 12:28:06.803076,851.203764727557,credit,0
2026-04-18 12:29:06.803076,378.3314369594973,debit,0
2026-04-18 12:30:06.803076,471.2136479668892,credit,0
2026-04-18 12:31:06.803076,637.6174748424417,debit,0
2026-04-18 12:32:06.803076,477.4099110066918,debit,0
2026-04-18 12:33:06.803076,636.6890793585292,credit,0
2026-04-18 12:34:06.803076,535.3647532410695,debit,0
2026-04-18 12:35:06.803076,604.3050415763252,credit,0
2026-04-18 12:36:06.803076,619.442049744533,credit,0
2026-04-18 12:37:06.803076,330.6343903847313,credit,0
2026-04-18 12:38:06.803076,66.22085267483658,credit,0
2026-04-18 12:39:06.803076,380.8511019383862,credit,0
2026-04-18 12:40:06.803076,668.4690444626174,debit,0
2026-04-18 12:41:06.803076,633.6752477444271,debit,0
2026-04-18 12:42:06.803076,373.98784887698105,debit,0
2026-04-18 12:43:06.803076,500.4657694115911,credit,0
2026-04-18 12:44:06.803076,401.9618151090841,credit,0
2026-04-18 12:45:06.803076,597.0143836760324,credit,0
2026-04-18 12:46:06.803076,229.76687614221032,credit,0
2026-04-18 12:47:06.803076,829.2037965437719,debit,0
2026-04-18 12:48:06.803076,583.124280764918,credit,0
2026-04-18 12:49:06.803076,965.5318989942425,debit,0
2026-04-18 12:50:06.803076,318.4216270553079,credit,0
2026-04-18 12:51:06.803076,538.0338832177727,credit,0
2026-04-18 12:52:06.803076,333.86199215658837,credit,0
2026-04-18 12:53:06.803076,720.0644979596304,credit,0
2026-04-18 12:54:06.803076,863.5402927171372,debit,0
2026-04-18 12:55:06.803076,100000.0,credit,1
2026-04-18 12:56:06.803076,423.36431269005647,debit,0
2026-04-18 12:57:06.803076,838.6728116276577,credit,0
2026-04-18 12:58:06.803076,301.9905120030978,debit,0
2026-04-18 12:59:06.803076,377.2865140516773,credit,0
2026-04-18 13:00:06.803076,414.82633436304644,debit,0
2026-04-18 13:01:06.803076,649.9496035685243,debit,0
2026-04-18 13:02:06.803076,578.669886826104,credit,0
2026-04-18 13:03:06.803076,702.9081488996342,credit,0
2026-04-18 13:04:06.803076,406.1151126608613,debit,0
2026-04-18 13:05:06.803076,476.7606348734896,debit,0
2026-04-18 13:06:06.803076,432.55450335739994,debit,0
2026-04-18 13:07:06.803076,473.648695590598,credit,0
2026-04-18 13:08:06.803076,671.6538235497144,debit,0
2026-04-18 13:09:06.803076,610.0344136122089,debit,0
2026-04-18 13:10:06.803076,492.74991826041764,debit,0
2026-04-18 13:11:06.803076,597.3344350765351,debit,0
2026-04-18 13:12:06.803076,119.36092950415201,debit,0
2026-04-18 13:13:06.803076,550.0831799438636,debit,0
2026-04-18 13:14:06.803076,496.00707011690855,credit,0
2026-04-18 13:15:06.803076,680.7941327657192,debit,0
2026-04-18 13:16:06.803076,660.5672374788738,debit,0
2026-04-18 13:17:06.803076,541.372105362447,credit,0
2026-04-18 13:18:06.803076,845.2746820239456,debit,0
2026-04-18 13:19:06.803076,661.5963325583045,credit,0
2026-04-18 13:20:06.803076,434.568963178504,debit,0
2026-04-18 13:21:06.803076,865.4981583641207,credit,0
2026-04-18 13:22:06.803076,334.9540349821358,credit,0
2026-04-18 13:23:06.803076,591.2055409542098,debit,0
2026-04-18 13:24:06.803076,58.08589805048132,credit,0
2026-04-18 13:25:06.803076,719.8005504810363,debit,0
2026-04-18 13:26:06.803076,646.4018930954074,credit,0
2026-04-18 13:27:06.803076,100000.0,credit,1
2026-04-18 13:28:06.803076,265.9799785652177,debit,0
2026-04-18 13:29:06.803076,466.20723335818786,debit,0
2026-04-18 13:30:06.803076,606.6256181503368,credit,0
2026-04-18 13:31:06.803076,625.5448269108529,credit,0
2026-04-18 13:32:06.803076,372.41781845720595,debit,0
2026-04-18 13:33:06.803076,532.8048025299963,credit,0
2026-04-18 13:34:06.803076,80000.0,credit,1
2026-04-18 13:35:06.803076,463.77938944512096,debit,0
2026-04-18 13:36:06.803076,621.9461290605609,debit,0
2026-04-18 13:37:06.803076,445.7782981862638,credit,0
2026-04-18 13:38:06.803076,154.91023074360953,credit,0
2026-04-18 13:39:06.803076,353.8097428325197,debit,0
2026-04-18 13:40:06.803076,362.02687416223847,credit,0
2026-04-18 13:41:06.803076,661.4144855341025,debit,0
2026-04-18 13:42:06.803076,271.1850080776174,credit,0
2026-04-18 13:43:06.803076,449.7029314136344,debit,0
2026-04-18 13:44:06.803076,530.1590361957508,debit,0
2026-04-18 13:45:06.803076,895.2091602897865,credit,0
2026-04-18 13:46:06.803076,552.7920665180299,debit,0
2026-04-18 13:47:06.803076,616.5943821693357,credit,0
2026-04-18 13:48:06.803076,173.03887435478714,debit,0
2026-04-18 13:49:06.803076,364.43758185783827,credit,0
2026-04-18 13:50:06.803076,326.96852458626483,debit,0
2026-04-18 13:51:06.803076,523.3362590541949,credit,0
2026-04-18 13:52:06.803076,375.67553060576705,debit,0
2026-04-18 13:53:06.803076,385.85469108104814,debit,0
2026-04-18 13:54:06.803076,605.6284177141304,debit,0
2026-04-18 13:55:06.803076,408.1102949109552,debit,0
2026-04-18 13:56:06.803076,339.88117444103614,credit,0
2026-04-18 13:57:06.803076,671.2414666736411,credit,0
2026-04-18 13:58:06.803076,711.5570223118202,credit,0
2026-04-18 13:59:06.803076,533.5213304793502,credit,0
2026-04-18 14:00:06.803076,481.88190505220297,credit,0
2026-04-18 14:01:06.803076,699.2088106969799,credit,0
2026-04-18 14:02:06.803076,602.2262440952719,debit,0
2026-04-18 14:03:06.803076,489.09297624253753,debit,0
2026-04-18 14:04:06.803076,150000.0,credit,1
2026-04-18 14:05:06.803076,548.7037143036524,debit,0
2026-04-18 14:06:06.803076,321.42101581914847,credit,0
2026-04-18 14:07:06.803076,546.2109615061589,credit,0
2026-04-18 14:08:06.803076,268.9814663075359,debit,0
2026-04-18 14:09:06.803076,920.9024436608674,credit,0
2026-04-18 14:10:06.803076,570.8443043540462,credit,0
2026-04-18 14:11:06.803076,50.0,credit,0
2026-04-18 14:12:06.803076,355.4782389492754,debit,0
2026-04-18 14:13:06.803076,114.1689969284003,debit,0
2026-04-18 14:14:06.803076,1074.8802142631162,debit,0
2026-04-18 14:15:06.803076,492.0649238337227,debit,0
2026-04-18 14:16:06.803076,254.48324555239785,credit,0
2026-04-18 14:17:06.803076,413.9071571354003,credit,0
2026-04-18 14:18:06.803076,296.2398860979656,credit,0
2026-04-18 14:19:06.803076,411.79770744694645,debit,0
2026-04-18 14:20:06.803076,866.6510623676047,debit,0
2026-04-18 14:21:06.803076,545.2159116053061,credit,0
2026-04-18 14:22:06.803076,324.3066714477618,debit,0
2026-04-18 14:23:06.803076,505.9064122986541,credit,0
2026-04-18 14:24:06.803076,482.50101975682253,credit,0
2026-04-18 14:25:06.803076,454.7395517118915,credit,0
2026-04-18 14:26:06.803076,376.6936919797297,credit,0
2026-04-18 14:27:06.803076,150.60846116459345,credit,0
2026-04-18 14:28:06.803076,100000.0,credit,1
2026-04-18 14:29:06.803076,828.4463835361458,debit,0
2026-04-18 14:30:06.803076,514.3960145764717,debit,0
2026-04-18 14:31:06.803076,578.4390800046123,credit,0
2026-04-18 14:32:06.803076,100000.0,debit,1
2026-04-18 14:33:06.803076,946.3848097998439,debit,0
2026-04-18 14:34:06.803076,535.230244177835,debit,0
2026-04-18 14:35:06.803076,684.4631287101754,debit,0
2026-04-18 14:36:06.803076,789.3976584579352,credit,0
2026-04-18 14:37:06.803076,469.4701630296839,debit,0
2026-04-18 14:38:06.803076,422.00890538911955,credit,0
2026-04-18 14:39:06.803076,399.1578472742948,debit,0
2026-04-18 14:40:06.803076,136.92949640419448,credit,0
2026-04-18 14:41:06.803076,595.3736274545201,debit,0
2026-04-18 14:42:06.803076,576.4004717705783,credit,0
2026-04-18 14:43:06.803076,282.25551411895844,credit,0
2026-04-18 14:44:06.803076,637.5265309493175,credit,0
2026-04-18 14:45:06.803076,532.2043323577443,debit,0
2026-04-18 14:46:06.803076,456.19699338666175,credit,0
2026-04-18 14:47:06.803076,524.1726240725795,credit,0
2026-04-18 14:48:06.803076,210.66716715433193,debit,0
2026-04-18 14:49:06.803076,640.5456340954082,debit,0
2026-04-18 14:50:06.803076,820.1506507492563,debit,0
2026-04-18 14:51:06.803076,130.71455490896727,credit,0
2026-04-18 14:52:06.803076,100000.0,debit,1
2026-04-18 14:53:06.803076,982.3257334131274,debit,0
2026-04-18 14:54:06.803076,150000.0,debit,1
2026-04-18 14:55:06.803076,171.46527564877516,credit,0
2026-04-18 14:56:06.803076,308.52637162771674,debit,0
2026-04-18 14:57:06.803076,150000.0,credit,1
2026-04-18 14:58:06.803076,411.38786864395837,credit,0
2026-04-18 14:59:06.803076,448.9922305039641,credit,0
2026-04-18 15:00:06.803076,525.9090374595867,credit,0
2026-04-18 15:01:06.803076,511.84092496188794,debit,0
2026-04-18 15:02:06.803076,491.78405095464956,credit,0
2026-04-18 15:03:06.803076,624.9416891425666,credit,0
2026-04-18 15:04:06.803076,451.06555095056194,credit,0
2026-04-18 15:05:06.803076,645.3675712344864,credit,0
2026-04-18 15:06:06.803076,736.5837797371756,credit,0
2026-04-18 15:07:06.803076,645.0703165649284,credit,0
2026-04-18 15:08:06.803076,472.40334181192725,credit,0
2026-04-18 15:09:06.803076,562.4480474183982,credit,0
2026-04-18 15:10:06.803076,797.7388423046814,debit,0
2026-04-18 15:11:06.803076,409.6264297958845,debit,0
2026-04-18 15:12:06.803076,478.41801995775415,debit,0
2026-04-18 15:13:06.803076,829.41570400586,credit,0
2026-04-18 15:14:06.803076,619.0905888598588,credit,0
2026-04-18 15:15:06.803076,751.8879246462884,debit,0
2026-04-18 15:16:06.803076,522.8127570699007,credit,0
2026-04-18 15:17:06.803076,885.0095959072203,credit,0
2026-04-18 15:18:06.803076,624.3588475348806,credit,0
2026-04-18 15:19:06.803076,443.68963357730394,debit,0
2026-04-18 15:20:06.803076,362.9986041785155,debit,0
2026-04-18 15:21:06.803076,511.9220201353385,debit,0
2026-04-18 15:22:06.803076,576.6020400937152,credit,0
2026-04-18 15:23:06.803076,660.7398620304534,credit,0
2026-04-18 15:24:06.803076,520.2900604101335,debit,0
2026-04-18 15:25:06.803076,411.6058719938476,debit,0
2026-04-18 15:26:06.803076,572.0546850528517,debit,0
2026-04-18 15:27:06.803076,80000.0,debit,1
2026-04-18 15:28:06.803076,513.3883149725849,debit,0
2026-04-18 15:29:06.803076,379.07942789617715,credit,0
2026-04-18 15:30:06.803076,717.2555968278028,debit,0
2026-04-18 15:31:06.803076,522.3616115194764,credit,0
2026-04-18 15:32:06.803076,50.0,debit,0
2026-04-18 15:33:06.803076,705.9065234681548,credit,0
2026-04-18 15:34:06.803076,499.1321474597913,credit,0
2026-04-18 15:35:06.803076,383.1719881100239,debit,0
2026-04-18 15:36:06.803076,796.9431110540363,debit,0
2026-04-18 15:37:06.803076,609.5311746856421,debit,0
2026-04-18 15:38:06.803076,616.6229738062482,credit,0
2026-04-18 15:39:06.803076,431.42849835941576,debit,0
2026-04-18 15:40:06.803076,738.1949412405822,credit,0
2026-04-18 15:41:06.803076,531.7697606705691,credit,0
2026-04-18 15:42:06.803076,150000.0,debit,1
2026-04-18 15:43:06.803076,204.77138977607558,credit,0
2026-04-18 15:44:06.803076,205.09134607445418,credit,0
2026-04-18 15:45:06.803076,95.22126262429487,debit,0
2026-04-18 15:46:06.803076,274.51519912754134,credit,0
2026-04-18 15:47:06.803076,395.23915994337983,debit,0
2026-04-18 15:48:06.803076,313.110766683598,credit,0
2026-04-18 15:49:06.803076,556.8347646277637,credit,0
2026-04-18 15:50:06.803076,638.8861745147185,credit,0
2026-04-18 15:51:06.803076,554.6430060899772,debit,0
2026-04-18 15:52:06.803076,624.8037675587507,credit,0
2026-04-18 15:53:06.803076,502.9125751277423,debit,0
2026-04-18 15:54:06.803076,575.9079442099992,credit,0
2026-04-18 15:55:06.803076,363.7934518897631,debit,0
2026-04-18 15:56:06.803076,472.52500089394425,credit,0
2026-04-18 15:57:06.803076,412.0169651317125,debit,0
2026-04-18 15:58:06.803076,699.9252853450773,debit,0
2026-04-18 15:59:06.803076,742.8754028472097,debit,0
2026-04-18 16:00:06.803076,536.5522279819218,debit,0
2026-04-18 16:01:06.803076,336.53019730967867,debit,0
2026-04-18 16:02:06.803076,364.6128759517686,debit,0
2026-04-18 16:03:06.803076,529.3280349993137,debit,0
2026-04-18 16:04:06.803076,400.42102052793206,debit,0
2026-04-18 16:05:06.803076,568.8223873138559,credit,0
2026-04-18 16:06:06.803076,511.74349580503053,debit,0
2026-04-18 16:07:06.803076,290.6368447042776,debit,0
2026-04-18 16:08:06.803076,780.5567013818298,debit,0
2026-04-18 16:09:06.803076,657.4710648577474,credit,0
2026-04-18 16:10:06.803076,341.2255633509051,debit,0
2026-04-18 16:11:06.803076,703.3670785874526,credit,0
2026-04-18 16:12:06.803076,610.3358610236072,credit,0
2026-04-18 16:13:06.803076,677.7557744452658,credit,0
2026-04-18 16:14:06.803076,478.48942390160045,credit,0
2026-04-18 16:15:06.803076,419.70828702247593,debit,0
2026-04-18 16:16:06.803076,797.9829162402709,credit,0
2026-04-18 16:17:06.803076,331.7437380281641,credit,0
2026-04-18 16:18:06.803076,416.7260823318872,credit,0
2026-04-18 16:19:06.803076,525.343917567538,credit,0
2026-04-18 16:20:06.803076,196.3091763978896,credit,0
2026-04-18 16:21:06.803076,359.88644753916253,debit,0
2026-04-18 16:22:06.803076,236.12586467032799,credit,0
2026-04-18 16:23:06.803076,719.4790346758173,debit,0
2026-04-18 16:24:06.803076,266.666921146336,debit,0
2026-04-18 16:25:06.803076,500.1679613243226,debit,0
2026-04-18 16:26:06.803076,647.0267278985962,debit,0
2026-04-18 16:27:06.803076,758.5529164674454,debit,0
2026-04-18 16:28:06.803076,253.83789940364954,debit,0
2026-04-18 16:29:06.803076,749.1107681308488,credit,0
2026-04-18 16:30:06.803076,342.8328461923405,credit,0
2026-04-18 16:31:06.803076,760.9236483072493,credit,0
2026-04-18 16:32:06.803076,278.738669815883,debit,0
2026-04-18 16:33:06.803076,619.1739994914279,debit,0
2026-04-18 16:34:06.803076,273.4328164136783,credit,0
2026-04-18 16:35:06.803076,548.5825358872628,debit,0
2026-04-18 16:36:06.803076,80000.0,debit,1
2026-04-18 16:37:06.803076,533.3778772324212,debit,0
2026-04-18 16:38:06.803076,938.097811252298,credit,0
2026-04-18 16:39:06.803076,419.48395456592436,debit,0
2026-04-18 16:40:06.803076,644.1167754333817,credit,0
2026-04-18 16:41:06.803076,399.174232671136,credit,0
2026-04-18 16:42:06.803076,628.129624954405,credit,0
2026-04-18 16:43:06.803076,603.8063275033347,credit,0
2026-04-18 16:44:06.803076,601.3425985213123,credit,0
2026-04-18 16:45:06.803076,291.48717798646095,credit,0
2026-04-18 16:46:06.803076,494.5546516754914,credit,0
2026-04-18 16:47:06.803076,389.78827425248926,debit,0
2026-04-18 16:48:06.803076,449.78760443726463,credit,0
2026-04-18 16:49:06.803076,492.5198184123302,debit,0
2026-04-18 16:50:06.803076,385.02977736284714,credit,0
2026-04-18 16:51:06.803076,472.94930033092726,debit,0
2026-04-18 16:52:06.803076,510.2977970489655,credit,0
2026-04-18 16:53:06.803076,629.5214545206052,debit,0
2026-04-18 16:54:06.803076,464.06415071754304,credit,0
2026-04-18 16:55:06.803076,687.7102704577906,debit,0
2026-04-18 16:56:06.803076,715.4681408439953,debit,0
2026-04-18 16:57:06.803076,384.1404455097734,debit,0
2026-04-18 16:58:06.803076,537.7115172491539,credit,0
2026-04-18 16:59:06.803076,734.8133164774065,credit,0
2026-04-18 17:00:06.803076,395.6630415346796,debit,0
2026-04-18 17:01:06.803076,443.51865786593805,debit,0
2026-04-18 17:02:06.803076,150000.0,debit,1
2026-04-18 17:03:06.803076,203.09231130334376,credit,0
2026-04-18 17:04:06.803076,512.8735274273076,debit,0
2026-04-18 17:05:06.803076,216.34410433785308,debit,0
2026-04-18 17:06:06.803076,563.9006622661166,debit,0
2026-04-18 17:07:06.803076,317.5899894223568,credit,0
2026-04-18 17:08:06.803076,340.86431424849667,debit,0
2026-04-18 17:09:06.803076,297.33030678753573,debit,0
2026-04-18 17:10:06.803076,664.4452241324557,debit,0
2026-04-18 17:11:06.803076,555.1208874078843,credit,0
2026-04-18 17:12:06.803076,498.0534666926002,credit,0
2026-04-18 17:13:06.803076,576.7050299017193,credit,0
2026-04-18 17:14:06.803076,316.6338102639115,debit,0
2026-04-18 17:15:06.803076,541.9407474955559,debit,0
2026-04-18 17:16:06.803076,407.9400829402352,credit,0
2026-04-18 17:17:06.803076,345.8816406955183,credit,0
2026-04-18 17:18:06.803076,811.4722170657885,debit,0
2026-04-18 17:19:06.803076,379.731100015779,credit,0
2026-04-18 17:20:06.803076,541.17312793728,debit,0
2026-04-18 17:21:06.803076,692.6126312124948,debit,0
2026-04-18 17:22:06.803076,382.1179088837778,debit,0
2026-04-18 17:23:06.803076,150000.0,debit,1
2026-04-18 17:24:06.803076,174.2852532952221,credit,0
2026-04-18 17:25:06.803076,534.0720550479607,credit,0
2026-04-18 17:26:06.803076,414.6307667269815,debit,0
2026-04-18 17:27:06.803076,792.5721748589251,credit,0
2026-04-18 17:28:06.803076,357.41096755584346,credit,0
2026-04-18 17:29:06.803076,502.74727361200905,debit,0
2026-04-18 17:30:06.803076,509.6833652960312,credit,0
2026-04-18 17:31:06.803076,467.38698035588624,credit,0
2026-04-18 17:32:06.803076,274.7359999367887,credit,0
2026-04-18 17:33:06.803076,277.57482295581207,debit,0
2026-04-18 17:34:06.803076,213.50179967373333,credit,0
2026-04-18 17:35:06.803076,50.0,debit,0
2026-04-18 17:36:06.803076,688.1930228210617,credit,0
2026-04-18 17:37:06.803076,399.881535637079,credit,0
2026-04-18 17:38:06.803076,583.6468337983333,credit,0
2026-04-18 17:39:06.803076,460.5402975951449,debit,0
2026-04-18 17:40:06.803076,435.62860705103355,credit,0
2026-04-18 17:41:06.803076,331.95886978466064,credit,0
2026-04-18 17:42:06.803076,259.669566945042,debit,0
2026-04-18 17:43:06.803076,399.95453863048846,credit,0
2026-04-18 17:44:06.803076,430.64651924918917,credit,0
2026-04-18 17:45:06.803076,708.0954054692761,credit,0
2026-04-18 17:46:06.803076,662.6389042684976,debit,0
2026-04-18 17:47:06.803076,380.1778108222334,debit,0
2026-04-18 17:48:06.803076,365.2901862430671,credit,0
2026-04-18 17:49:06.803076,445.26519916575455,credit,0
2026-04-18 17:50:06.803076,100000.0,debit,1
2026-04-18 17:51:06.803076,473.31276583866077,debit,0
2026-04-18 17:52:06.803076,645.5462402684634,credit,0
2026-04-18 17:53:06.803076,310.2636941640433,debit,0
2026-04-18 17:54:06.803076,597.7834428099918,debit,0
2026-04-18 17:55:06.803076,272.6580515514512,debit,0
2026-04-18 17:56:06.803076,672.8777482464693,debit,0
2026-04-18 17:57:06.803076,535.4118802282132,credit,0
2026-04-18 17:58:06.803076,100000.0,credit,1
2026-04-18 17:59:06.803076,679.7907074098772,credit,0
2026-04-18 18:00:06.803076,141.99673556777867,debit,0
2026-04-18 18:01:06.803076,556.3671094436294,debit,0
2026-04-18 18:02:06.803076,150000.0,credit,1
2026-04-18 18:03:06.803076,750.1458381086405,credit,0
2026-04-18 18:04:06.803076,538.6870994744708,debit,0
2026-04-18 18:05:06.803076,805.9185737843595,debit,0
2026-04-18 18:06:06.803076,236.97088073231737,debit,0
2026-04-18 18:07:06.803076,226.39205219010364,credit,0
2026-04-18 18:08:06.803076,774.6196017606139,debit,0
2026-04-18 18:09:06.803076,691.8957491788731,credit,0
2026-04-18 18:10:06.803076,522.5263354304286,debit,0
2026-04-18 18:11:06.803076,852.0720333302163,debit,0
2026-04-18 18:12:06.803076,639.6865833291051,credit,0
2026-04-18 18:13:06.803076,650.9162465061247,credit,0
2026-04-18 18:14:06.803076,473.3689525603626,debit,0
2026-04-18 18:15:06.803076,855.1663657245609,debit,0
2026-04-18 18:16:06.803076,364.2713310882201,debit,0
2026-04-18 18:17:06.803076,426.80520660280985,debit,0
2026-04-18 18:18:06.803076,429.25818042023144,debit,0
2026-04-18 18:19:06.803076,758.6981377933173,debit,0
2026-04-18 18:20:06.803076,843.9308023307708,credit,0
2026-04-18 18:21:06.803076,545.9002010734348,credit,0
2026-04-18 18:22:06.803076,438.40498627412165,debit,0
2026-04-18 18:23:06.803076,399.3130254763645,debit,0
2026-04-18 18:24:06.803076,517.8294251990707,debit,0
2026-04-18 18:25:06.803076,773.1873612021866,debit,0
2026-04-18 18:26:06.803076,384.3715706316004,credit,0
2026-04-18 18:27:06.803076,616.0858519271661,credit,0
2026-04-18 18:28:06.803076,147.32939705212573,credit,0
2026-04-18 18:29:06.803076,784.0147661603992,credit,0
2026-04-18 18:30:06.803076,375.1443359750323,credit,0
2026-04-18 18:31:06.803076,641.1138644016853,debit,0
2026-04-18 18:32:06.803076,276.23890497639167,credit,0
2026-04-18 18:33:06.803076,463.8872071812749,credit,0
2026-04-18 18:34:06.803076,686.3983157365437,debit,0
2026-04-18 18:35:06.803076,744.9967443294261,credit,0
2026-04-18 18:36:06.803076,596.0775192251888,credit,0
2026-04-18 18:37:06.803076,229.45096331625126,debit,0
2026-04-18 18:38:06.803076,401.28556938972304,credit,0
2026-04-18 18:39:06.803076,579.119450559152,credit,0
2026-04-18 18:40:06.803076,799.8065382991355,credit,0
2026-04-18 18:41:06.803076,872.531504378881,credit,0
2026-04-18 18:42:06.803076,1019.195386940427,debit,0
2026-04-18 18:43:06.803076,390.31539904708234,credit,0
2026-04-18 18:44:06.803076,555.472860193123,credit,0
2026-04-18 18:45:06.803076,606.7734136827825,credit,0
2026-04-18 18:46:06.803076,299.49591001751173,credit,0
2026-04-18 18:47:06.803076,481.56937099864825,credit,0
2026-04-18 18:48:06.803076,385.46011087594115,debit,0
2026-04-18 18:49:06.803076,150000.0,credit,1
2026-04-18 18:50:06.803076,568.4769987775167,debit,0
2026-04-18 18:51:06.803076,50.0,credit,0
2026-04-18 18:52:06.803076,527.7489500865138,debit,0
2026-04-18 18:53:06.803076,545.0227544485768,debit,0
2026-04-18 18:54:06.803076,383.0009436787114,credit,0
2026-04-18 18:55:06.803076,515.7722330471728,debit,0
2026-04-18 18:56:06.803076,80000.0,credit,1
2026-04-18 18:57:06.803076,597.2151815224097,credit,0
2026-04-18 18:58:06.803076,360.1160827018315,credit,0
2026-04-18 18:59:06.803076,410.23548802468696,credit,0
2026-04-18 19:00:06.803076,150000.0,debit,1
2026-04-18 19:01:06.803076,687.1494864267527,credit,0
2026-04-18 19:02:06.803076,317.1023281741707,credit,0
2026-04-18 19:03:06.803076,563.6814303040483,debit,0
2026-04-18 19:04:06.803076,80000.0,debit,1
2026-04-18 19:05:06.803076,503.74157886974155,credit,0
2026-04-18 19:06:06.803076,572.6462811998998,credit,0
2026-04-18 19:07:06.803076,324.4342531167314,debit,0
2026-04-18 19:08:06.803076,522.7595639306437,credit,0
2026-04-18 19:09:06.803076,438.0587323493748,credit,0
2026-04-18 19:10:06.803076,111.63490160235335,credit,0
2026-04-18 19:11:06.803076,627.067877514784,debit,0
2026-04-18 19:12:06.803076,693.112872175157,credit,0
2026-04-18 19:13:06.803076,738.0355459994331,credit,0
2026-04-18 19:14:06.803076,272.04003835579033,credit,0
2026-04-18 19:15:06.803076,539.4311062947238,credit,0
2026-04-18 19:16:06.803076,474.35897144831114,debit,0
2026-04-18 19:17:06.803076,228.4218318227696,credit,0
2026-04-18 19:18:06.803076,411.69626548181134,credit,0
2026-04-18 19:19:06.803076,367.30218467696693,debit,0
2026-04-18 19:20:06.803076,794.416520413879,debit,0
2026-04-18 19:21:06.803076,420.0007906836617,debit,0
2026-04-18 19:22:06.803076,352.90315985575705,debit,0
2026-04-18 19:23:06.803076,772.7543521441942,debit,0
2026-04-18 19:24:06.803076,512.1337217220217,credit,0
2026-04-18 19:25:06.803076,456.34172065894495,debit,0
2026-04-18 19:26:06.803076,641.5493287679718,credit,0
2026-04-18 19:27:06.803076,607.4099876335515,credit,0
2026-04-18 19:28:06.803076,545.6381173204821,credit,0
2026-04-18 19:29:06.803076,340.68646716879357,credit,0
2026-04-18 19:30:06.803076,415.29085299391915,debit,0
2026-04-18 19:31:06.803076,507.2629985910977,debit,0
2026-04-18 19:32:06.803076,764.0795794810992,debit,0
2026-04-18 19:33:06.803076,839.0998761769907,credit,0
2026-04-18 19:34:06.803076,341.5584768241592,debit,0
2026-04-18 19:35:06.803076,419.4549294210257,credit,0
2026-04-18 19:36:06.803076,379.1188939963199,credit,0
2026-04-18 19:37:06.803076,616.4024140502967,debit,0
2026-04-18 19:38:06.803076,725.4817677241457,credit,0
2026-04-18 19:39:06.803076,613.3303180535082,debit,0
2026-04-18 19:40:06.803076,80000.0,credit,1
2026-04-18 19:41:06.803076,330.2061362944189,debit,0
2026-04-18 19:42:06.803076,712.3011322228978,credit,0
2026-04-18 19:43:06.803076,701.3950298702063,credit,0
2026-04-18 19:44:06.803076,683.5622377853888,debit,0
2026-04-18 19:45:06.803076,470.2855781283639,credit,0
2026-04-18 19:46:06.803076,521.3811240079881,debit,0
2026-04-18 19:47:06.803076,174.71693803121957,credit,0
2026-04-18 19:48:06.803076,100000.0,debit,1
2026-04-18 19:49:06.803076,621.2970509236684,credit,0
2026-04-18 19:50:06.803076,80000.0,credit,1
2026-04-18 19:51:06.803076,150000.0,debit,1
2026-04-18 19:52:06.803076,359.6289415613611,credit,0
2026-04-18 19:53:06.803076,308.17579329368186,debit,0
2026-04-18 19:54:06.803076,555.2942891841584,credit,0
2026-04-18 19:55:06.803076,823.169643259718,debit,0
2026-04-18 19:56:06.803076,373.97016732379836,debit,0
2026-04-18 19:57:06.803076,502.24681807990436,credit,0
2026-04-18 19:58:06.803076,667.197006933615,debit,0
2026-04-18 19:59:06.803076,552.5491074362033,debit,0
2026-04-18 20:00:06.803076,672.1016736853264,credit,0
2026-04-18 20:01:06.803076,334.467072171013,credit,0
2026-04-18 20:02:06.803076,503.1046071633958,credit,0
2026-04-18 20:03:06.803076,860.2269648619424,debit,0
2026-04-18 20:04:06.803076,796.0951977848163,credit,0
2026-04-18 20:05:06.803076,76.32964331227157,debit,0
2026-04-18 20:06:06.803076,474.4920763838475,debit,0
2026-04-18 20:07:06.803076,100000.0,debit,1
2026-04-18 20:08:06.803076,482.25386434253124,debit,0
2026-04-18 20:09:06.803076,53.30794671804347,credit,0
2026-04-18 20:10:06.803076,401.25637148728566,debit,0
2026-04-18 20:11:06.803076,226.0893805846922,credit,0
2026-04-18 20:12:06.803076,618.5939774710099,credit,0
2026-04-18 20:13:06.803076,634.5839094833857,credit,0
2026-04-18 20:14:06.803076,515.5533789058557,debit,0
2026-04-18 20:15:06.803076,266.48126173429984,debit,0
2026-04-18 20:16:06.803076,1083.343237397184,credit,0
2026-04-18 20:17:06.803076,386.95936420938176,credit,0
2026-04-18 20:18:06.803076,558.4066815326581,debit,0
2026-04-18 20:19:06.803076,348.3526347037026,debit,0
2026-04-18 20:20:06.803076,598.0788757386293,credit,0
2026-04-18 20:21:06.803076,623.9807057618456,credit,0
2026-04-18 20:22:06.803076,256.1171825151536,debit,0
2026-04-18 20:23:06.803076,100000.0,credit,1
2026-04-18 20:24:06.803076,632.1721221177169,credit,0
2026-04-18 20:25:06.803076,501.0819310698402,debit,0
2026-04-18 20:26:06.803076,404.0099869181288,credit,0
2026-04-18 20:27:06.803076,424.350479694034,debit,0
2026-04-18 20:28:06.803076,569.5817777175879,debit,0
2026-04-18 20:29:06.803076,531.8254854139665,credit,0
2026-04-18 20:30:06.803076,379.87603112310376,credit,0
2026-04-18 20:31:06.803076,594.7231077759252,credit,0
2026-04-18 20:32:06.803076,297.40511832040477,debit,0
2026-04-18 20:33:06.803076,632.2141492426799,debit,0
2026-04-18 20:34:06.803076,433.0769205082076,credit,0
2026-04-18 20:35:06.803076,287.43807048143765,debit,0
2026-04-18 20:36:06.803076,366.46650445909506,debit,0
2026-04-18 20:37:06.803076,679.0280481143545,debit,0
2026-04-18 20:38:06.803076,482.0351581837841,debit,0
2026-04-18 20:39:06.803076,211.3581278095943,credit,0
2026-04-18 20:40:06.803076,388.927440243824,debit,0
2026-04-18 20:41:06.803076,751.6014883036034,debit,0
2026-04-18 20:42:06.803076,657.2935890521586,credit,0
2026-04-18 20:43:06.803076,489.13126448788194,debit,0
2026-04-18 20:44:06.803076,675.8410867830621,debit,0
2026-04-18 20:45:06.803076,534.4804540357546,credit,0
2026-04-18 20:46:06.803076,802.0209353744401,credit,0
2026-04-18 20:47:06.803076,390.6371800668498,credit,0
2026-04-18 20:48:06.803076,592.8739816481186,credit,0
2026-04-18 20:49:06.803076,139.3745608944722,credit,0
2026-04-18 20:50:06.803076,663.9376525327355,debit,0
2026-04-18 20:51:06.803076,150000.0,credit,1
2026-04-18 20:52:06.803076,541.5592868904691,credit,0
2026-04-18 20:53:06.803076,454.9942270187189,debit,0
2026-04-18 20:54:06.803076,345.0134553674286,credit,0
2026-04-18 20:55:06.803076,753.6435157385886,debit,0
2026-04-18 20:56:06.803076,466.4671941539196,debit,0
2026-04-18 20:57:06.803076,188.91201236972222,credit,0
2026-04-18 20:58:06.803076,598.926050753398,debit,0
2026-04-18 20:59:06.803076,226.02361472618463,credit,0
2026-04-18 21:00:06.803076,811.6559692821996,credit,0
2026-04-18 21:01:06.803076,474.8173501863002,credit,0
2026-04-18 21:02:06.803076,576.024404642024,debit,0
2026-04-18 21:03:06.803076,709.7705607996157,credit,0
2026-04-18 21:04:06.803076,724.4079716915978,credit,0
2026-04-18 21:05:06.803076,260.1059797466413,credit,0
2026-04-18 21:06:06.803076,230.38519035088518,credit,0
2026-04-18 21:07:06.803076,409.8358979688171,credit,0
2026-04-18 21:08:06.803076,436.42471972049776,credit,0
2026-04-18 21:09:06.803076,503.32748277853494,credit,0
2026-04-18 21:10:06.803076,456.4842765967702,debit,0
2026-04-18 21:11:06.803076,530.7318976831061,debit,0
2026-04-18 21:12:06.803076,496.3136265207873,credit,0
2026-04-18 21:13:06.803076,287.8931949110452,debit,0
2026-04-18 21:14:06.803076,307.8356568557447,debit,0
2026-04-18 21:15:06.803076,199.54027982018692,credit,0
2026-04-18 21:16:06.803076,426.5730236952046,debit,0
2026-04-18 21:17:06.803076,479.4574797075795,debit,0
2026-04-18 21:18:06.803076,760.3650080468988,credit,0
2026-04-18 21:19:06.803076,494.8932471495951,debit,0
2026-04-18 21:20:06.803076,494.742219302615,credit,0
2026-04-18 21:21:06.803076,413.0655748502495,debit,0
2026-04-18 21:22:06.803076,178.38750226933615,credit,0
2026-04-18 21:23:06.803076,252.07828127897415,credit,0
2026-04-18 21:24:06.803076,292.41070876980586,debit,0
2026-04-18 21:25:06.803076,524.8673165380491,debit,0
2026-04-18 21:26:06.803076,302.52885919391747,debit,0
2026-04-18 21:27:06.803076,371.8914186328277,credit,0
2026-04-18 21:28:06.803076,194.92567916211385,debit,0
2026-04-18 21:29:06.803076,628.5602381542012,credit,0
2026-04-18 21:30:06.803076,711.4756561964965,credit,0
2026-04-18 21:31:06.803076,424.10229151115357,debit,0
2026-04-18 21:32:06.803076,96.54778085164224,credit,0
2026-04-18 21:33:06.803076,412.3002255628098,credit,0
2026-04-18 21:34:06.803076,640.3323962547883,credit,0
2026-04-18 21:35:06.803076,260.01420173314204,debit,0
2026-04-18 21:36:06.803076,513.3423031762738,credit,0
2026-04-18 21:37:06.803076,592.8937511516574,debit,0
2026-04-18 21:38:06.803076,457.78895789821553,credit,0
2026-04-18 21:39:06.803076,572.3693046190599,credit,0
2026-04-18 21:40:06.803076,543.6957455270256,credit,0
2026-04-18 21:41:06.803076,640.0558191915045,debit,0
2026-04-18 21:42:06.803076,311.7561583153684,debit,0
2026-04-18 21:43:06.803076,569.2529800195434,credit,0
2026-04-18 21:44:06.803076,463.85656463282066,debit,0
2026-04-18 21:45:06.803076,735.7478221590973,debit,0
2026-04-18 21:46:06.803076,286.1179509065283,credit,0
2026-04-18 21:47:06.803076,646.5617778864589,credit,0
2026-04-18 21:48:06.803076,208.99107613569214,debit,0
2026-04-18 21:49:06.803076,436.8163625187707,debit,0
2026-04-18 21:50:06.803076,670.5460225394645,credit,0
2026-04-18 21:51:06.803076,375.7458907580196,debit,0
2026-04-18 21:52:06.803076,170.9607392240074,debit,0
2026-04-18 21:53:06.803076,452.37723953558543,credit,0
2026-04-18 21:54:06.803076,470.67051899189534,debit,0
2026-04-18 21:55:06.803076,618.0913709766423,credit,0
2026-04-18 21:56:06.803076,553.9225699947938,debit,0
2026-04-18 21:57:06.803076,754.1201195900682,credit,0
2026-04-18 21:58:06.803076,370.14572465032546,debit,0
2026-04-18 21:59:06.803076,711.5489763206626,credit,0
2026-04-18 22:00:06.803076,895.646691500118,credit,0
2026-04-18 22:01:06.803076,655.6155200394488,credit,0
2026-04-18 22:02:06.803076,288.73070261365706,credit,0
2026-04-18 22:03:06.803076,652.4191228024893,credit,0
2026-04-18 22:04:06.803076,190.8800659521316,debit,0
2026-04-18 22:05:06.803076,637.4567522264884,debit,0
2026-04-18 22:06:06.803076,764.8141164022481,debit,0
2026-04-18 22:07:06.803076,767.0882494976363,debit,0
2026-04-18 22:08:06.803076,508.6174570324757,debit,0
2026-04-18 22:09:06.803076,419.8315704790664,debit,0
2026-04-18 22:10:06.803076,619.6918109459814,credit,0
2026-04-18 22:11:06.803076,300.0316017990979,debit,0
2026-04-18 22:12:06.803076,452.74448757847483,credit,0
2026-04-18 22:13:06.803076,552.9774039916288,credit,0
2026-04-18 22:14:06.803076,583.4799428299532,credit,0
2026-04-18 22:15:06.803076,467.24332793594573,debit,0
2026-04-18 22:16:06.803076,591.7431280662647,debit,0
2026-04-18 22:17:06.803076,296.1207785002257,debit,0
2026-04-18 22:18:06.803076,669.3904783635962,debit,0
2026-04-18 22:19:06.803076,404.996566635274,debit,0
2026-04-18 22:20:06.803076,642.4023207953668,debit,0
2026-04-18 22:21:06.803076,364.22139751909083,debit,0
2026-04-18 22:22:06.803076,744.1677888105153,debit,0
2026-04-18 22:23:06.803076,909.6531716777756,debit,0
2026-04-18 22:24:06.803076,150000.0,credit,1
2026-04-18 22:25:06.803076,835.3655913236023,credit,0
2026-04-18 22:26:06.803076,363.9806621536735,credit,0
2026-04-18 22:27:06.803076,369.55838873892696,credit,0
2026-04-18 22:28:06.803076,303.84586752125983,credit,0
2026-04-18 22:29:06.803076,615.4508288052679,debit,0
2026-04-18 22:30:06.803076,556.3294437516522,credit,0
2026-04-18 22:31:06.803076,361.2042303625118,credit,0
2026-04-18 22:32:06.803076,161.55517710827445,credit,0
2026-04-18 22:33:06.803076,678.2346747956426,debit,0
2026-04-18 22:34:06.803076,760.4189520425823,credit,0
2026-04-18 22:35:06.803076,527.9591278926124,debit,0
2026-04-18 22:36:06.803076,1165.0749388611594,debit,0
2026-04-18 22:37:06.803076,357.1253870894243,debit,0
2026-04-18 22:38:06.803076,710.3665845702894,debit,0
2026-04-18 22:39:06.803076,990.6893747080928,credit,0
2026-04-18 22:40:06.803076,150000.0,credit,1
2026-04-18 22:41:06.803076,639.5026426747261,debit,0
2026-04-18 22:42:06.803076,665.5131723145801,debit,0
2026-04-18 22:43:06.803076,739.1908648325033,credit,0
2026-04-18 22:44:06.803076,502.2435403482672,credit,0
2026-04-18 22:45:06.803076,447.9785570935831,debit,0
2026-04-18 22:46:06.803076,695.236492023131,credit,0
2026-04-18 22:47:06.803076,792.1445436236017,credit,0
2026-04-18 22:48:06.803076,577.4263115122637,credit,0
2026-04-18 22:49:06.803076,708.4234343183955,credit,0
2026-04-18 22:50:06.803076,697.5528750921662,debit,0
2026-04-18 22:51:06.803076,457.34653287070756,debit,0
2026-04-18 22:52:06.803076,735.6206709861016,credit,0
2026-04-18 22:53:06.803076,684.2471580413858,credit,0
2026-04-18 22:54:06.803076,544.8211961269394,debit,0
2026-04-18 22:55:06.803076,148.42477495151633,debit,0
2026-04-18 22:56:06.803076,855.2425204725762,credit,0
2026-04-18 22:57:06.803076,364.02748388406854,debit,0
2026-04-18 22:58:06.803076,454.06896898067816,debit,0
2026-04-18 22:59:06.803076,541.6145462638659,credit,0
2026-04-18 23:00:06.803076,414.1481210783649,credit,0
2026-04-18 23:01:06.803076,633.8486177284926,credit,0
2026-04-18 23:02:06.803076,533.1390236961561,debit,0
2026-04-18 23:03:06.803076,597.2863570913132,debit,0
2026-04-18 23:04:06.803076,267.5476079354827,debit,0
2026-04-18 23:05:06.803076,1005.9362784699638,credit,0
2026-04-18 23:06:06.803076,712.8051143932128,debit,0
2026-04-18 23:07:06.803076,392.7775631220507,credit,0
2026-04-18 23:08:06.803076,656.9927643069291,debit,0
2026-04-18 23:09:06.803076,385.2052880755483,debit,0
2026-04-18 23:10:06.803076,80000.0,credit,1
2026-04-18 23:11:06.803076,311.50689028243585,credit,0
2026-04-18 23:12:06.803076,150000.0,debit,1
2026-04-18 23:13:06.803076,878.2001059415925,credit,0
2026-04-18 23:14:06.803076,264.44245319917786,debit,0
2026-04-18 23:15:06.803076,674.9337936193534,credit,0
2026-04-18 23:16:06.803076,366.4086140500691,credit,0
2026-04-18 23:17:06.803076,584.7941416910833,debit,0
2026-04-18 23:18:06.803076,468.93270762432775,credit,0
2026-04-18 23:19:06.803076,100000.0,credit,1
2026-04-18 23:20:06.803076,664.3608665401505,debit,0
2026-04-18 23:21:06.803076,217.50233358548428,debit,0
2026-04-18 23:22:06.803076,633.1748509920653,credit,0
2026-04-18 23:23:06.803076,266.9494594622884,credit,0
2026-04-18 23:24:06.803076,654.8699278620309,credit,0
2026-04-18 23:25:06.803076,639.5898924923376,debit,0
2026-04-18 23:26:06.803076,711.4056125282045,debit,0
2026-04-18 23:27:06.803076,732.1741906533266,credit,0
2026-04-18 23:28:06.803076,250.01172343918378,debit,0
2026-04-18 23:29:06.803076,519.7233711553903,credit,0
2026-04-18 23:30:06.803076,524.0136029163017,credit,0
2026-04-18 23:31:06.803076,204.91993314551115,credit,0
2026-04-18 23:32:06.803076,687.716490632396,credit,0
2026-04-18 23:33:06.803076,765.2946203436428,debit,0
2026-04-18 23:34:06.803076,80000.0,debit,1
2026-04-18 23:35:06.803076,843.7671594240895,credit,0
2026-04-18 23:36:06.803076,511.3566433568142,credit,0
2026-04-18 23:37:06.803076,585.9572476625773,debit,0
2026-04-18 23:38:06.803076,297.37298736950095,debit,0
2026-04-18 23:39:06.803076,625.3861230634924,credit,0
2026-04-18 23:40:06.803076,498.9674115791305,credit,0
2026-04-18 23:41:06.803076,457.8886732645102,credit,0
2026-04-18 23:42:06.803076,523.6896861007602,debit,0
2026-04-18 23:43:06.803076,627.4116135453518,credit,0
2026-04-18 23:44:06.803076,841.357274646831,debit,0
2026-04-18 23:45:06.803076,775.6969044417726,debit,0
2026-04-18 23:46:06.803076,706.6552117792733,credit,0
2026-04-18 23:47:06.803076,223.93737661521402,debit,0
2026-04-18 23:48:06.803076,322.8005586857539,credit,0
2026-04-18 23:49:06.803076,397.4896130160938,credit,0
2026-04-18 23:50:06.803076,705.3484911672388,credit,0
2026-04-18 23:51:06.803076,639.853444921269,debit,0
2026-04-18 23:52:06.803076,878.0103432843781,debit,0
2026-04-18 23:53:06.803076,306.26532778501723,credit,0
2026-04-18 23:54:06.803076,729.7583236155336,debit,0
2026-04-18 23:55:06.803076,453.73557363374425,debit,0
2026-04-18 23:56:06.803076,654.6890180068322,credit,0
2026-04-18 23:57:06.803076,246.85965021143707,debit,0
2026-04-18 23:58:06.803076,50.0,credit,0
2026-04-18 23:59:06.803076,264.668643317195,debit,0
2026-04-19 00:00:06.803076,520.198562135143,credit,0
2026-04-19 00:01:06.803076,90.51650770314774,debit,0
2026-04-19 00:02:06.803076,293.25608093530343,credit,0
2026-04-19 00:03:06.803076,150000.0,debit,1
2026-04-19 00:04:06.803076,341.507640645416,debit,0
2026-04-19 00:05:06.803076,547.6789529682501,debit,0
2026-04-19 00:06:06.803076,713.2592301420509,credit,0
2026-04-19 00:07:06.803076,383.0871445627665,credit,0
2026-04-19 00:08:06.803076,545.0013277065609,credit,0
2026-04-19 00:09:06.803076,80000.0,debit,1
2026-04-19 00:10:06.803076,50.0,debit,0
2026-04-19 00:11:06.803076,281.52641016243956,credit,0
2026-04-19 00:12:06.803076,433.19763019793993,debit,0
2026-04-19 00:13:06.803076,569.5342372815627,debit,0
2026-04-19 00:14:06.803076,528.2885945965062,credit,0
2026-04-19 00:15:06.803076,534.6055051720688,credit,0
2026-04-19 00:16:06.803076,163.45060323553696,debit,0
2026-04-19 00:17:06.803076,515.0927495880228,debit,0
2026-04-19 00:18:06.803076,283.47390955547553,credit,0
2026-04-19 00:19:06.803076,371.04517272204555,debit,0
2026-04-19 00:20:06.803076,601.3907118826492,debit,0
2026-04-19 00:21:06.803076,356.941850195101,credit,0
2026-04-19 00:22:06.803076,50.0,debit,0
2026-04-19 00:23:06.803076,150000.0,credit,1
2026-04-19 00:24:06.803076,271.3604433620375,debit,0
2026-04-19 00:25:06.803076,560.9968448193266,debit,0
2026-04-19 00:26:06.803076,624.8928279616358,credit,0
2026-04-19 00:27:06.803076,601.9003165487601,debit,0
2026-04-19 00:28:06.803076,814.5380128568547,credit,0
2026-04-19 00:29:06.803076,524.0287278448318,debit,0
2026-04-19 00:30:06.803076,100000.0,credit,1
2026-04-19 00:31:06.803076,1036.0018798595404,debit,0
2026-04-19 00:32:06.803076,346.57588332042644,credit,0
2026-04-19 00:33:06.803076,918.5571918851222,credit,0
2026-04-19 00:34:06.803076,150000.0,credit,1
2026-04-19 00:35:06.803076,588.8099975462046,debit,0
2026-04-19 00:36:06.803076,617.6941772871281,debit,0
2026-04-19 00:37:06.803076,550.8552609016399,debit,0
2026-04-19 00:38:06.803076,164.37887731907495,credit,0
2026-04-19 00:39:06.803076,481.0076844562697,credit,0
2026-04-19 00:40:06.803076,771.9050692236716,debit,0
2026-04-19 00:41:06.803076,530.9215383136626,debit,0
2026-04-19 00:42:06.803076,477.1432118653495,debit,0
2026-04-19 00:43:06.803076,226.5497837979011,debit,0
2026-04-19 00:44:06.803076,609.1873897533928,credit,0
2026-04-19 00:45:06.803076,1033.7691834232496,credit,0
2026-04-19 00:46:06.803076,80000.0,debit,1
2026-04-19 00:47:06.803076,196.40765587669148,credit,0
2026-04-19 00:48:06.803076,335.2349446145556,debit,0
2026-04-19 00:49:06.803076,444.58342023981737,debit,0
2026-04-19 00:50:06.803076,385.54937123339573,debit,0
2026-04-19 00:51:06.803076,260.91858639745146,debit,0
2026-04-19 00:52:06.803076,447.99543469296304,credit,0
2026-04-19 00:53:06.803076,413.1587188783244,credit,0
2026-04-19 00:54:06.803076,390.2796965337464,debit,0
2026-04-19 00:55:06.803076,490.13654727168426,credit,0
2026-04-19 00:56:06.803076,561.4543395835911,credit,0
2026-04-19 00:57:06.803076,434.27624852306684,credit,0
2026-04-19 00:58:06.803076,593.4839627892097,credit,0
2026-04-19 00:59:06.803076,439.80635611561485,debit,0
2026-04-19 01:00:06.803076,973.3470361469901,credit,0
2026-04-19 01:01:06.803076,620.1625882324616,debit,0
2026-04-19 01:02:06.803076,651.6272771867543,credit,0
2026-04-19 01:03:06.803076,759.2630722690735,debit,0
2026-04-19 01:04:06.803076,470.1854284084101,credit,0
2026-04-19 01:05:06.803076,677.4268210141776,debit,0
2026-04-19 01:06:06.803076,475.8545551205668,debit,0
2026-04-19 01:07:06.803076,538.1582734559564,debit,0
2026-04-19 01:08:06.803076,602.1776586120116,credit,0
2026-04-19 01:09:06.803076,405.9062251779702,credit,0
2026-04-19 01:10:06.803076,306.8653640631661,debit,0
2026-04-19 01:11:06.803076,540.5933675569588,debit,0
2026-04-19 01:12:06.803076,623.9896957651615,debit,0
2026-04-19 01:13:06.803076,338.83291998287933,credit,0
2026-04-19 01:14:06.803076,537.7939811417834,debit,0
2026-04-19 01:15:06.803076,364.2851405378905,debit,0
2026-04-19 01:16:06.803076,479.79948407943857,credit,0
2026-04-19 01:17:06.803076,641.8584374390985,credit,0
2026-04-19 01:18:06.803076,718.9794113482253,debit,0
2026-04-19 01:19:06.803076,445.8854537074606,credit,0
2026-04-19 01:20:06.803076,315.90751896873513,debit,0
2026-04-19 01:21:06.803076,139.55709091962012,debit,0
2026-04-19 01:22:06.803076,673.8283963890242,debit,0
2026-04-19 01:23:06.803076,686.1706872712725,credit,0
2026-04-19 01:24:06.803076,558.2595782463417,debit,0
2026-04-19 01:25:06.803076,395.4766995969293,debit,0
2026-04-19 01:26:06.803076,177.6439859715993,debit,0
2026-04-19 01:27:06.803076,527.4485219411114,debit,0
2026-04-19 01:28:06.803076,501.3414192650022,debit,0
2026-04-19 01:29:06.803076,630.2051122992868,debit,0
2026-04-19 01:30:06.803076,438.5475010281658,credit,0
2026-04-19 01:31:06.803076,368.78780891634057,credit,0
2026-04-19 01:32:06.803076,585.6631764608592,debit,0
2026-04-19 01:33:06.803076,367.7331278531601,credit,0
2026-04-19 01:34:06.803076,435.45018924162133,credit,0
2026-04-19 01:35:06.803076,455.2794414297721,credit,0
2026-04-19 01:36:06.803076,506.10561479875105,debit,0
2026-04-19 01:37:06.803076,467.50625222006613,credit,0
2026-04-19 01:38:06.803076,601.0886474376533,debit,0
2026-04-19 01:39:06.803076,150000.0,credit,1
2026-04-19 01:40:06.803076,676.0911670580542,credit,0
2026-04-19 01:41:06.803076,738.4746565786754,credit,0
2026-04-19 01:42:06.803076,489.2195303476175,credit,0
2026-04-19 01:43:06.803076,588.0718930844515,credit,0
2026-04-19 01:44:06.803076,449.06532753412006,debit,0
2026-04-19 01:45:06.803076,304.67619967149494,credit,0
2026-04-19 01:46:06.803076,658.145990115319,debit,0
2026-04-19 01:47:06.803076,600.7764927734079,debit,0
2026-04-19 01:48:06.803076,228.993341431631,debit,0
2026-04-19 01:49:06.803076,612.1038630575932,credit,0
2026-04-19 01:50:06.803076,150000.0,debit,1
2026-04-19 01:51:06.803076,608.2157508617433,debit,0
2026-04-19 01:52:06.803076,343.54401716697237,debit,0
2026-04-19 01:53:06.803076,747.1831285693904,credit,0
2026-04-19 01:54:06.803076,630.9974031528552,debit,0
2026-04-19 01:55:06.803076,671.7114400223381,credit,0
2026-04-19 01:56:06.803076,585.8381508990215,debit,0
2026-04-19 01:57:06.803076,321.87551874388237,credit,0
2026-04-19 01:58:06.803076,473.62680455358844,credit,0
2026-04-19 01:59:06.803076,119.33485092534539,credit,0
2026-04-19 02:00:06.803076,768.5440492927041,credit,0
2026-04-19 02:01:06.803076,433.2714603438284,debit,0
2026-04-19 02:02:06.803076,522.6190907415544,debit,0
2026-04-19 02:03:06.803076,704.6371873427287,debit,0
2026-04-19 02:04:06.803076,417.37378073904677,debit,0
2026-04-19 02:05:06.803076,624.2547226793955,credit,0
2026-04-19 02:06:06.803076,480.6736943126801,debit,0
2026-04-19 02:07:06.803076,429.0758767215194,debit,0
2026-04-19 02:08:06.803076,522.0098884820576,credit,0
2026-04-19 02:09:06.803076,552.6165104215855,credit,0
2026-04-19 02:10:06.803076,486.11089235268554,debit,0
2026-04-19 02:11:06.803076,617.7886362450079,debit,0
2026-04-19 02:12:06.803076,324.41826639258727,credit,0
2026-04-19 02:13:06.803076,568.3948472415583,debit,0
2026-04-19 02:14:06.803076,286.8427710092225,debit,0
2026-04-19 02:15:06.803076,486.71465820038185,credit,0
2026-04-19 02:16:06.803076,411.74717239399524,credit,0
2026-04-19 02:17:06.803076,695.7019462463016,credit,0
2026-04-19 02:18:06.803076,484.91246893064397,debit,0
2026-04-19 02:19:06.803076,590.4438298672234,debit,0
2026-04-19 02:20:06.803076,715.0949565161686,credit,0
2026-04-19 02:21:06.803076,483.0877271303683,credit,0
2026-04-19 02:22:06.803076,635.3349127279705,credit,0
2026-04-19 02:23:06.803076,723.3682950680246,debit,0
2026-04-19 02:24:06.803076,561.6661673834906,debit,0
2026-04-19 02:25:06.803076,329.1222674695395,credit,0
2026-04-19 02:26:06.803076,496.79654775814595,credit,0
2026-04-19 02:27:06.803076,363.7663499954037,credit,0
2026-04-19 02:28:06.803076,550.1353921258826,debit,0
2026-04-19 02:29:06.803076,1087.5947257815083,credit,0
2026-04-19 02:30:06.803076,774.8288954271873,debit,0
2026-04-19 02:31:06.803076,723.8567362711927,credit,0
2026-04-19 02:32:06.803076,444.5123490681978,debit,0
2026-04-19 02:33:06.803076,450.9014234810795,credit,0
2026-04-19 02:34:06.803076,150000.0,credit,1
2026-04-19 02:35:06.803076,512.4293252318784,credit,0
2026-04-19 02:36:06.803076,396.9703233310372,credit,0
2026-04-19 02:37:06.803076,637.5070530035617,credit,0
2026-04-19 02:38:06.803076,544.2835854810414,debit,0
2026-04-19 02:39:06.803076,435.77997052155007,credit,0
2026-04-19 02:40:06.803076,150000.0,credit,1
2026-04-19 02:41:06.803076,427.2802214700498,debit,0
2026-04-19 02:42:06.803076,515.0655951518297,debit,0
2026-04-19 02:43:06.803076,237.404479857428,credit,0
2026-04-19 02:44:06.803076,462.206106554201,credit,0
2026-04-19 02:45:06.803076,287.5585805519748,credit,0
2026-04-19 02:46:06.803076,817.1382468358827,debit,0
2026-04-19 02:47:06.803076,553.026055967212,debit,0
2026-04-19 02:48:06.803076,359.0426433828578,debit,0
2026-04-19 02:49:06.803076,100000.0,credit,1
2026-04-19 02:50:06.803076,316.52911234130426,credit,0
2026-04-19 02:51:06.803076,80000.0,credit,1
2026-04-19 02:52:06.803076,295.4607247105645,debit,0
2026-04-19 02:53:06.803076,64.7229615904285,credit,0
2026-04-19 02:54:06.803076,671.1851209572338,debit,0
2026-04-19 02:55:06.803076,403.06292913750303,credit,0
2026-04-19 02:56:06.803076,763.94684890282,debit,0
2026-04-19 02:57:06.803076,393.32422573731515,credit,0
2026-04-19 02:58:06.803076,103.02417695278916,credit,0
2026-04-19 02:59:06.803076,558.831184483004,credit,0
2026-04-19 03:00:06.803076,723.7181646626674,debit,0
2026-04-19 03:01:06.803076,690.5514391612194,debit,0
2026-04-19 03:02:06.803076,373.81404262801516,debit,0
2026-04-19 03:03:06.803076,667.4734690890214,credit,0
2026-04-19 03:04:06.803076,227.80778932450818,debit,0
2026-04-19 03:05:06.803076,711.5800157060853,debit,0
2026-04-19 03:06:06.803076,244.5671604625367,credit,0
2026-04-19 03:07:06.803076,690.7896626850429,credit,0
2026-04-19 03:08:06.803076,518.8230659534149,credit,0
2026-04-19 03:09:06.803076,547.965528761086,debit,0
2026-04-19 03:10:06.803076,491.1131357307691,credit,0
2026-04-19 03:11:06.803076,695.5785285825953,debit,0
2026-04-19 03:12:06.803076,367.44296934505473,credit,0
2026-04-19 03:13:06.803076,293.98160504674894,debit,0
2026-04-19 03:14:06.803076,669.2207017723491,debit,0
2026-04-19 03:15:06.803076,576.232969024467,credit,0
2026-04-19 03:16:06.803076,439.89311066448244,credit,0
2026-04-19 03:17:06.803076,596.2703049195646,credit,0
2026-04-19 03:18:06.803076,406.41922413031944,debit,0
2026-04-19 03:19:06.803076,768.9200482974685,debit,0
2026-04-19 03:20:06.803076,835.4936265130739,debit,0
2026-04-19 03:21:06.803076,522.4691567156416,debit,0
2026-04-19 03:22:06.803076,644.2149282899898,credit,0
2026-04-19 03:23:06.803076,609.5233702927309,debit,0
2026-04-19 03:24:06.803076,439.79556534179864,debit,0
2026-04-19 03:25:06.803076,820.6711195065042,credit,0
2026-04-19 03:26:06.803076,257.05189151155673,credit,0
2026-04-19 03:27:06.803076,752.8780829174809,debit,0
2026-04-19 03:28:06.803076,519.6269028841318,credit,0
2026-04-19 03:29:06.803076,544.3785330549624,debit,0
2026-04-19 03:30:06.803076,496.3180086863738,debit,0
2026-04-19 03:31:06.803076,523.0847501718225,credit,0
2026-04-19 03:32:06.803076,528.6005784968492,debit,0
2026-04-19 03:33:06.803076,380.914812391374,credit,0
2026-04-19 03:34:06.803076,228.32801742887227,debit,0
2026-04-19 03:35:06.803076,724.2378864834543,debit,0
2026-04-19 03:36:06.803076,123.33900456057336,credit,0
2026-04-19 03:37:06.803076,479.64037584417883,debit,0
2026-04-19 03:38:06.803076,330.17722828960837,credit,0
2026-04-19 03:39:06.803076,485.76417140679547,debit,0
2026-04-19 03:40:06.803076,805.4641532853616,debit,0
2026-04-19 03:41:06.803076,338.93556623327544,debit,0
2026-04-19 03:42:06.803076,924.0946519177579,debit,0
2026-04-19 03:43:06.803076,614.5442469061084,debit,0
2026-04-19 03:44:06.803076,350.29708989002563,debit,0
2026-04-19 03:45:06.803076,526.1576263563173,credit,0
2026-04-19 03:46:06.803076,448.9252164564493,credit,0
2026-04-19 03:47:06.803076,1006.915639779857,credit,0
2026-04-19 03:48:06.803076,475.72175150187456,credit,0
2026-04-19 03:49:06.803076,882.5898553819511,credit,0
2026-04-19 03:50:06.803076,606.6948367512722,debit,0
2026-04-19 03:51:06.803076,518.1795980386232,credit,0
2026-04-19 03:52:06.803076,934.2306523469728,debit,0
2026-04-19 03:53:06.803076,80000.0,credit,1
2026-04-19 03:54:06.803076,100000.0,debit,1
2026-04-19 03:55:06.803076,613.7904538454957,debit,0
2026-04-19 03:56:06.803076,289.75992795595903,credit,0
2026-04-19 03:57:06.803076,515.6842315185502,credit,0
2026-04-19 03:58:06.803076,322.9936465574067,debit,0
2026-04-19 03:59:06.803076,415.0770660526179,credit,0
2026-04-19 04:00:06.803076,145.38513122432937,credit,0
2026-04-19 04:01:06.803076,908.6370477136136,credit,0
2026-04-19 04:02:06.803076,514.9248904842611,debit,0
2026-04-19 04:03:06.803076,466.8063323582016,credit,0
2026-04-19 04:04:06.803076,654.2466417364342,credit,0
2026-04-19 04:05:06.803076,557.0467963804723,credit,0
2026-04-19 04:06:06.803076,594.3261887509224,credit,0
2026-04-19 04:07:06.803076,544.0534952604777,debit,0
2026-04-19 04:08:06.803076,516.1835817528713,credit,0
2026-04-19 04:09:06.803076,734.3634915173657,credit,0
2026-04-19 04:10:06.803076,496.9282417108938,credit,0
2026-04-19 04:11:06.803076,550.6007229790988,debit,0
2026-04-19 04:12:06.803076,535.7435855439376,credit,0
2026-04-19 04:13:06.803076,423.7330371289261,debit,0
2026-04-19 04:14:06.803076,357.92762063610223,credit,0
2026-04-19 04:15:06.803076,928.3154406132079,credit,0
2026-04-19 04:16:06.803076,50.0,debit,0
2026-04-19 04:17:06.803076,329.0259700568859,credit,0
2026-04-19 04:18:06.803076,527.8389996742795,debit,0
2026-04-19 04:19:06.803076,459.53836097560963,debit,0
2026-04-19 04:20:06.803076,536.6236578753801,credit,0
2026-04-19 04:21:06.803076,786.000811665203,debit,0
2026-04-19 04:22:06.803076,393.101548953897,credit,0
2026-04-19 04:23:06.803076,835.337307375283,debit,0
2026-04-19 04:24:06.803076,453.14889195995863,credit,0
2026-04-19 04:25:06.803076,616.601730218293,credit,0
2026-04-19 04:26:06.803076,146.79022451473156,debit,0
2026-04-19 04:27:06.803076,164.4843939576674,debit,0
2026-04-19 04:28:06.803076,876.852162909617,credit,0
2026-04-19 04:29:06.803076,425.2052400723418,debit,0
2026-04-19 04:30:06.803076,376.24549969236585,debit,0
2026-04-19 04:31:06.803076,639.309349407159,debit,0
2026-04-19 04:32:06.803076,354.70851285932656,credit,0
2026-04-19 04:33:06.803076,50.0,credit,0
2026-04-19 04:34:06.803076,566.9599333308727,credit,0
2026-04-19 04:35:06.803076,323.522228070675,credit,0
2026-04-19 04:36:06.803076,402.859590126047,debit,0
2026-04-19 04:37:06.803076,396.73471733192207,credit,0
2026-04-19 04:38:06.803076,353.250202094162,debit,0
2026-04-19 04:39:06.803076,623.3865744140267,credit,0
2026-04-19 04:40:06.803076,620.1999905879213,debit,0
2026-04-19 04:41:06.803076,100000.0,credit,1
2026-04-19 04:42:06.803076,703.8566580659881,debit,0
2026-04-19 04:43:06.803076,375.5687034763031,debit,0
2026-04-19 04:44:06.803076,460.8563579132973,credit,0
2026-04-19 04:45:06.803076,164.67545647024406,debit,0
2026-04-19 04:46:06.803076,286.2977927493968,debit,0
2026-04-19 04:47:06.803076,1032.414637603593,debit,0
2026-04-19 04:48:06.803076,451.6193269663106,debit,0
2026-04-19 04:49:06.803076,54.28553295014302,credit,0
2026-04-19 04:50:06.803076,317.3293446138024,credit,0
2026-04-19 04:51:06.803076,649.8001984131959,debit,0
2026-04-19 04:52:06.803076,635.1099624053094,credit,0
2026-04-19 04:53:06.803076,697.5471352786926,debit,0
2026-04-19 04:54:06.803076,366.1131005347345,debit,0
2026-04-19 04:55:06.803076,413.6896158414407,credit,0
2026-04-19 04:56:06.803076,456.60562825011067,debit,0
2026-04-19 04:57:06.803076,510.9354681565627,debit,0
2026-04-19 04:58:06.803076,528.6491364376795,debit,0
2026-04-19 04:59:06.803076,80000.0,debit,1
2026-04-19 05:00:06.803076,288.89013936865297,credit,0
2026-04-19 05:01:06.803076,451.691981781846,credit,0
2026-04-19 05:02:06.803076,303.6317062250613,credit,0
2026-04-19 05:03:06.803076,687.1920745710061,credit,0
2026-04-19 05:04:06.803076,556.6138294176576,credit,0
2026-04-19 05:05:06.803076,878.2575125741421,credit,0
2026-04-19 05:06:06.803076,463.32257410220905,credit,0
2026-04-19 05:07:06.803076,230.2162698665328,credit,0
2026-04-19 05:08:06.803076,866.2601353032126,debit,0
2026-04-19 05:09:06.803076,321.8634303945288,credit,0
2026-04-19 05:10:06.803076,263.6466189294831,credit,0
2026-04-19 05:11:06.803076,571.7559788802525,credit,0
2026-04-19 05:12:06.803076,516.0836780013393,credit,0
2026-04-19 05:13:06.803076,142.8256215544186,credit,0
2026-04-19 05:14:06.803076,615.5538369601408,debit,0
2026-04-19 05:15:06.803076,80000.0,credit,1
2026-04-19 05:16:06.803076,504.54435663240326,debit,0
2026-04-19 05:17:06.803076,378.4517473758711,credit,0
2026-04-19 05:18:06.803076,60.91876931494346,credit,0
2026-04-19 05:19:06.803076,763.4825766480219,credit,0
2026-04-19 05:20:06.803076,546.1268292826257,credit,0
2026-04-19 05:21:06.803076,393.8646959967534,debit,0
2026-04-19 05:22:06.803076,102.26147869205619,debit,0
2026-04-19 05:23:06.803076,706.7423264258497,debit,0
2026-04-19 05:24:06.803076,588.6456663830063,debit,0
2026-04-19 05:25:06.803076,438.92053326955465,credit,0
2026-04-19 05:26:06.803076,356.7740107772028,credit,0
2026-04-19 05:27:06.803076,674.612651693949,credit,0
2026-04-19 05:28:06.803076,602.530910762883,credit,0
2026-04-19 05:29:06.803076,93.38012324882169,debit,0
2026-04-19 05:30:06.803076,407.2955635274508,debit,0
2026-04-19 05:31:06.803076,415.36028369772737,debit,0
2026-04-19 05:32:06.803076,419.04132980728104,debit,0
2026-04-19 05:33:06.803076,50.0,credit,0
2026-04-19 05:34:06.803076,302.9000232032255,debit,0
2026-04-19 05:35:06.803076,100000.0,credit,1
2026-04-19 05:36:06.803076,794.6456635057039,credit,0
2026-04-19 05:37:06.803076,508.858658357112,debit,0
2026-04-19 05:38:06.803076,293.89563588305964,credit,0
2026-04-19 05:39:06.803076,286.83714187552994,credit,0
2026-04-19 05:40:06.803076,409.5616397930507,credit,0
2026-04-19 05:41:06.803076,541.5082708072451,credit,0
2026-04-19 05:42:06.803076,483.1533956608604,credit,0
2026-04-19 05:43:06.803076,150000.0,debit,1
2026-04-19 05:44:06.803076,478.0727950751677,debit,0
2026-04-19 05:45:06.803076,586.059755316299,credit,0
2026-04-19 05:46:06.803076,573.1764721877543,credit,0
2026-04-19 05:47:06.803076,213.7746110404659,credit,0
2026-04-19 05:48:06.803076,477.05655757266436,credit,0
2026-04-19 05:49:06.803076,709.7255773738027,debit,0
2026-04-19 05:50:06.803076,391.5793216117277,credit,0
2026-04-19 05:51:06.803076,604.9094858705971,credit,0
2026-04-19 05:52:06.803076,739.8522149652758,credit,0
2026-04-19 05:53:06.803076,502.1747797074914,debit,0
2026-04-19 05:54:06.803076,480.33801104279667,debit,0
2026-04-19 05:55:06.803076,434.0181629108746,credit,0
2026-04-19 05:56:06.803076,353.60891154199146,debit,0
2026-04-19 05:57:06.803076,684.9228023062437,credit,0
2026-04-19 05:58:06.803076,862.6246114547272,credit,0
2026-04-19 05:59:06.803076,485.29141153924917,debit,0
2026-04-19 06:00:06.803076,561.0659914149414,debit,0
2026-04-19 06:01:06.803076,427.01402433555234,debit,0
2026-04-19 06:02:06.803076,532.1784454489255,debit,0
2026-04-19 06:03:06.803076,806.5642883331874,credit,0
2026-04-19 06:04:06.803076,713.6043627702393,credit,0
2026-04-19 06:05:06.803076,327.8574087101638,credit,0
2026-04-19 06:06:06.803076,789.0314696089594,credit,0
2026-04-19 06:07:06.803076,1017.8739039795064,debit,0
2026-04-19 06:08:06.803076,609.5965031957705,debit,0
2026-04-19 06:09:06.803076,723.4483615183573,debit,0
2026-04-19 06:10:06.803076,571.2204706150355,credit,0
2026-04-19 06:11:06.803076,617.5105987942593,debit,0
2026-04-19 06:12:06.803076,525.7485179287174,credit,0
2026-04-19 06:13:06.803076,641.7824528836475,credit,0
2026-04-19 06:14:06.803076,1013.1652766804631,credit,0
2026-04-19 06:15:06.803076,906.7682147769343,credit,0
2026-04-19 06:16:06.803076,516.1572948301578,debit,0
2026-04-19 06:17:06.803076,514.2314666072717,credit,0
2026-04-19 06:18:06.803076,803.5857677042811,debit,0
2026-04-19 06:19:06.803076,377.06026695447133,credit,0
2026-04-19 06:20:06.803076,515.6457157943,debit,0
2026-04-19 06:21:06.803076,452.33735012381254,credit,0
2026-04-19 06:22:06.803076,571.4825044049201,debit,0
2026-04-19 06:23:06.803076,735.6833805974027,credit,0
2026-04-19 06:24:06.803076,560.8261104491435,credit,0
2026-04-19 06:25:06.803076,852.8117018447808,debit,0
2026-04-19 06:26:06.803076,464.99115113233205,credit,0
2026-04-19 06:27:06.803076,439.7135038777599,debit,0
2026-04-19 06:28:06.803076,605.1869972055474,credit,0
2026-04-19 06:29:06.803076,472.83936543299654,credit,0
2026-04-19 06:30:06.803076,718.9318186653896,credit,0
2026-04-19 06:31:06.803076,242.15590086045535,debit,0
2026-04-19 06:32:06.803076,241.6012201896849,credit,0
2026-04-19 06:33:06.803076,345.54778828480585,debit,0
2026-04-19 06:34:06.803076,545.6059956140763,debit,0
2026-04-19 06:35:06.803076,672.1140338789183,debit,0
2026-04-19 06:36:06.803076,238.83891874478036,credit,0
2026-04-19 06:37:06.803076,558.7725155593636,debit,0
2026-04-19 06:38:06.803076,507.66963335510684,credit,0
2026-04-19 06:39:06.803076,282.52796950228657,credit,0
2026-04-19 06:40:06.803076,549.4916552353632,credit,0
2026-04-19 06:41:06.803076,554.8480609457711,credit,0
2026-04-19 06:42:06.803076,588.0390521060077,debit,0
2026-04-19 06:43:06.803076,781.2023708843255,credit,0
2026-04-19 06:44:06.803076,625.0401956603002,debit,0
2026-04-19 06:45:06.803076,663.2594055190865,credit,0
2026-04-19 06:46:06.803076,127.38406945198267,debit,0
2026-04-19 06:47:06.803076,191.9061805360431,debit,0
2026-04-19 06:48:06.803076,231.03457032242267,debit,0
2026-04-19 06:49:06.803076,606.4498275561217,credit,0
2026-04-19 06:50:06.803076,719.7088488023662,debit,0
2026-04-19 06:51:06.803076,564.2472253531482,credit,0
2026-04-19 06:52:06.803076,238.63072584564412,debit,0
2026-04-19 06:53:06.803076,562.4831623351979,debit,0
2026-04-19 06:54:06.803076,210.48534286988308,debit,0
2026-04-19 06:55:06.803076,333.10629023585176,debit,0
2026-04-19 06:56:06.803076,713.8625109611759,debit,0
2026-04-19 06:57:06.803076,490.8427797200664,debit,0
2026-04-19 06:58:06.803076,414.77478413745644,credit,0
2026-04-19 06:59:06.803076,602.4368204207816,credit,0
2026-04-19 07:00:06.803076,583.1379267302975,debit,0
2026-04-19 07:01:06.803076,150000.0,credit,1
2026-04-19 07:02:06.803076,615.7214282763475,debit,0
2026-04-19 07:03:06.803076,211.9967051301901,credit,0
2026-04-19 07:04:06.803076,556.7503358777063,debit,0
2026-04-19 07:05:06.803076,494.3815426437756,credit,0
2026-04-19 07:06:06.803076,357.4298989264364,debit,0
2026-04-19 07:07:06.803076,567.7755418876748,credit,0
2026-04-19 07:08:06.803076,596.8298887855974,credit,0
2026-04-19 07:09:06.803076,50.0,debit,0
2026-04-19 07:10:06.803076,611.7601286619505,debit,0
2026-04-19 07:11:06.803076,528.2608761784808,credit,0
2026-04-19 07:12:06.803076,234.56192190471614,credit,0
2026-04-19 07:13:06.803076,486.6294393094369,debit,0
2026-04-19 07:14:06.803076,100000.0,credit,1
2026-04-19 07:15:06.803076,502.6590258184776,credit,0
2026-04-19 07:16:06.803076,331.01233498198104,credit,0
2026-04-19 07:17:06.803076,543.133129555455,debit,0
2026-04-19 07:18:06.803076,721.2480169993233,debit,0
2026-04-19 07:19:06.803076,585.6061002446032,debit,0
2026-04-19 07:20:06.803076,543.2170224090563,debit,0
2026-04-19 07:21:06.803076,258.22051202789936,credit,0
2026-04-19 07:22:06.803076,342.276959718495,credit,0
2026-04-19 07:23:06.803076,470.25022862196363,debit,0
2026-04-19 07:24:06.803076,559.5796733529048,debit,0
2026-04-19 07:25:06.803076,727.156296970722,credit,0
2026-04-19 07:26:06.803076,435.0521217158294,credit,0
2026-04-19 07:27:06.803076,535.8879002665075,credit,0
2026-04-19 07:28:06.803076,335.9806139617449,debit,0
2026-04-19 07:29:06.803076,178.3878524524805,debit,0
2026-04-19 07:30:06.803076,100000.0,debit,1
2026-04-19 07:31:06.803076,310.1033310550322,credit,0
2026-04-19 07:32:06.803076,265.95895931716416,credit,0
2026-04-19 07:33:06.803076,717.9764628399018,credit,0
2026-04-19 07:34:06.803076,376.97219328255676,credit,0
2026-04-19 07:35:06.803076,652.5324270223712,credit,0
2026-04-19 07:36:06.803076,349.68454720406146,credit,0
2026-04-19 07:37:06.803076,381.2335952788082,debit,0
2026-04-19 07:38:06.803076,437.562341933607,debit,0
2026-04-19 07:39:06.803076,617.6444115701571,credit,0
2026-04-19 07:40:06.803076,324.79169211962807,credit,0
2026-04-19 07:41:06.803076,687.7115339547024,credit,0
2026-04-19 07:42:06.803076,707.0044618199215,debit,0
2026-04-19 07:43:06.803076,599.1775316615119,debit,0
2026-04-19 07:44:06.803076,133.3119802156413,debit,0
2026-04-19 07:45:06.803076,585.4379920274264,debit,0
2026-04-19 07:46:06.803076,508.5986097303981,debit,0
2026-04-19 07:47:06.803076,647.5195193376096,debit,0
2026-04-19 07:48:06.803076,80000.0,debit,1
2026-04-19 07:49:06.803076,726.2147760793,debit,0
2026-04-19 07:50:06.803076,432.6632327333299,credit,0
2026-04-19 07:51:06.803076,532.9771173197041,debit,0
2026-04-19 07:52:06.803076,80000.0,debit,1
2026-04-19 07:53:06.803076,348.87054479078785,debit,0
2026-04-19 07:54:06.803076,336.28414182673737,credit,0
2026-04-19 07:55:06.803076,576.5560342484408,credit,0
2026-04-19 07:56:06.803076,356.85100625134373,credit,0
2026-04-19 07:57:06.803076,100000.0,credit,1
2026-04-19 07:58:06.803076,420.5744899986129,credit,0
2026-04-19 07:59:06.803076,717.1810190390734,debit,0
2026-04-19 08:00:06.803076,586.2594544681203,debit,0
2026-04-19 08:01:06.803076,884.089943740217,debit,0
2026-04-19 08:02:06.803076,603.7645495475745,debit,0
2026-04-19 08:03:06.803076,435.45755446536623,credit,0
2026-04-19 08:04:06.803076,260.77584133587834,debit,0
2026-04-19 08:05:06.803076,697.6454292549965,debit,0
2026-04-19 08:06:06.803076,416.2748169968748,credit,0
2026-04-19 08:07:06.803076,359.2218624319767,credit,0
2026-04-19 08:08:06.803076,363.7424133894673,debit,0
2026-04-19 08:09:06.803076,623.8827449540155,debit,0
2026-04-19 08:10:06.803076,728.5804679260006,debit,0
2026-04-19 08:11:06.803076,891.3073589475532,debit,0
2026-04-19 08:12:06.803076,503.26341314121754,credit,0
2026-04-19 08:13:06.803076,584.2249248101455,debit,0
2026-04-19 08:14:06.803076,445.4902639680466,debit,0
2026-04-19 08:15:06.803076,609.2223901456877,debit,0
2026-04-19 08:16:06.803076,522.07981845708,debit,0
2026-04-19 08:17:06.803076,782.4544286991692,credit,0
2026-04-19 08:18:06.803076,635.2712258368906,credit,0
2026-04-19 08:19:06.803076,849.7150908606485,debit,0
2026-04-19 08:20:06.803076,758.2767564578598,debit,0
2026-04-19 08:21:06.803076,847.3491658692358,debit,0
2026-04-19 08:22:06.803076,449.99340110133375,debit,0
2026-04-19 08:23:06.803076,503.60233285159785,credit,0
2026-04-19 08:24:06.803076,387.6713542874711,debit,0
2026-04-19 08:25:06.803076,399.4152947167993,credit,0
2026-04-19 08:26:06.803076,420.00480843600127,credit,0
2026-04-19 08:27:06.803076,467.2504730873165,debit,0
2026-04-19 08:28:06.803076,321.17410687718683,credit,0
2026-04-19 08:29:06.803076,150.4871436110065,debit,0
2026-04-19 08:30:06.803076,365.8427262464726,credit,0
2026-04-19 08:31:06.803076,423.535100726175,credit,0
2026-04-19 08:32:06.803076,909.630476323676,debit,0
2026-04-19 08:33:06.803076,810.17607205231,credit,0
2026-04-19 08:34:06.803076,346.4649534657062,debit,0
2026-04-19 08:35:06.803076,792.7738385693397,debit,0
2026-04-19 08:36:06.803076,573.5311252759975,credit,0
2026-04-19 08:37:06.803076,484.9219958984444,credit,0
2026-04-19 08:38:06.803076,337.9028433715217,credit,0
2026-04-19 08:39:06.803076,351.5874110302415,credit,0
2026-04-19 08:40:06.803076,233.78266465386633,debit,0
2026-04-19 08:41:06.803076,550.042132630083,credit,0
2026-04-19 08:42:06.803076,725.9579867598229,debit,0
2026-04-19 08:43:06.803076,487.3167124520674,credit,0
2026-04-19 08:44:06.803076,692.1343958212198,credit,0
2026-04-19 08:45:06.803076,460.1625303813041,debit,0
2026-04-19 08:46:06.803076,395.64450509392975,credit,0
2026-04-19 08:47:06.803076,577.7507974818052,debit,0
2026-04-19 08:48:06.803076,551.863835366529,debit,0
2026-04-19 08:49:06.803076,761.7592137807696,debit,0
2026-04-19 08:50:06.803076,608.7361718717445,debit,0
2026-04-19 08:51:06.803076,891.5393617230975,debit,0
2026-04-19 08:52:06.803076,331.3105657495827,debit,0
2026-04-19 08:53:06.803076,526.9083164592782,credit,0
2026-04-19 08:54:06.803076,781.9466804323798,credit,0
2026-04-19 08:55:06.803076,412.0780939820652,credit,0
2026-04-19 08:56:06.803076,390.49860398747944,credit,0
2026-04-19 08:57:06.803076,700.6936453825531,credit,0
2026-04-19 08:58:06.803076,148.51159383960237,credit,0
2026-04-19 08:59:06.803076,584.6534992854905,credit,0
2026-04-19 09:00:06.803076,462.3950126254001,credit,0
2026-04-19 09:01:06.803076,547.6152947013271,debit,0
2026-04-19 09:02:06.803076,418.17230525113195,debit,0
2026-04-19 09:03:06.803076,234.42867572169774,credit,0
2026-04-19 09:04:06.803076,756.50965974736,debit,0
2026-04-19 09:05:06.803076,581.5996385606966,credit,0
2026-04-19 09:06:06.803076,536.3028467201268,debit,0
2026-04-19 09:07:06.803076,560.6907248820229,debit,0
2026-04-19 09:08:06.803076,818.3896588465773,debit,0
2026-04-19 09:09:06.803076,580.126682486045,credit,0
2026-04-19 09:10:06.803076,205.03002422355848,credit,0
2026-04-19 09:11:06.803076,412.91116910394686,credit,0
2026-04-19 09:12:06.803076,543.3733907699536,debit,0
2026-04-19 09:13:06.803076,583.6830006466847,debit,0
2026-04-19 09:14:06.803076,703.611249366905,credit,0
2026-04-19 09:15:06.803076,672.450876615515,credit,0
2026-04-19 09:16:06.803076,495.1062624922426,debit,0
2026-04-19 09:17:06.803076,271.28323604811465,debit,0
2026-04-19 09:18:06.803076,500.6085371797436,credit,0
2026-04-19 09:19:06.803076,560.2721217185034,credit,0
2026-04-19 09:20:06.803076,540.0697514070905,debit,0
2026-04-19 09:21:06.803076,407.9507092383794,debit,0
2026-04-19 09:22:06.803076,428.6110791138493,debit,0
2026-04-19 09:23:06.803076,307.569289710103,debit,0
2026-04-19 09:24:06.803076,594.4724598392386,credit,0
2026-04-19 09:25:06.803076,220.76631763474762,debit,0
2026-04-19 09:26:06.803076,266.6313908218955,debit,0
2026-04-19 09:27:06.803076,150000.0,credit,1
2026-04-19 09:28:06.803076,454.3186781679974,credit,0
2026-04-19 09:29:06.803076,663.7482556377091,debit,0
2026-04-19 09:30:06.803076,518.3098394605395,credit,0
2026-04-19 09:31:06.803076,879.2788400273184,debit,0
2026-04-19 09:32:06.803076,622.307321322737,debit,0
2026-04-19 09:33:06.803076,375.59902899938913,debit,0
2026-04-19 09:34:06.803076,591.7164628978901,debit,0
2026-04-19 09:35:06.803076,441.2187180481125,credit,0
2026-04-19 09:36:06.803076,730.2109851899662,credit,0
2026-04-19 09:37:06.803076,503.1651518006484,credit,0
2026-04-19 09:38:06.803076,527.0543152278657,credit,0
2026-04-19 09:39:06.803076,100000.0,credit,1
2026-04-19 09:40:06.803076,422.3200972413703,credit,0
2026-04-19 09:41:06.803076,292.2908113591071,debit,0
2026-04-19 09:42:06.803076,150000.0,debit,1
2026-04-19 09:43:06.803076,472.04842114191473,debit,0
2026-04-19 09:44:06.803076,428.665478063369,credit,0
2026-04-19 09:45:06.803076,381.9274642316742,debit,0
2026-04-19 09:46:06.803076,358.03148855054695,credit,0
2026-04-19 09:47:06.803076,597.8943131781938,credit,0
2026-04-19 09:48:06.803076,526.482623591085,debit,0
2026-04-19 09:49:06.803076,207.8196665173071,debit,0
2026-04-19 09:50:06.803076,473.47555422220853,credit,0
2026-04-19 09:51:06.803076,742.7111398833024,credit,0
2026-04-19 09:52:06.803076,100000.0,debit,1
2026-04-19 09:53:06.803076,859.8484508186748,credit,0
2026-04-19 09:54:06.803076,384.40607269673467,debit,0
2026-04-19 09:55:06.803076,568.9514866474595,debit,0
2026-04-19 09:56:06.803076,618.7071775377349,debit,0
2026-04-19 09:57:06.803076,531.7158926868317,credit,0
2026-04-19 09:58:06.803076,413.4868991731175,credit,0
2026-04-19 09:59:06.803076,449.62963160449465,debit,0
2026-04-19 10:00:06.803076,505.35493570715977,debit,0
2026-04-19 10:01:06.803076,892.7977164274473,debit,0
2026-04-19 10:02:06.803076,530.5784256995889,credit,0
2026-04-19 10:03:06.803076,230.45787206027086,credit,0
2026-04-19 10:04:06.803076,457.7557042918543,debit,0
2026-04-19 10:05:06.803076,377.70423377220527,credit,0
2026-04-19 10:06:06.803076,510.50653601533884,credit,0
2026-04-19 10:07:06.803076,377.0566850033829,debit,0
2026-04-19 10:08:06.803076,275.8466077938816,debit,0
2026-04-19 10:09:06.803076,80000.0,debit,1
2026-04-19 10:10:06.803076,50.0,credit,0
2026-04-19 10:11:06.803076,900.9946948682589,credit,0
2026-04-19 10:12:06.803076,515.6857348136709,credit,0
2026-04-19 10:13:06.803076,792.2830506533028,debit,0
2026-04-19 10:14:06.803076,544.8181309653227,credit,0
2026-04-19 10:15:06.803076,609.8931887230885,debit,0
2026-04-19 10:16:06.803076,507.77602593728943,debit,0
2026-04-19 10:17:06.803076,385.8843664548192,debit,0
2026-04-19 10:18:06.803076,541.4371760828967,debit,0
2026-04-19 10:19:06.803076,650.5654143923554,debit,0
2026-04-19 10:20:06.803076,150000.0,debit,1
2026-04-19 10:21:06.803076,375.9547435052986,credit,0
2026-04-19 10:22:06.803076,150000.0,debit,1
2026-04-19 10:23:06.803076,475.13853350624146,credit,0
2026-04-19 10:24:06.803076,374.16959361470816,debit,0
2026-04-19 10:25:06.803076,656.6195260861527,debit,0
2026-04-19 10:26:06.803076,860.2994314427517,credit,0
2026-04-19 10:27:06.803076,565.7752725029785,credit,0
2026-04-19 10:28:06.803076,100000.0,debit,1
2026-04-19 10:29:06.803076,746.3308453360994,debit,0
2026-04-19 10:30:06.803076,468.73716309093595,credit,0
2026-04-19 10:31:06.803076,580.5149812840946,credit,0
2026-04-19 10:32:06.803076,730.868929660277,debit,0
2026-04-19 10:33:06.803076,776.1962071110498,credit,0
2026-04-19 10:34:06.803076,569.3105429791392,credit,0
2026-04-19 10:35:06.803076,507.7952745684241,credit,0
2026-04-19 10:36:06.803076,225.521381480887,credit,0
2026-04-19 10:37:06.803076,166.64966877354,debit,0
2026-04-19 10:38:06.803076,693.5626362957943,credit,0
2026-04-19 10:39:06.803076,390.8215875995392,credit,0
2026-04-19 10:40:06.803076,227.97657203208297,credit,0
2026-04-19 10:41:06.803076,648.4405571899724,credit,0
2026-04-19 10:42:06.803076,50.0,debit,0
2026-04-19 10:43:06.803076,847.0035349901098,credit,0
2026-04-19 10:44:06.803076,313.3872130758963,debit,0
2026-04-19 10:45:06.803076,675.8465888218477,credit,0
2026-04-19 10:46:06.803076,663.3299464868329,debit,0
2026-04-19 10:47:06.803076,413.74959790561047,credit,0
2026-04-19 10:48:06.803076,644.1641866778396,debit,0
2026-04-19 10:49:06.803076,559.3888770510715,debit,0
2026-04-19 10:50:06.803076,523.1695284746805,debit,0
2026-04-19 10:51:06.803076,691.7780047561931,credit,0
2026-04-19 10:52:06.803076,342.23290177135794,debit,0
2026-04-19 10:53:06.803076,684.1146506488894,debit,0
2026-04-19 10:54:06.803076,562.6922806252985,credit,0
2026-04-19 10:55:06.803076,473.1313799990105,credit,0
2026-04-19 10:56:06.803076,583.2649873558329,debit,0
2026-04-19 10:57:06.803076,344.1170153404179,credit,0
2026-04-19 10:58:06.803076,428.1332796210097,debit,0
2026-04-19 10:59:06.803076,346.46868064743995,debit,0
2026-04-19 11:00:06.803076,661.5025529917827,credit,0
2026-04-19 11:01:06.803076,874.4741149061495,credit,0
2026-04-19 11:02:06.803076,1006.955010811608,debit,0
2026-04-19 11:03:06.803076,792.2802677591512,credit,0
2026-04-19 11:04:06.803076,199.05419047625742,debit,0
2026-04-19 11:05:06.803076,567.2135973485364,credit,0
2026-04-19 11:06:06.803076,424.4646406505436,credit,0
2026-04-19 11:07:06.803076,422.0004356615899,debit,0
2026-04-19 11:08:06.803076,333.1112248426034,credit,0
2026-04-19 11:09:06.803076,681.8157974944854,credit,0
2026-04-19 11:10:06.803076,619.5906474033596,debit,0
2026-04-19 11:11:06.803076,453.1132738374955,credit,0
2026-04-19 11:12:06.803076,493.4758330862798,debit,0
2026-04-19 11:13:06.803076,982.150004564519,debit,0
2026-04-19 11:14:06.803076,384.8542641441657,credit,0
2026-04-19 11:15:06.803076,666.4438144082023,credit,0
2026-04-19 11:16:06.803076,119.6767729723548,debit,0
2026-04-19 11:17:06.803076,624.3906671321722,debit,0
2026-04-19 11:18:06.803076,583.0668642653933,credit,0
2026-04-19 11:19:06.803076,490.1691503358531,credit,0
2026-04-19 11:20:06.803076,498.9613960288978,credit,0
2026-04-19 11:21:06.803076,569.952317437979,debit,0
2026-04-19 11:22:06.803076,150000.0,debit,1
2026-04-19 11:23:06.803076,258.2016973140812,debit,0
2026-04-19 11:24:06.803076,570.7888375159092,credit,0
2026-04-19 11:25:06.803076,297.09186643152896,debit,0
2026-04-19 11:26:06.803076,451.8695659582503,debit,0
2026-04-19 11:27:06.803076,499.80996221251985,debit,0
2026-04-19 11:28:06.803076,1015.3803194062172,credit,0
2026-04-19 11:29:06.803076,442.90826646936716,credit,0
2026-04-19 11:30:06.803076,419.43508551253626,credit,0
2026-04-19 11:31:06.803076,373.36754087266416,debit,0
2026-04-19 11:32:06.803076,611.0861983076383,credit,0
2026-04-19 11:33:06.803076,647.0866478892303,debit,0
2026-04-19 11:34:06.803076,711.2850690410103,credit,0
2026-04-19 11:35:06.803076,100000.0,credit,1
2026-04-19 11:36:06.803076,340.4217751166278,credit,0
2026-04-19 11:37:06.803076,359.13988069393474,debit,0
2026-04-19 11:38:06.803076,536.193217080816,credit,0
2026-04-19 11:39:06.803076,550.1019027585266,debit,0
2026-04-19 11:40:06.803076,654.0628361408599,debit,0
2026-04-19 11:41:06.803076,823.8276335755357,debit,0
2026-04-19 11:42:06.803076,421.105728780723,credit,0
2026-04-19 11:43:06.803076,476.288705404596,credit,0
2026-04-19 11:44:06.803076,575.1782784869309,credit,0
2026-04-19 11:45:06.803076,659.331168040773,credit,0
2026-04-19 11:46:06.803076,313.20645303314825,debit,0
2026-04-19 11:47:06.803076,612.0570031380333,debit,0
2026-04-19 11:48:06.803076,673.7119780712724,debit,0
2026-04-19 11:49:06.803076,952.7133018391315,credit,0
2026-04-19 11:50:06.803076,581.0763486207647,debit,0
2026-04-19 11:51:06.803076,80000.0,debit,1
2026-04-19 11:52:06.803076,100000.0,credit,1
2026-04-19 11:53:06.803076,669.4963270420345,debit,0
2026-04-19 11:54:06.803076,528.0931155608325,credit,0
2026-04-19 11:55:06.803076,86.96110143669068,credit,0
2026-04-19 11:56:06.803076,662.5977339273107,debit,0
2026-04-19 11:57:06.803076,353.7486697277796,debit,0
2026-04-19 11:58:06.803076,393.9449769301106,credit,0
2026-04-19 11:59:06.803076,536.4382875196479,credit,0
2026-04-19 12:00:06.803076,543.64560662898,credit,0
2026-04-19 12:01:06.803076,80000.0,debit,1
2026-04-19 12:02:06.803076,150000.0,debit,1
2026-04-19 12:03:06.803076,538.5932307439344,credit,0
2026-04-19 12:04:06.803076,298.12773608479296,debit,0
2026-04-19 12:05:06.803076,197.2673632158651,debit,0
2026-04-19 12:06:06.803076,313.58170674123323,credit,0
2026-04-19 12:07:06.803076,469.4463266150411,debit,0
2026-04-19 12:08:06.803076,370.1818304606198,debit,0
2026-04-19 12:09:06.803076,407.7768733848171,credit,0
2026-04-19 12:10:06.803076,547.0378287824176,debit,0
2026-04-19 12:11:06.803076,64.42308770356692,debit,0
2026-04-19 12:12:06.803076,80000.0,credit,1
2026-04-19 12:13:06.803076,461.27805338065235,credit,0
2026-04-19 12:14:06.803076,302.3903030417788,debit,0
2026-04-19 12:15:06.803076,206.34734673787602,credit,0
2026-04-19 12:16:06.803076,103.57889418067157,debit,0
2026-04-19 12:17:06.803076,433.00130282574963,credit,0
2026-04-19 12:18:06.803076,590.5743821734375,credit,0
2026-04-19 12:19:06.803076,305.87088376465204,credit,0
2026-04-19 12:20:06.803076,401.3355965852951,credit,0
2026-04-19 12:21:06.803076,783.1771061691088,debit,0
2026-04-19 12:22:06.803076,150000.0,credit,1
2026-04-19 12:23:06.803076,457.80265021863096,credit,0
2026-04-19 12:24:06.803076,643.6375882670828,credit,0
2026-04-19 12:25:06.803076,595.021705418742,credit,0
2026-04-19 12:26:06.803076,525.5497222001819,debit,0
2026-04-19 12:27:06.803076,364.7372910153111,debit,0
